cell_line_name,864,1401,2332,2375,2907,3385,3899,4212,4261,5311,5394,6253,8269,9444,12035,13342,24360,36314,41867,44259,60750,68740,104741,104842,123631,124886,126565,126941,148124,156422,176158,176870,208908,216239,216326,387447,444795,446541,452548,457193,462382,637858,644241,657237,984170,992586,2130404,2155128,2733526,3011155,3062316,5278396,5284616,5311497,5328940,5330286,5352062,5360373,5494449,5702198,6450551,6505803,6914657,6918289,9826528,9858940,9887053,9914412,9926054,9927531,9931954,9933475,9936746,9956119,10077147,10127622,10184653,11152667,11178236,11228183,11327430,11364421,11433190,11455910,11488320,11609586,11624601,11626560,11634725,11640390,11655119,11667893,11719003,11960529,11977753,16095342,16654980,16681698,16720766,16747683,17755052,23725625,24180719,24737642,24771867,24776445,24785538,24788740,24821094,24856436,24866313,24905401,24958200,24964624,24978538,25099184,25126798,25227436,25262792,25262965,35397514,42623951,42642645,44137675,44182295,44462758,44462760,44631912,46224516,46239015,46843056,46883536,46907787,46926350,46926973,46943432,49831044,49846579,49847690,51000408,51001932,51039095,51042438,51371303,52913813,52918385,53469448,54685215,56645356,56649450,56941241,56962336,56962337,57345410,57519544,58423153,59472121,59473233,60167849,68289010,68947304,70983932,71268957,71271629,71496458,71522234,72200024,72201027,73010930,76285486,78209992,78243717,91668541,117072552,131634760,135398516,135398738,135440466,135539077,135564599,135564749,135565082,135905416,136240579
22Rv1,7.9347,3.829356,2.838054,,6.1948,2.319251,5.716303,-0.181854,1.98898,0.916487,7.826816,4.178941,-0.23122,3.194396,9.417272,-4.380991,-2.903667,-2.514524,-1.487363,-2.508431,-2.882548,4.10583,4.5708685,-5.095801,4.304672,10.409836,0.782474,0.452915,-2.8360105,6.456464,5.821028,3.997916,3.515525,3.527082,6.19979,-4.620459,,2.503751,0.35835,-4.8360415,-1.59576,,3.82448,6.354927,,2.128767,3.837528,4.019536,3.734115,6.708159,4.195243,6.457309,-4.457119,-3.398199,3.906033,2.253296,-4.915621,4.000272,,3.365607,4.471958,2.386796,-3.178948,-0.967761,1.26439,,3.173647,5.660239,2.471871,6.343533,4.093791,2.11133,3.044444,,,3.7558435,2.315159,2.044643,-3.023716,3.988066,4.460015,-1.59868,2.715572,0.806663,5.756603,3.057598,6.396458,2.501417,3.738787,3.59509,5.924913,6.457309,3.0314145,6.047578,-2.790473,,0.65188,0.982223,1.684909,3.426818,0.52463,4.807878,5.498046,5.777879,3.294236,5.385436,2.276989,3.594841,5.396495,2.454078,3.023275,2.531408,3.560067,1.452446,4.798877,3.972126,6.42261,2.656632,-0.548512,-1.453428,4.978843,4.675337,2.454539,,2.971232,1.882161,6.421108,2.241501,4.057466,3.937321,2.125442,5.058748,2.444409,-2.711437,5.036797,2.284395,3.425139,3.609637,2.403994,6.000604,0.964728,3.041718,1.205765,,3.750157,3.353132,3.57673,,6.239709,2.188577,6.426421,6.323596,3.780344,6.330037,4.158324,5.004593,4.431452,5.329897,4.858002,3.610146,6.432631,6.063018,4.433615,3.563924,3.217596,3.00622,4.299698,4.964826,6.095421,4.684004,3.401229,6.087555,5.634519,6.030494,3.873613,1.103367,6.874046,2.865471,-2.045876,5.708116,4.561358,2.522501,2.929431,3.511962
23132/87,8.037226,4.426939,1.693498,,4.495468,1.807592,4.744998,0.127252,2.206678,0.843273,6.035013,0.066272,1.2448555000000001,2.03396,10.813291,-4.846014,-2.757644,-3.88883,-2.024767,-2.691525,-2.098646,3.48802,3.5499859999999996,-4.261624,1.812735,9.711765,1.373844,-1.319464,-4.8067455,4.057259,4.447806,1.833693,4.267569,2.381937,5.569668,-5.379172,,0.080344,-0.763641,-4.581842,-1.291487,,3.344957,3.432047,,5.1839,4.026816,3.042693,2.98238,5.878962,1.796813,5.569363,-3.556827,-5.300502,3.652886,3.648817,-6.015245,1.8914315,,3.943101,4.200578,-0.110703,,3.267083,3.441952,,4.6325635,4.266621,1.658376,3.392196,4.873832,1.637452,2.182486,,,4.3507835,1.160143,0.292376,-2.738033,2.961197,2.470884,-3.021739,2.295089,,3.477793,4.42854,3.921357,4.189121,1.710709,4.282727,5.439976,4.9907,2.422002,5.233743,-2.648617,,-0.047631,0.370337,1.090067,1.446679,-0.396109,4.563244,4.39554,5.394101,4.399114,4.596216,5.148651,1.737174,5.152885,-0.255652,1.482506,1.36571,3.725395,1.136909,1.585253,1.509836,5.327455,0.997872,-0.37589,0.267656,4.322201,4.368784,1.259284,,3.538705,3.090034,5.436691,3.96023,3.926124,1.556156,1.31878,5.441654,4.860212,-3.015202,4.001448,3.635385,1.936466,2.06752,0.911718,2.324111,0.374359,1.11836,0.21142650000000002,,0.499511,4.652514,3.058891,,5.00289,1.927447,4.52474,5.507268,1.205394,5.663959,5.172711,4.680919,3.917393,3.929799,3.917656,3.038969,4.472397,5.053266,2.944406,4.765545,1.630018,2.957355,3.335852,3.395756,5.281317,3.96728,3.051693,5.461647,3.416049,3.418465,2.960018,3.464292,4.980402,2.216877,-1.857988,2.894803,4.241685,2.403294,1.985157,4.228647
42-MG-BA,7.955085,2.618158,2.776826,,5.137782,3.463196,5.821004,1.649092,2.253555,1.799903,5.555975,1.030265,5.997668,4.006807,10.552311,-4.781426,-3.40022,-3.549817,-2.5425,-6.166889,-3.504827,3.545706,4.0358255,-4.831098,3.847043,9.637241,-1.1187,-3.960462,-4.194364,4.73125,3.473491,3.377516,2.860986,1.816496,4.583216,-4.658377,,1.647446,0.465085,-4.2393095,-1.202601,,1.87801,5.016838,,2.958954,3.260933,2.461817,3.7765,5.997743,-2.232822,4.746484,-3.73106,-3.925155,2.47342,4.649498,-6.413757,0.7417825,,1.944685,1.55158,-1.561505,,-0.0717,2.744921,,4.0415265,1.734766,2.200535,5.349092,4.393892,0.300916,2.328253,,,4.48812,1.517286,-1.032136,-5.080639,3.021291,1.684818,-0.412021,5.516725,,4.214894,3.436051,5.32148,2.513164,2.889308,4.793861,4.267126,2.711837,3.140545,5.481221,-3.281709,,0.508464,-0.242138,-0.105221,1.926192,0.275484,3.852608,4.572764,5.173166,1.833604,4.625376,2.029656,1.913754,4.084772,2.263242,2.951738,2.99696,2.142996,1.485112,3.038536,1.070579,3.987284,1.405879,0.592981,-1.16948,5.266658,4.788091,-0.978961,,3.592587,2.296855,4.5473,3.199443,1.498575,2.363392,1.29248,5.040718,2.227085,-3.422577,3.550961,3.275587,2.003005,2.768106,1.598948,4.136949,0.863184,0.821059,1.6851530000000001,,1.914032,5.830535,2.507012,,4.671017,2.953236,4.764526,5.339512,0.559988,5.115295,4.56188,5.140044,4.36013,2.531593,4.755769,1.895836,5.238889,5.405974,2.8932575,3.184746,1.475281,1.795046,3.840446,3.36137,3.688399,5.087233,2.921961,5.439132,3.994578,4.286534,5.368408,3.473338,5.697072,1.658658,-2.761736,2.916444,4.159499,1.733188,2.466108,2.963339
5637,7.301368,4.346405,4.421421,,5.252328,3.119386,4.443165,1.128244,0.98483,1.404695,5.799831,2.335773,6.556551499999999,3.783443,9.302054,,-2.632632,-4.480454,-1.489255,-2.862281,-1.726925,4.013871,3.4051135,-4.650655,1.754416,9.209746,-0.713313,-3.720519,-5.548399,5.193078,4.866084,0.672353,1.960754,2.871989,5.148145,-5.055511,,0.926993,0.073584,-4.3185104999999995,-1.413495,,3.87551,4.459054,,3.85404,3.387536,3.310463,3.996797,6.086342,-1.828268,4.696438,-0.618041,-5.24952,1.613805,4.245894,-5.55732,0.8099700000000001,,1.9642,2.419557,-0.721887,,1.818849,1.27801,,4.5723905,0.97554,4.430471,4.931694,3.437903,2.675329,2.801274,,,3.8904545,-0.073415,0.38569,-3.769485,2.576865,2.714516,-2.895781,5.081946,,1.498725,4.012069,5.726107,2.78523,2.738433,4.179128,5.800469,5.809391,2.779534,5.357207,-1.309464,,0.401878,0.092823,0.220447,3.178478,1.437015,3.835821,4.081266,5.14186,0.007635,5.651374,1.667302,4.899211,3.890014,-0.402188,2.164492,5.314052,4.322609,4.183238,2.541281,2.098873,5.705822,3.490831,1.710977,0.407935,4.31485,5.137715,0.408029,,2.080645,3.384018,4.67219,4.143178,5.116244,3.668388,4.566365,5.701019,1.757379,-1.892309,3.964939,4.122602,2.731526,2.109072,2.295645,3.83379,1.752828,2.203506,4.3470725,,3.703789,3.93613,3.11178,,4.442716,3.427804,4.291355,5.598104,2.055566,6.072878,4.250665,5.681706,4.611853,3.914774,5.43485,1.865427,4.831731,5.809391,4.0426445,3.698208,0.457485,2.836453,4.364147,4.333638,5.38676,4.83577,1.011189,5.586903,5.60431,2.975912,5.80603,4.39065,4.543429,1.762073,-2.198182,3.349613,5.451396,2.193226,2.265386,2.897329
639-V,7.681649,3.676864,2.242791,,4.893718,4.575843,5.461098,0.186802,4.309902,2.735366,5.627864,2.729065,5.5869615,1.774117,10.320996,-3.983057,-5.143633,-3.964822,-2.402952,-1.342401,-4.141242,3.138518,3.647804,-6.692396,2.553293,8.754803,0.228753,-1.679093,-4.662078,5.410887,5.016026,2.378481,4.367976,2.119535,5.412821,-5.206666,,0.76681,-0.438112,-4.7221185,-1.383737,,3.490644,5.81543,,4.711023,2.38018,1.438155,3.122587,5.787617,1.392875,4.361941,-2.02993,-3.136173,3.00351,3.949651,-4.954502,1.3914935,,0.855238,2.533102,-1.38509,,1.250229,2.682701,,3.2469055000000004,3.214397,2.203901,3.93157,4.73187,1.707566,3.1046,,,4.449772,1.555437,0.527648,-5.486501,4.427418,3.074047,-2.370113,4.819231,,4.237677,4.129537,5.150184,3.534827,3.725207,4.594619,5.359189,5.430994,2.5944735,5.004005,-0.716452,,0.85425,-0.206895,-1.134724,2.060577,1.527161,3.244182,5.7036,3.650304,1.436624,4.984862,2.996165,3.484927,5.045181,1.00988,3.097666,5.431731,4.785147,3.745272,1.732397,1.979051,4.652243,3.13859,2.008383,1.624626,3.938243,5.161241,0.401555,,3.175436,3.94169,5.370342,3.82265,4.692678,4.323127,4.197759,5.463977,1.731205,-3.038609,3.36237,2.865551,1.718156,2.771885,3.651339,4.682732,2.765506,1.422979,4.386489,,2.700038,4.40473,2.613382,,3.951039,4.201904,5.006405,4.420637,2.254046,4.429064,4.603364,5.34618,4.168042,3.881269,4.254017,2.614344,4.606855,5.432087,3.469244,3.013947,2.029234,2.533806,4.88836,4.226636,4.864835,5.394741,3.336708,5.057435,3.488462,,4.963306,4.287964,5.101932,1.836304,-3.863355,4.728374,4.681511,0.717104,2.633427,3.066152
647-V,7.565619,4.045189,3.131896,,5.377648,5.702251,5.570321,0.894701,2.908905,1.868571,4.417831,1.006685,4.0849205,3.406144,9.715191,-1.944054,-4.578058,-1.860671,-1.882265,-2.470331,-3.54614,3.946829,4.051557,-6.684955,3.356049,8.56664,-0.164884,1.316554,-4.2305364999999995,4.660501,4.981872,2.286417,4.507245,2.896129,5.341492,-5.475853,,0.696533,-0.259766,-3.975535,-1.786645,,3.797796,6.018839,,1.700047,3.351909,2.885361,3.831662,5.779222,0.989231,4.113847,-1.577552,-1.850024,3.518062,5.053113,-5.123344,3.105947,,1.192555,2.809412,0.106329,,0.656788,2.278585,,4.8878125,1.839449,3.368249,4.441135,4.223976,1.902483,3.48637,,,3.8925145,1.500134,-0.097641,-5.753323,3.445049,3.004829,-1.863012,5.2131,,3.852761,4.155823,5.356468,3.591252,3.85373,4.171367,5.730823,5.408794,3.1180725000000002,4.860498,-1.132514,,1.12184,-0.777336,-1.66252,2.82255,1.038331,2.347827,5.34182,5.298359,3.199095,4.000401,3.586233,4.664513,5.227779,0.388327,3.173957,2.972124,2.242386,3.605913,2.317709,3.500396,5.118749,3.431427,2.264769,0.429331,4.567032,5.05465,1.545855,,3.264683,4.798537,5.383454,3.799356,4.441455,4.311707,4.492327,4.897134,2.262157,-2.356055,4.373359,3.934677,4.688544,1.438556,-3.119298,5.006636,2.343106,2.025764,4.0493865,,2.665761,5.576162,3.597174,,5.006138,5.041613,5.319379,5.083887,1.124842,4.707851,5.37041,4.807836,4.916377,3.988993,4.198399,1.178892,5.218351,5.408794,3.12631,5.295266,2.066439,2.751591,4.656649,4.869554,4.986318,5.005182,2.159125,5.08612,4.717389,4.875496,5.375128,3.810426,5.114417,2.880907,-1.539604,3.592418,5.639292,-1.242465,1.910122,4.629807
697,6.801809,1.191439,-1.109347,,3.461575,2.253146,3.459042,-3.602032,-0.126053,-0.143136,5.589465,-5.323583,4.3183115,-0.175428,9.601365,-6.318249,-5.013617,-5.989172,-5.152843,-5.549282,-5.7594,2.321336,2.3636385,-6.193435,2.33468,8.465373,-3.544409,-3.933157,-6.616783,4.308261,3.617942,0.91087,1.689696,1.296923,3.204454,-5.432554,,-0.873356,-2.87905,-6.789134499999999,-1.171443,,1.293136,0.197183,,3.104053,3.374988,2.004506,2.700673,1.858911,-0.098677,2.55442,-4.278501,-6.196658,-0.786212,-1.542445,-6.471407,1.5325365,,-0.05163,0.129629,-0.032257,,-1.169956,0.891089,,0.980184,-0.75757,1.917892,3.568614,0.435462,1.366621,-0.692811,,,3.4721064999999998,0.312925,-2.155845,-5.726505,-2.456455,1.242211,-4.047378,0.280113,,4.019952,2.294385,4.237069,0.209335,1.80702,2.33791,4.506641,4.202334,1.6200405,2.922269,-4.083075,,-0.375116,-1.379661,-1.358859,-0.082132,-0.873334,0.636972,2.139685,3.583794,-3.406659,2.764677,-0.905276,1.535471,3.224858,-1.832224,1.838376,1.920769,-0.527836,-0.036437,-1.78198,-0.799475,4.166609,0.985488,-0.248352,-2.235896,4.526662,3.378832,-1.665735,,2.683965,1.29768,0.776233,0.345288,1.452553,0.011046,1.872015,3.711231,-1.606618,-3.817627,3.473718,0.28855,2.864338,-3.804957,,0.987106,0.649194,0.488704,1.343451,,1.780009,1.171766,1.32395,,3.866788,2.042395,4.096621,4.131868,1.201037,3.430286,2.59537,4.219331,1.299952,1.389597,3.226877,1.367667,2.491389,2.232065,2.339385,1.500417,0.408308,1.164069,2.138101,2.871074,3.550221,3.329319,2.137025,4.497324,2.038658,2.462393,-2.992027,1.555445,4.840544,0.98692,-4.602969,1.229322,3.219585,-4.127557,1.157417,0.335557
769-P,7.929832,3.351918,1.831486,,5.10117,3.133819,5.457713,1.069068,3.237107,1.184307,7.0684,0.612254,5.879238000000001,2.775514,10.64064,-4.024655,-2.41393,-3.057746,-1.642443,-5.21414,-2.512251,3.942122,3.789692,-2.593107,1.487207,8.603353,-0.243916,-3.227491,-3.0345825,5.740832,5.094126,1.626268,1.117983,2.299429,5.654397,-4.632313,,1.790121,1.296923,-3.864752,-1.33804,,1.442368,3.678804,,4.566824,2.869966,2.498769,4.184594,6.366543,-0.765923,5.807983,-1.61139,-2.084607,1.137131,1.509754,-3.713487,3.0404785,,2.596696,3.161569,-0.929426,-3.264017,0.901319,1.125609,,3.103368,4.205735,3.248489,4.708912,3.998219,1.640987,0.583867,,,3.533653,0.104253,-1.19278,-5.690131,1.709932,3.318129,-2.116304,1.93412,0.085068,1.695517,2.906693,4.820808,1.614933,2.895625,4.670463,4.712164,5.789979,2.7842195,5.121626,-3.35122,,1.295278,-0.265965,1.731562,1.613319,1.159255,3.749583,4.314026,5.262801,2.116533,4.589791,2.497315,4.875985,2.074448,-0.971826,3.001863,2.205017,3.551477,3.85185,0.766236,1.893577,4.828751,4.053182,2.197407,-1.397966,4.017773,5.518831,1.897238,,1.196039,3.702568,3.65445,2.610472,4.36044,1.69939,4.492419,4.313765,-0.487232,-2.711577,4.17531,2.204596,3.590759,3.396843,5.474995,2.022857,2.392046,3.461476,3.5885935,,3.335645,4.062763,3.711677,,5.791953,3.82919,5.693778,5.675612,1.972567,4.511488,4.176436,5.70308,1.990053,4.346846,5.527526,3.502314,4.722194,5.255475,3.0639965,4.088477,1.07843,2.567776,4.095476,3.994518,5.672374,3.585232,0.756215,5.464557,4.62846,3.932711,5.807983,2.090623,5.206878,2.978984,-1.49421,3.66017,4.752069,2.305485,1.406308,3.228212
8-MG-BA,7.553693,4.245823,3.073044,,4.826757,3.416356,4.499138,0.029048,2.331206,1.334871,4.713828,-0.454249,4.8121025,2.379621,9.806586,-5.070939,-4.256286,-5.063984,-3.001429,-4.157681,-3.697049,3.068624,3.502432,-4.91822,2.612142,8.190504,0.044193,1.090403,-4.551191,3.936315,5.128045,2.578097,1.97804,1.726471,4.72116,-5.58913,,0.033622,-0.873244,-5.560905999999999,-1.353387,,2.62071,5.531169,,2.428014,3.452291,1.510514,2.740251,6.19526,-1.182148,4.591636,-2.849169,-3.210359,2.536996,3.435699,-6.056933,1.8302399999999999,,2.02465,3.944335,-0.832661,,0.850808,2.683619,,4.105143,1.86026,2.394525,4.247292,3.693608,1.891675,0.585953,,,4.2958490000000005,1.639982,-1.557737,-5.746419,2.98245,3.9395,-1.222672,4.758253,,3.629925,4.251342,4.362247,2.614595,2.691456,3.760783,4.428182,5.176732,2.754985,4.342073,-3.063759,,0.01014,-0.924328,-1.144505,2.038495,0.801835,3.025858,2.996958,4.018819,1.991484,4.606232,2.757459,2.892493,4.820445,-0.448218,2.167945,2.181099,1.880472,2.387787,2.979509,1.260308,5.154835,2.027673,1.070979,-0.64173,4.610856,3.948457,0.288015,,3.648862,2.451872,4.128075,3.467632,3.12439,3.880944,2.135424,5.280247,0.337651,-3.022246,4.839843,1.828659,3.233614,1.934227,1.044497,2.833855,1.370691,2.755416,2.2885605,,2.643872,2.951257,2.249694,,4.949504,2.869659,3.369592,4.69464,1.562485,4.592417,3.046546,4.497924,2.817426,2.238716,3.79791,1.397797,5.11885,5.176732,1.9042195,3.115144,2.368088,2.481969,2.116475,4.22659,4.233509,5.176732,2.866676,4.278667,3.781208,3.905755,-0.360493,4.524764,6.110597,1.509149,-3.646217,4.082194,3.9137,-0.205122,1.541419,2.499908
8305C,8.91231,3.405802,5.230278,,4.940636,6.848184,4.82427,2.023069,4.103691,1.99282,7.363863,4.405749,6.7834579999999995,4.667104,10.695319,-3.77503,-0.787288,-0.818855,-0.324765,-2.807274,2.133109,3.772417,4.803352,-2.07429,4.303018,9.12901,0.956443,1.049548,-3.62573,6.482816,6.201097,3.686632,3.721967,3.776909,6.348272,-5.404219,,3.076265,1.773293,-2.4830799999999997,-1.885731,,3.805799,5.560707,,2.892872,2.855522,3.876199,4.323361,6.876056,-0.579061,5.158804,-0.575025,-3.507361,4.335016,2.811578,-5.985901,5.139106,,5.219799,4.136126,1.338961,-4.011306,0.963329,0.893976,,6.845301,2.690123,3.147543,5.844879,4.479608,2.084367,1.124634,,,2.5434419999999998,2.070191,0.187131,-3.986696,2.016028,3.191876,0.712505,5.78439,2.679606,5.965096,4.751302,6.41648,2.975816,3.12956,3.912305,5.576369,6.485311,3.7855524999999997,6.450703,-0.794451,,0.74613,0.680834,4.701099,3.093197,0.095221,4.700616,3.063112,5.761665,4.144095,5.078038,2.959764,3.545213,6.48452,2.01203,2.238859,3.547134,6.191362,2.618379,2.659283,3.492313,5.692743,3.809366,1.560438,1.409342,5.100769,6.486939,1.234164,,2.137924,2.806244,1.799713,3.852874,5.797727,4.067681,5.346482,5.721104,3.734733,-1.753939,6.467493,3.099846,6.19521,2.436119,4.580287,3.560368,0.791599,3.909837,5.666065,,1.749224,3.475391,3.532442,,5.798518,3.723273,5.397332,6.138656,2.335286,6.926624,5.460593,6.050339,4.754215,2.507024,5.195729,3.415961,4.521513,6.550455,4.591769,4.206972,2.657986,3.938096,3.600116,5.541405,5.004965,5.487765,3.896362,6.067434,4.087751,5.04932,6.531387,0.989349,6.388495,1.345029,-1.120078,5.151084,4.578675,5.911422,4.698046,4.478687
8505C,8.849879,4.042715,3.649785,,5.080093,6.407865,5.275444,1.048908,1.839177,1.969355,6.54309,4.723398,7.2856685,3.714827,11.513457,-0.987869,-2.844189,-0.638701,-1.577003,-2.911829,-1.29445,4.679236,4.8516795,-3.86701,4.622471,10.454859,-0.71716,-2.861639,-1.502419,6.26506,6.048785,3.58812,5.072604,3.455332,5.385828,-5.183226,,2.188816,0.1619,-3.2620865,-1.643611,,4.50379,6.797504,,1.79051,3.860191,3.621788,3.416119,7.051632,1.129743,6.358485,-0.046267,-2.348406,3.112759,5.409648,-5.240174,3.5725585,,5.047866,3.755589,0.20646,,3.528415,0.54238,,6.4751665,2.747236,3.773716,5.391871,5.332521,2.845622,1.002304,,,2.926987,1.931644,1.263641,-5.206996,3.411956,4.504176,1.512851,5.655029,,6.180679,5.934711,5.757974,3.216747,2.617786,5.333529,6.358485,6.302413,2.4625145,6.234137,0.617849,,1.486821,-1.173398,0.541078,3.316955,3.211825,4.115962,4.60711,6.139501,3.744096,6.347107,4.77788,5.031865,6.350114,1.790668,1.474559,6.358485,4.001367,4.333283,2.117203,3.873872,5.686786,4.558149,2.843286,1.136502,6.242894,4.832426,1.334403,,1.817071,3.542534,2.949205,4.732887,5.454183,3.8015,5.154512,5.449666,1.470539,-2.316543,4.908822,1.863987,6.286471,2.109801,1.352983,6.240781,4.954327,2.336027,5.0148019999999995,,5.512001,3.111503,3.526251,,4.080137,5.997903,6.221652,6.595967,2.525435,6.697473,4.367748,5.893877,2.947015,3.274065,4.081247,2.081602,5.271894,6.339346,3.9331379999999996,3.951168,2.853857,1.46821,4.000387,2.818806,4.656517,5.109404,3.544132,4.939873,4.353267,4.460367,5.926184,4.641899,7.050618,3.379882,-2.764953,5.572561,3.68712,4.147609,2.272061,5.877274
A-204,9.005868,1.522842,3.642175,,5.942743,4.596301,5.070407,0.256174,4.378215,2.465023,7.270206,0.887953,0.20464500000000002,3.957996,10.430587,-2.365628,-2.311775,-1.485738,-2.345302,-3.139493,-1.858801,4.360073,4.244357,-4.346565,4.263749,10.171765,-0.257131,-1.788407,-0.571768,4.328377,5.930359,2.803673,4.828366,1.389485,6.232002,-4.852077,,1.644995,0.680192,-3.892272,-1.398175,,1.619091,4.609485,,4.319261,3.56416,2.955807,3.92808,6.929813,0.31461,5.041894,-2.690775,-1.924484,2.744712,3.08189,-3.138563,2.44286,,4.008373,-0.790802,-0.181126,,-0.058693,2.099968,,3.431886,3.757928,3.172366,5.908385,3.951375,-0.593605,5.971085,,,4.872514499999999,1.793629,-0.256146,-4.756769,2.981811,3.48494,0.002405,2.903448,,4.298975,3.667673,4.362844,3.880415,3.437573,4.303533,4.815802,2.91919,2.988593,6.229959,-0.822526,,0.871423,1.702117,0.922299,2.755746,1.300338,4.631759,5.25169,6.236665,2.784167,6.143619,3.292366,4.052181,5.791698,1.947129,3.053068,4.196059,4.896209,3.104272,2.552808,2.434814,4.439571,2.662936,2.341564,-0.608736,3.327475,6.040475,-0.697841,,2.332804,6.011149,3.277894,2.544146,3.541987,2.924276,4.558265,5.135819,2.207447,-0.568939,3.886761,4.529279,3.621944,1.828111,-5.453459,4.324633,1.454409,0.21753,3.2031325,,2.391977,3.492289,1.68527,,4.85581,4.526716,5.977159,6.14929,2.638345,6.694279,4.768315,5.60629,4.766581,5.476605,4.711083,1.492248,4.342625,5.82231,3.6795935,3.635664,1.397469,3.329526,5.492916,4.578683,5.018136,5.939954,4.127072,6.173272,4.337511,6.028447,4.674811,3.04859,5.190785,2.779673,-1.607126,4.518131,6.222086,3.186941,2.526044,4.038155
A-253,7.594391,5.238105,4.904538,,5.218011,5.223441,5.48297,-0.589101,3.406574,2.067251,6.327392,2.176785,0.9844945,2.886208,8.960504,-2.846099,-2.973233,-2.852335,-0.191017,-1.542637,-2.619193,3.598307,3.6084615,-4.843278,2.116143,9.248555,1.428504,0.333574,-1.7244449999999998,4.462468,4.483381,2.525065,2.070026,2.400745,5.301548,-5.072748,,0.759041,-0.605474,-3.713368,-1.653242,,3.178165,5.177747,,3.516928,2.559319,2.654391,3.912998,5.99093,1.655737,4.846354,-2.357732,-2.047848,3.330181,5.331605,-5.49428,1.4435215000000001,,1.755632,3.048956,-0.974969,,0.514586,1.514577,,4.045054,2.208648,3.841947,4.524641,3.548104,3.316727,3.66422,,,4.101430499999999,1.414124,1.807368,-3.410611,3.087696,3.41409,0.383966,5.078255,,2.564471,3.521237,3.871446,3.488247,2.735003,5.094788,4.246967,5.239244,4.2210515,5.183221,0.161592,,2.323938,-0.314245,-0.253725,2.454696,3.29521,4.698865,4.871135,4.910901,2.214552,4.217834,3.659134,3.417595,3.71899,2.423551,3.986038,4.802202,3.437237,3.506662,2.058576,3.349871,5.211122,3.350918,2.874071,0.448148,3.892141,5.089603,1.903933,,1.891749,3.936007,5.143121,3.694117,3.54649,4.151765,2.49166,4.522085,3.763022,-3.280713,4.115873,4.233402,4.929052,2.792425,2.733928,4.171632,2.392767,2.774753,1.9581415,,4.700481,5.981913,3.178966,,4.704016,4.72185,5.211723,5.607814,1.112067,4.713048,4.468607,5.288662,1.444348,4.498656,4.363076,2.382876,5.145921,5.046888,3.47682,4.178091,2.011161,2.507602,4.132096,4.180744,5.120419,4.602423,3.204012,4.427551,4.287466,5.293012,3.77831,2.756501,5.695409,3.119886,-2.779451,4.044655,4.492032,4.455999,2.386959,5.097205
A-375,8.333717,4.058313,3.374053,4.702448,5.643428,4.06664,4.939563,-1.458618,1.809671,1.185457,6.666022,-0.69401,6.3386315,1.316581,9.961066,-4.906441,-4.323503,-4.268424,-2.284581,-2.294129,-4.772212,4.682387,4.405884,-5.592744,4.281669,9.540415,-0.670489,-0.244403,-5.3659870000000005,4.559062,4.956084,3.599079,3.613874,2.011492,6.438052,-5.345685,5.613051,0.277609,-1.663607,-5.109167,-1.641472,1.263317,2.648452,4.186851,2.243818,1.951276,2.852072,3.855324,3.788869,7.257837,3.421919,5.989677,-0.631378,-3.601329,2.91801,2.905,-5.722754,1.3169875,0.698988,2.504212,2.851654,-1.275628,,1.833456,-3.73231,2.376812,3.6371695,2.181048,2.653131,4.672873,3.598918,2.114195,2.050593,2.904603,1.919841,-0.4539245,1.766086,0.200094,-6.230063,2.651864,2.992606,-3.143218,1.824601,-0.750294,5.10525,4.085802,5.036362,2.111206,0.3295,3.25045,4.860286,7.09374,0.3052285,5.788955,-2.54525,2.622191,0.900362,-0.838989,-0.972767,0.942523,1.189784,3.740681,-0.115581,5.479129,1.234582,5.178107,1.396359,4.240686,4.809428,0.222385,-0.905645,4.521778,3.080044,4.187871,2.391158,1.405322,6.002386,3.738912,1.244615,-0.30882,4.073102,5.743959,0.456616,4.304646,-1.768359,2.344091,-3.457455,4.483497,4.331825,3.921372,5.565389,4.290592,2.582112,-4.069755,4.925861,2.951888,3.73341,2.194757,2.897234,3.581187,2.628699,3.662229,3.3610895000000003,3.495792,3.82244,2.757736,3.742816,3.612035,4.79744,4.212892,5.823675,5.314478,2.551735,6.705955,3.930053,6.017999,2.856815,3.397063,4.516266,3.527843,5.810246,6.679898,3.8649865,4.103848,2.205923,2.402427,3.290812,3.641645,4.431436,4.65199,2.952809,6.275373,4.796402,4.022337,5.195716,2.159674,6.436601,1.02313,-3.962124,0.651523,4.693985,1.161277,2.049665,3.146757
A-673,7.559397,5.064696,-0.152961,,4.260496,4.315668,4.335139,-1.418118,2.168937,1.269683,5.769864,-1.420687,2.872318,2.165547,7.065316,-6.012266,-4.869455,-5.230565,-2.38209,-2.513714,-4.431597,3.30826,3.2674285,-6.880544,3.56793,9.147857,-0.985482,-2.331581,-6.066202499999999,4.229622,4.877061,2.536294,4.972644,2.526963,4.998659,-5.232455,,0.047303,-1.747977,-4.778848,-1.530673,,3.595667,4.435834,,1.063971,2.235037,2.721679,3.380743,5.355873,3.494589,4.473137,-3.979881,-4.670889,3.087318,2.219813,-5.819317,2.5579015,,-0.007561,1.18088,0.939067,-6.318847,0.091799,2.116752,,3.9018595,0.376164,2.769795,4.04636,3.121324,1.612537,1.75344,,,4.267793,2.217193,-0.483209,-6.063325,-0.082061,3.226673,-3.68914,4.984548,-0.578177,4.886757,1.421923,5.229245,1.019571,2.697358,2.513399,5.18206,5.229245,1.5123594999999999,4.702161,-2.775327,,0.441914,0.007256,-1.826913,0.541857,0.977387,1.782152,3.600756,4.986381,0.478267,4.389275,0.074245,3.50266,4.62237,1.075628,3.809975,3.019649,1.240058,3.296323,1.090533,1.344168,5.173767,3.036818,1.129914,-1.244735,3.158523,5.208131,-0.510787,,3.12301,2.539545,3.43161,3.108782,4.057312,2.879347,3.851243,4.372803,2.690581,-3.561895,3.640884,3.040702,2.869372,1.723062,1.678772,2.528478,1.782493,0.932689,3.4283365000000003,,3.210317,3.634479,3.378501,,4.139123,2.728421,4.954337,4.487801,1.717982,5.520718,4.03426,5.069101,2.291843,3.339431,4.832385,2.709134,5.127003,5.229245,3.6922235,4.500832,1.372555,2.126238,3.540726,3.873572,4.920021,3.854908,2.48161,5.101201,4.051924,2.434773,3.957209,0.872339,5.84142,0.822819,-3.452755,3.197965,4.306138,-1.38758,1.140562,3.932182
A-704,7.876426,1.132236,3.90357,,5.492967,5.821449,3.691874,3.892369,2.796034,2.121836,6.383555,3.202695,5.7853485,4.331387,9.832819,-2.641535,-1.570045,-1.69998,1.730079,-4.238072,1.641747,4.234781,4.1392995,-3.132447,3.641,8.488142,1.017701,1.46324,-0.6266824999999999,3.33105,3.691637,2.294993,2.251386,1.908121,5.760082,-6.651587,,2.099655,4.16636,-2.242753,-1.746989,,1.547752,4.50763,,5.74118,3.853052,1.723743,4.040397,6.534393,-1.799428,3.706804,-1.914876,0.900392,1.58357,3.003746,-4.061067,4.260294,,5.12893,2.751914,1.612875,,2.054929,1.835634,,5.504191,4.128708,2.615947,3.931041,4.052305,0.42694,2.574212,,,4.240239,1.49982,-0.227935,-1.680369,0.165227,1.552073,1.711013,4.256261,,3.308441,4.504865,5.680692,2.484425,3.054094,3.952319,5.058132,5.640896,4.5273135,5.36843,-0.758395,,1.143519,-0.914008,1.577113,1.520762,1.289221,4.188574,3.808848,3.727741,1.099398,4.537994,1.630938,4.045843,4.51156,1.627989,3.709021,3.544451,3.726437,2.132936,0.069265,0.243615,3.898408,3.5355,2.56016,1.559899,4.376792,5.084227,0.283204,,1.765538,2.959991,4.366163,4.234781,3.632573,2.093173,3.333647,4.59879,1.198719,-3.123281,3.433378,3.049894,0.522021,2.432344,5.34135,4.450835,2.389065,0.895095,2.8012835000000003,,1.475552,3.007862,3.894828,,5.513818,3.086091,5.744021,5.260783,1.368728,5.165158,5.351721,5.012394,2.425951,2.30556,5.413213,3.286366,3.31902,5.498866,3.5827025,4.628203,1.938161,2.050846,2.563516,3.668595,3.863349,4.75004,2.688567,4.994143,3.799237,5.844219,4.694434,3.099583,6.374663,0.9199,-1.182692,4.645542,4.493342,2.479347,1.433442,3.704946
A101D,8.378719,4.905338,3.633596,,5.76794,3.944557,5.014176,1.072383,1.364394,1.599771,5.952598,0.5614,7.069096999999999,1.200924,10.28249,-3.939549,-2.763078,-3.841092,-2.172101,-2.981195,-4.424353,4.105879,4.5631965,-4.379294,3.778574,8.805431,-0.8964,1.86684,-4.3828664999999996,5.840704,4.367579,1.965788,2.222989,2.584912,5.823627,-6.880802,,0.335591,0.288704,-4.5428115,-2.989266,,2.912951,4.884461,,2.589044,4.169044,3.133932,2.529539,6.555465,1.831502,3.690043,-4.471475,-4.439778,3.210083,3.282839,-6.282112,2.3117605,,1.374231,4.653938,0.500153,,-0.717037,-1.737012,,5.0388945,1.292426,4.968742,4.779852,4.77163,2.155048,1.346364,,,1.0106804999999999,1.565806,0.303283,-6.246198,0.477799,2.399606,-1.995002,2.312072,,5.548537,3.492971,5.669481,2.455029,1.063054,5.214114,6.166171,5.859537,1.4410370000000001,4.819349,-3.342605,,0.297292,-1.036454,-0.276425,1.297495,0.584681,4.368399,1.355703,2.602863,1.286199,5.345572,2.679287,3.805696,6.298564,-0.07723,0.73255,3.013078,5.426626,3.003222,1.517331,1.86581,5.318219,1.812708,0.63514,-1.267503,5.177244,4.68476,0.443913,,-0.189526,3.939251,-1.028953,3.751274,4.570392,3.028947,3.762602,4.064207,0.891084,-3.296612,4.89673,2.429369,3.201594,1.504579,-4.850085,4.88318,1.457442,2.763516,1.9534415,,1.910417,3.361811,2.515173,,5.516884,4.158038,5.765137,4.616495,2.171144,5.590162,5.349444,4.756842,4.966992,3.067414,5.069106,2.501995,3.488545,4.948081,2.4801824999999997,3.231121,3.329449,3.58909,2.080867,4.186963,5.970189,5.46379,2.984418,5.912037,4.011865,5.275393,4.139463,2.268147,6.52666,3.229778,-1.95957,0.893641,5.251453,2.847062,1.30329,2.253843
A2058,7.345537,5.471615,3.123133,,4.329054,4.768045,5.720208,-0.142492,1.615941,1.285967,6.601851,0.195562,5.244607,1.957708,9.331608,-5.489128,-2.976197,-5.579606,-2.847399,-2.019278,-1.902925,3.148238,3.7770215,-4.599217,3.51504,8.164778,2.044104,1.389861,-6.5161014999999995,5.160059,5.034091,2.078517,1.990818,2.337496,5.166133,-5.759859,,0.931518,-1.217675,-4.804892,-1.203004,,3.553019,4.896207,,2.223141,4.122337,2.348872,1.855041,5.862251,3.34216,4.934655,-2.251876,-5.344259,2.911919,4.321692,-5.917583,3.7556445000000003,,2.792579,3.07891,1.122619,,2.545176,0.023789,,4.9854769999999995,4.542254,3.281158,4.478724,3.508606,1.775391,1.329401,,,2.6667095,2.285175,-0.309917,-5.534675,2.890523,5.02185,-2.014825,5.102993,,4.442224,3.211002,5.033257,2.343396,2.707854,4.33791,4.969861,5.169504,1.699881,3.639331,-3.234416,,0.476738,-1.117847,-1.00434,1.613262,1.084516,3.173924,3.366094,4.993023,1.268747,4.135578,4.04811,2.622595,5.037508,0.117479,1.281447,4.424096,2.893996,2.81373,2.498864,1.645328,5.102136,1.728091,0.932851,-1.242283,4.580238,3.783697,0.56635,,2.754823,3.012394,4.33728,3.547183,3.670434,4.430795,2.698244,4.629746,4.093448,-2.925513,5.089551,2.916958,4.444572,1.43761,0.013421,4.715442,2.208576,2.466986,2.1905995000000003,,2.815432,3.236481,2.922414,,3.74252,4.697456,5.013238,4.847664,1.552107,4.88044,3.835466,4.910905,3.720916,3.501233,4.634028,1.460335,4.145631,5.169676,2.278431,3.881908,1.584946,1.788772,1.937109,3.106872,3.905837,4.346307,2.239638,4.412137,3.965689,5.165346,2.092982,5.007785,5.852413,2.496444,-4.092789,3.308087,3.611134,-0.995767,1.196638,3.721557
A2780,7.697722,0.216388,3.528058,,5.573946,2.115338,4.955521,-3.222513,1.218079,1.419005,5.956585,-1.382048,2.100187,2.158305,9.586538,-6.061653,-3.397924,-4.371508,-3.295295,-2.761948,-4.045816,2.309538,2.710871,-4.778956,1.923138,9.289986,-1.995177,,-4.8324180000000005,4.797386,5.510154,2.317819,2.31173,0.831277,4.7433,-5.169885,,-0.335048,-2.760936,-5.732598,-2.076112,,1.170189,3.18264,,1.622956,3.568837,3.000389,3.1707,5.269958,3.176666,4.061819,-2.417019,-5.10182,2.144665,0.739767,-5.746447,-2.145314,,1.734425,1.845363,-2.825894,-6.546715,-3.016578,-0.319874,,1.4101249999999999,1.660008,2.317987,5.55345,2.038849,0.400199,-0.331056,,,1.5302495,0.1547,-0.037357,-4.651388,4.843321,2.686994,-4.121778,1.224749,-0.979987,3.464804,2.206665,4.836191,0.910586,1.789066,3.307992,4.457357,5.573946,0.192959,4.244001,-3.482511,,-0.446194,-0.261378,0.814677,1.009918,-0.930855,2.990687,3.792039,4.07912,-1.680048,4.17068,0.737846,1.530109,3.795734,-0.28343,-0.013334,3.868127,1.059943,0.364411,2.794094,0.838907,5.360477,1.025466,-0.94268,-2.655976,3.621782,4.183932,-0.696703,,-0.725388,1.813495,4.009128,1.832351,2.9767,2.486658,-0.012639,4.628243,-0.446113,-3.610819,3.543912,1.861453,0.675424,2.59473,1.289658,3.924558,-1.923335,-0.842293,0.42322550000000003,,1.221196,2.450594,1.822424,,5.194924,0.103421,5.571671,5.358402,1.506756,5.865427,3.613929,3.63487,1.164753,2.038767,3.213235,2.962725,4.084367,5.039086,3.923744,4.398589,0.412408,2.952361,2.339641,4.781374,4.162422,4.192952,3.388132,5.211118,3.33099,5.046355,1.585836,0.360063,5.544159,1.390549,-4.205099,2.836289,4.100098,0.635535,1.459498,1.386688
A549,8.325817,4.372899,0.41107,,5.842663,2.22749,5.444719,-2.30368,1.983329,0.867929,6.923371,-1.228995,5.248874,1.847181,9.563393,-4.447393,-3.210065,-4.467824,-1.567618,-4.472829,-3.595637,4.686229,3.047723,-3.166961,2.610555,9.41733,-1.20645,-0.448878,-5.515158,4.851392,3.826648,2.117848,1.875658,2.378921,5.317709,-4.819309,,-0.324708,-0.893912,-4.8983925,-1.170503,,3.132755,4.680565,,2.108457,3.164578,3.996844,3.522991,6.477507,-0.520102,3.788263,-3.913078,-3.81144,2.122376,2.010694,-6.719134,1.2461055,,3.007318,2.845138,-3.217094,-4.443682,-0.931052,-1.958055,,2.110958,2.009312,2.522039,5.772974,5.257695,2.035706,1.100481,,,0.9651335000000001,0.980552,0.105827,-5.559396,3.138285,2.02186,-2.645186,1.927804,-1.170753,2.732743,4.160338,5.057484,1.686823,0.748813,3.200428,4.538945,5.291865,0.9930515,5.649375,-3.734494,,0.456676,0.342464,-0.232322,1.391844,0.096077,4.063567,3.429568,5.111605,0.653686,4.537501,1.054832,3.000391,3.89303,1.151395,0.556391,1.946707,4.16959,2.499743,2.24637,1.080371,4.093999,2.622539,-0.505712,-2.504726,4.275429,5.913573,0.407413,,-0.590905,2.007718,3.573702,3.118504,4.036271,4.543701,2.604065,4.355388,0.948596,-3.645704,3.801602,2.170107,2.167673,1.904292,2.944692,3.428593,0.843233,3.412475,1.9491390000000002,,2.348789,3.356825,2.568234,,5.109474,2.785176,4.950626,5.959937,1.230006,7.20985,2.834417,5.735999,2.011737,2.072948,3.927603,3.82857,5.121625,5.914376,4.1714655,2.774144,1.212945,3.529187,2.713722,5.274715,4.584216,5.243601,1.811512,6.006385,4.636199,3.681765,5.433079,1.593122,4.718876,0.9162,-4.059148,5.128954,4.369849,2.705432,1.244721,1.995374
ABC-1,,5.890931,4.742731,5.025731,5.889223,6.289555,4.997406,2.266849,3.170525,1.637307,7.095327,,-0.812578,,,,-2.389655,-3.399604,-1.645609,-2.780774,-1.620566,4.366447,4.08797,-4.406883,3.264544,,2.075972,2.796769,-0.5453665000000001,5.42182,6.069804,5.695293,4.441677,3.588732,6.033512,-5.820866,5.199009,,0.466633,-2.5533885,-2.72802,2.182296,3.143499,6.243487,4.66232,,2.676629,4.068604,5.792903,6.569264,4.477032,6.07953,0.203448,-3.472322,4.457017,4.828987,-3.851228,3.313297,1.842124,,2.491028,3.566285,3.125727,2.721062,3.80005,5.030702,5.9013865,0.858493,4.044214,5.494557,5.220887,2.461621,4.890903,6.076816,1.835783,5.2298285,3.11684,0.820938,-6.445808,1.984185,3.682233,-0.255786,5.469454,,4.833271,3.635649,5.504071,4.825354,3.255682,3.750897,4.349221,6.062619,4.101374,6.024545,0.7127,2.611379,2.184262,2.732617,-1.256303,4.197934,3.551755,4.85986,4.965508,5.613122,1.932674,3.889265,0.697267,4.769648,3.824372,2.412203,4.164047,3.777729,6.181941,4.846142,3.101569,5.003711,5.760636,3.769287,5.139133,,2.115216,6.413316,0.553185,4.914871,4.6486,4.267393,4.42524,4.154211,,3.494514,4.511264,4.774717,5.136748,-2.127898,3.648889,5.408728,5.744171,2.073135,3.497622,4.19883,3.289355,5.065075,4.01884,2.538969,3.935415,6.922772,4.226397,3.05849,3.757379,3.899984,6.080159,5.634995,2.793489,6.217169,3.639699,5.992462,5.299555,4.441661,3.599091,3.723803,5.79789,,3.706998,6.041884,2.841505,3.640822,6.469074,4.766403,5.839502,,3.000938,6.37219,4.812715,3.939257,6.025765,5.279825,6.199691,2.701083,-1.130552,5.393211,5.085821,4.998399,1.179311,3.802721
ACHN,7.950907,2.758136,2.16766,,5.337187,3.136095,4.904146,-1.065218,3.221911,1.631467,6.968021,-1.318093,6.9735375,2.652951,11.443991,-3.019304,-3.734601,-0.997423,-2.59883,-1.018269,-4.398602,4.44956,4.194100000000001,-2.655397,0.740375,9.427116,-1.639078,-2.540492,-1.9868265,4.866396,5.981429,0.066071,2.020293,2.699855,5.730191,-5.121053,,0.706073,-1.167984,-4.5630995,-1.35867,,3.860585,5.435939,,4.857336,2.983764,3.693727,3.605298,6.504513,-1.742912,5.397424,-3.122955,-1.744672,1.138713,0.850909,-4.299317,-0.426915,,2.168788,2.816669,-0.214446,-4.186132,1.444918,0.993481,,3.542381,3.346316,2.736956,4.179905,4.584353,0.896126,2.064351,,,3.7878805,-0.086884,-2.380809,-4.091075,3.731437,3.53243,0.518561,1.698002,0.735725,1.667479,2.799719,5.533646,2.577173,2.62374,3.758748,5.393027,6.082625,1.4642810000000002,5.162877,-2.577539,,1.057998,0.555311,-0.073015,2.002339,0.64742,4.329319,2.445936,6.129972,1.759753,4.022951,3.380139,3.636845,2.479905,-1.985317,2.702948,4.602154,5.58561,2.751704,3.746292,2.17905,5.435214,3.041421,1.44106,-0.662743,4.210012,5.773712,0.392124,,2.01702,2.586003,2.948305,3.496673,5.452079,0.523667,4.584492,6.424787,3.317415,-2.711225,4.494255,3.868298,2.466691,2.357492,5.944798,3.377358,1.811739,3.517244,3.5694365,,2.017267,3.723995,2.632748,,4.560368,4.983088,5.458616,5.634429,2.871956,6.395609,3.862358,6.01797,1.770936,2.50759,4.919833,3.752806,4.133995,6.247463,4.0214505,4.762432,0.183629,2.922875,2.900135,4.335088,5.807588,4.936557,0.787548,6.018011,3.728014,5.284329,6.128133,1.737537,6.587954,2.067464,-2.150374,5.346141,5.326386,2.255284,1.937777,4.363031
AGS,7.07539,2.464704,4.937288,,5.342604,3.65151,4.56888,-1.451224,1.129993,1.384656,6.749719,-0.395637,0.635915,2.608381,9.152635,-5.262031,-3.262674,-3.752435,-2.74744,-4.216388,-3.434424,2.886145,2.576641,-4.892563,2.697324,7.401098,-1.321354,-0.97615,-4.409546000000001,4.984837,4.221896,2.067092,2.917646,2.357636,5.262272,-5.584699,,-0.171805,-0.915351,-5.9027270000000005,-1.66186,,2.310106,3.581058,,2.072764,3.14929,2.798728,3.198976,4.900432,-0.182296,4.465929,-4.650975,-4.908162,1.997254,1.959466,-6.401569,1.585976,,2.588353,2.506378,-2.626535,,0.814431,-2.896139,,1.8737825,1.535445,2.729552,5.218968,3.419994,1.88942,1.044687,,,0.602831,1.344123,0.047196,-5.619311,1.098379,1.309696,-1.972391,1.753093,,3.698916,4.057035,5.062685,2.31118,-1.495232,4.093494,5.331588,5.353369,-0.20345449999999998,5.329164,-2.464781,,0.388024,-0.422141,0.829666,1.033302,-0.229512,3.865557,5.054244,3.186746,1.071328,5.343468,3.221334,2.164973,4.843334,0.005893,-2.653051,1.91376,3.808409,0.279969,-2.170988,1.030841,4.670976,1.84312,1.82572,-1.44899,3.169829,4.825837,0.14796,,-1.099071,2.603355,3.437589,2.979448,2.507347,3.103091,1.342811,4.636189,1.027054,-4.188722,4.002585,1.97808,2.065636,2.021656,-1.353199,3.138405,-1.83937,2.593257,0.6632495,,2.975881,3.155401,3.241047,,5.075033,0.90382,5.273923,5.906462,0.884158,5.941247,3.201424,4.431427,1.57243,3.232961,3.31071,1.968526,5.022524,5.308186,2.0180605,3.514909,2.735336,1.786072,2.263895,4.149782,4.714257,5.149068,2.474718,5.245389,4.436119,3.207703,3.867384,2.825009,4.470805,2.147989,-4.148032,3.846971,3.669305,3.271951,0.935057,2.561088
AMO-1,5.80997,2.954072,3.118548,,4.563509,1.914026,3.541343,-1.478554,0.335555,-0.086533,3.902138,-0.026803,3.861382,,9.401804,-7.530958,-3.476291,-6.0101,-2.935635,-4.586124,-4.193973,2.231033,2.5321860000000003,,2.771868,7.59847,-2.237511,-3.741619,-6.806133,4.556174,3.491135,2.444513,1.596874,1.631706,3.93103,-7.12391,,-0.359073,-1.376381,-6.234553999999999,-3.171575,,1.517988,4.201257,,0.008353,,0.956041,1.689173,5.215304,1.027635,3.214996,-5.58383,-6.245784,1.510575,2.24493,-6.864295,2.6427265,,1.27567,,-2.275131,-6.982608,-0.361691,0.062861,,-0.05862200000000001,0.863387,1.117203,4.563509,2.441112,1.782161,-1.33587,,,2.6318505,0.766076,-1.47815,-6.066595,2.359809,2.678626,-4.934659,0.632017,-0.057069,3.932698,0.872619,4.563405,0.817629,1.251144,1.035341,4.561911,4.515818,2.4654445000000003,4.562819,-3.036475,,-0.753698,-0.373986,-1.432308,-0.102844,0.16086,4.563509,3.091368,4.563509,-2.865128,2.588097,-0.994991,3.451178,3.296681,-0.671416,1.553966,0.86337,2.724541,0.797824,3.910645,-1.281887,2.436344,2.332888,0.473066,-1.595324,2.485983,2.696379,0.660764,,0.717483,1.244593,0.483344,,1.206871,0.405801,2.349156,4.085383,-1.504169,-4.426318,1.823813,0.072145,4.563509,1.242358,0.174783,1.789108,0.218184,1.312791,1.237948,,3.096771,1.844716,1.657446,,2.649497,1.366653,2.97007,3.616402,1.408633,4.270934,1.278876,3.910967,1.741747,1.763489,2.800689,1.531689,3.699579,3.235908,1.235112,2.846979,0.802429,1.478864,1.003516,3.86729,3.465596,,2.093528,3.722808,1.972597,1.099761,-3.040929,,5.180705,-0.382472,-5.008679,3.870362,3.065558,3.920139,1.351101,2.112807
AU565,7.675109,3.635537,1.542264,,4.991953,2.798046,5.2147,-0.937505,0.400068,0.6084,7.150543,1.747744,0.3594285,2.072044,9.530031,-2.717499,-2.834766,-4.935218,-1.465033,-2.666057,-2.733624,3.52758,3.5006135,-3.788018,1.141896,9.163789,0.439614,-2.467612,-5.276904,4.105722,4.380255,1.852,-0.866222,3.079448,4.965087,-5.396055,,3.434104,-0.339715,-2.530185,-1.376385,,1.803756,5.03595,,2.836762,2.714722,2.084111,2.90919,5.529385,3.060459,3.815324,-5.243523,-5.069595,3.196855,3.208095,-4.871784,3.9197445,4.321371,2.928827,3.274392,-0.18574,,0.806097,3.53451,,5.525843,2.320186,2.252502,5.217632,4.150335,1.828098,5.355332,,,5.333322,-1.533873,0.330046,-3.298394,2.662903,1.876899,,4.415955,,0.4528,2.788181,4.87947,3.053403,3.366447,2.559316,4.793046,5.352421,3.0160535,5.35117,-1.646264,3.631362,0.649628,0.729291,2.445696,1.95208,0.200132,4.459639,4.728498,4.247706,2.659327,4.651092,2.710162,2.401112,-0.528153,1.639574,2.832174,0.743906,4.557775,1.704623,1.905843,1.658355,4.548867,1.801986,1.189423,-0.618275,3.806611,5.267897,1.078181,3.33364,3.896527,4.378556,4.47969,3.495166,4.443878,2.057474,2.001432,4.923951,4.07431,-3.200944,3.589848,5.345373,4.733516,3.050124,1.745513,3.153579,1.676478,2.5414,0.7414865,4.6654,1.897394,3.024722,3.184143,,4.402135,2.14008,3.981588,4.962333,1.298326,4.898008,4.08372,5.068467,3.000976,3.647004,4.99574,2.678942,3.798879,5.355332,3.7672075,4.455269,-1.015011,2.675852,3.204085,3.601043,5.130805,5.267279,1.940468,5.353896,3.673024,2.153544,-1.791289,1.057,5.847042,2.441501,-1.847079,3.755883,5.355332,2.79836,1.803834,2.563508
AsPC-1,10.980064,7.317949,6.514382,,7.118391,8.818943,7.346865,4.753048,4.537796,4.087398,9.783648,4.092375,9.095587,8.516161,9.923495,2.906669,2.933471,0.17838,2.632214,-0.005696,3.809457,6.96104,7.066918,1.298371,4.165944,10.894211,3.553047,2.771092,3.0882855,8.110755,7.854731,6.035115,5.927219,3.983106,8.486191,1.83867,,6.286445,6.878745,1.2659555,3.00976,,4.271552,9.073634,,8.667461,6.494548,4.367715,7.729318,9.208376,6.898136,8.49137,1.17105,2.967012,5.777335,7.268696,-2.493978,8.3044125,,8.89671,7.111969,2.411443,,4.250216,0.499635,,9.0478,6.759913,7.030555,6.930216,5.653673,5.433111,6.943738,,,2.9180849999999996,4.962794,3.142782,-2.83881,5.596623,7.715265,5.178485,7.957622,,4.87321,6.764819,8.210944,7.409271,3.57658,5.364142,7.40158,8.714451,4.450676,8.159169,0.156455,,4.369802,3.127194,8.158806,6.640466,3.368172,9.031948,8.689113,8.708181,5.218033,8.240635,8.153571,5.775068,7.830896,3.998786,3.248951,7.1743,8.053267,5.013695,3.045537,7.67484,8.826805,5.982977,4.183901,3.091682,5.753879,8.041754,3.166651,,1.716945,5.659576,6.558086,7.011821,7.912271,3.743197,7.012694,7.972495,6.837543,2.356205,5.629174,7.225328,6.919644,10.232528,6.354225,6.260369,4.792116,6.014274,4.912765,,6.594721,9.671139,8.17409,,8.700636,5.928317,7.854789,7.772001,3.975548,8.720116,6.375868,7.61769,6.19651,6.016105,6.383725,6.401627,7.64091,8.714451,6.607411,7.548297,4.619108,5.375746,7.583828,6.843775,7.646016,8.377632,4.920827,8.394217,7.138624,6.597605,8.714451,5.831971,8.653533,4.180057,3.409685,7.946251,7.445796,6.434177,4.954289,8.714451
B-CPAP,7.442563,3.409751,6.182461,,4.655922,5.383155,4.91719,2.291588,2.795133,1.153046,7.020885,3.126424,6.8906695,3.812339,11.024503,-4.308704,-2.607546,-3.96873,-1.528108,-5.359614,-1.412473,4.400788,4.4728565,-4.052204,4.172471,10.129392,0.587688,-3.231825,-4.4105865,5.831341,2.785145,2.526845,2.721732,2.431317,5.774546,-5.157578,,1.782499,0.9765,-4.1790135,-1.40495,,3.947707,5.192853,,2.752583,3.971437,1.832531,3.605328,6.397063,-0.782061,5.878424,-1.801021,-4.880636,3.068425,3.410312,-5.600247,2.8576435,,4.772418,3.938548,0.2955,,2.743079,1.086202,,5.733977,2.346266,2.448417,4.011405,5.277362,2.075747,2.620148,,,3.7494430000000003,1.800551,0.320731,-4.45634,2.436773,2.518351,-2.468556,5.645562,,4.634815,4.782981,4.76263,2.101341,2.758605,3.674391,6.278363,4.180647,2.495833,5.970509,-1.75313,,0.665086,-0.422732,0.091138,2.219393,1.609451,3.964023,3.137144,5.490113,1.317404,5.290335,1.128902,4.292371,6.38274,0.448876,2.439328,3.127822,4.442854,2.994952,1.520478,1.914651,5.453014,2.798365,1.698153,-0.159486,6.380864,5.26273,0.115707,,2.751621,3.997002,2.067236,3.349834,1.866444,4.82611,5.170484,6.362131,2.702203,-1.915254,5.835366,3.880458,3.042732,2.011622,1.817579,4.488293,3.748099,3.040192,3.4857785000000003,,3.522517,3.054737,3.817629,,4.827245,4.754976,5.490035,5.232709,2.173773,6.207945,5.026115,5.772763,4.401955,3.198944,6.090789,2.781085,4.99365,4.724752,3.07139,3.517819,2.623952,3.576349,3.077383,4.495767,5.239937,4.844843,2.762921,6.088311,4.803345,4.351853,,3.462305,5.800684,1.189725,-2.21336,3.823499,4.90212,3.156585,1.911311,3.055881
BC-3C,,1.886943,,3.458254,4.121944,-0.807415,4.265807,,-0.949265,-0.461126,4.672621,,,,,,-3.184838,-4.707173,-2.613734,-3.733284,-4.138461,,1.819341,-4.861151,2.504324,,-2.303037,1.602698,-5.155437,2.159347,3.884953,2.199933,1.493135,1.56263,2.757259,-5.772256,3.462649,,,-5.979975,-1.951018,1.141078,1.848045,,1.52187,,2.276137,1.111513,3.878563,,1.211948,3.029671,-1.916984,-5.869267,0.705906,2.344487,,,-3.706981,,0.645375,-1.813381,-5.652339,0.782577,2.8408,3.369788,1.848204,-0.024709,1.095396,4.12195,3.366129,1.718347,-0.75443,2.57207,0.574172,2.296212,0.797919,-1.254788,-4.494352,1.586942,1.274401,-4.39331,1.449354,,2.35977,1.677897,3.954814,0.881539,2.326477,3.773559,3.37752,4.038751,2.7692,3.899738,-2.515277,0.627582,0.329118,,-0.919956,,1.769748,3.146245,1.648511,2.987061,-3.248136,3.056317,0.944134,3.258157,3.14799,-1.670715,2.583367,1.596142,3.231745,1.936689,2.176706,-1.214211,3.068325,2.733603,,,2.897945,3.539051,-0.053851,3.193411,4.094928,2.189258,2.80028,2.512513,,1.428881,,2.867315,-0.543213,-4.829027,2.505234,1.063334,,0.690176,1.712037,1.034346,1.923842,1.976517,2.380331,2.517972,3.280391,3.104248,2.505417,1.126218,3.21494,2.539184,3.881728,2.530145,0.0815,2.83425,3.728878,,-0.184243,3.867901,3.233343,1.819365,3.759133,,1.038023,2.427999,0.717073,,4.088897,,,,1.07952,4.12195,1.752867,2.937406,,1.165904,,1.783237,-3.541118,3.428803,2.864885,2.349401,2.401416,1.393789
BFTC-905,7.249912,3.86196,3.695585,,4.643454,3.677766,5.120793,-0.635489,2.781122,1.773877,4.915898,-1.119467,4.6639795,1.612124,9.268382,-6.285896,-4.208256,-4.939438,-2.267175,-3.691287,-4.825419,3.594652,3.6277675,-6.172407,3.616069,7.082288,-1.953675,1.219213,-6.0074765,4.73495,5.154174,3.375505,2.933687,1.866468,5.181404,-5.788022,,-0.184047,-1.842899,-5.03631,-2.036351,,3.62024,5.34753,,0.899533,2.94691,1.866627,2.370862,5.553706,-0.376459,3.954672,-2.940659,-4.852468,0.16515,1.611954,-5.77415,0.728294,,0.420928,2.465483,-1.951381,-4.968077,0.369625,-1.578175,,3.214706,1.622696,2.90058,5.089166,3.329775,1.580823,-0.026742,,,1.27756,1.224804,-0.221966,-5.557094,1.505284,2.453328,-5.298308,5.118086,-0.928847,3.602614,1.079565,4.614926,1.196873,1.267831,3.174541,5.06869,4.963717,0.489641,5.015321,-0.681394,,0.345048,-0.268012,-0.85592,1.430007,0.701448,3.755158,4.299752,4.666538,0.262465,3.986879,-0.317268,3.298966,5.009117,-0.177519,-0.30001,4.012234,5.055135,2.245494,3.296898,1.287195,5.210748,3.474429,2.709937,-0.758903,3.72181,4.986214,0.526276,,-2.002043,2.370865,2.783423,2.237119,2.860038,3.728026,3.827313,2.921834,-1.401873,-3.40714,3.64843,1.603412,2.438062,1.820244,0.915777,3.879117,0.046866,2.75559,3.341562,,2.991903,4.242216,2.66085,,5.115297,2.31161,3.837302,4.779491,1.276632,5.307914,5.070646,5.110292,2.776135,3.040044,3.490085,2.774583,4.848395,4.401657,2.0271825000000003,2.616165,2.058583,2.646609,2.34504,3.157624,4.879622,3.677216,2.531303,4.929062,3.314541,2.42713,4.817191,0.937453,5.039146,1.056118,-3.214364,4.012107,3.500931,2.842232,1.495904,2.179368
BFTC-909,7.850539,3.247107,2.461437,,4.817172,3.56226,4.760799,1.522931,2.548496,1.264103,6.355213,-0.230918,6.3878165,2.703783,10.559702,-4.638469,-2.877454,-4.621837,-1.670078,-4.298498,-3.137726,3.771751,3.2478825,-4.200055,3.832609,9.190059,0.123896,3.065581,-5.28573,5.001908,5.366156,2.633484,1.793297,2.133749,5.379689,-5.281225,,0.477844,-0.280577,-4.9831205,-1.312073,,1.035784,4.24052,,2.917625,3.934676,3.104419,2.45714,6.121733,0.770628,5.42696,-4.703614,-3.814919,3.724916,2.018714,-5.795043,3.247958,,2.565189,3.035311,-2.091102,,0.504153,2.442991,,4.573049,2.754931,3.427592,5.280405,4.456778,1.681135,2.399353,,,3.8710445,1.418033,-0.648143,-3.846246,1.744963,2.756685,-1.567339,4.359833,,5.009701,3.42217,5.130954,2.583363,1.332311,3.654057,5.465482,5.465166,2.0327295,5.000765,-3.864386,,-0.335239,0.525568,-0.03017,1.971818,-0.399417,3.633855,4.497736,5.275187,2.123296,4.352263,2.500989,1.727405,5.03465,-0.472592,3.434085,1.455108,5.350926,1.004949,1.050309,1.256005,4.604948,1.104409,0.647631,-2.247425,3.946521,4.942374,0.862071,,4.020368,3.010335,5.072431,3.318911,2.65331,2.078035,1.777285,5.664272,2.39329,-2.093803,4.191076,4.312797,2.84487,1.693233,2.791897,3.938718,0.455998,0.298857,1.856232,,2.102571,3.359746,3.038466,,4.090371,1.786168,5.037584,5.495022,1.891861,5.6609,4.076991,4.783602,4.532609,3.856839,3.89853,1.471607,5.322583,5.409935,2.9502115,4.91163,1.865465,2.666447,4.592926,4.562213,5.404693,4.260381,2.171424,5.389218,4.05827,3.598508,5.465482,2.47504,5.082627,2.042004,-3.29449,4.755219,3.961799,1.733215,1.334427,2.425706
BHT-101,7.926546,4.083156,2.862917,,4.859307,6.181155,5.582339,1.045772,1.818646,1.232121,6.98605,0.119232,6.1868365,1.64339,9.672429,-3.380829,-3.490158,-1.30161,-1.229733,-4.226266,-0.382604,3.611097,3.9336254999999998,-3.695934,3.893949,9.910329,0.605497,1.823098,-3.1868205,4.672676,4.694342,2.677737,2.2395,2.364803,5.394009,-5.402592,,1.12162,-0.386197,-3.522637,-1.59066,,3.65012,5.407842,,2.220487,3.31289,2.566368,3.420639,5.538425,-0.286425,5.32498,-0.616342,-2.447965,2.832699,3.344398,-4.786072,2.4518635,,2.011827,4.623257,-0.305144,,2.145118,-2.897952,,4.8800255,1.647827,2.364806,4.503353,3.813764,1.938388,0.298627,,,0.3147375,2.246768,1.485113,-4.303585,1.470868,2.225297,0.106061,5.195792,,5.026716,4.104306,5.108628,2.07916,0.22959,3.079903,4.846716,5.811958,0.600612,5.943845,-2.351252,,0.449496,-1.566211,-0.051679,2.812885,0.966085,4.336509,2.202896,5.047235,1.173405,4.504511,1.4666,3.913693,5.349764,1.544553,-0.363968,2.527862,4.492218,2.170741,2.229049,0.79997,5.075957,3.533028,1.749942,0.748107,4.428908,4.139973,0.379732,,-1.264164,3.184027,0.424042,3.996707,4.753134,4.626107,4.402172,4.062252,-0.830326,-2.819278,3.849774,1.473476,3.673391,1.998708,2.959429,5.2214,2.827027,2.831762,3.5268445,,2.933113,3.486887,2.735958,,4.734547,3.191513,4.449067,5.640406,2.57268,5.579773,3.428013,5.163818,2.406388,2.520531,4.251165,2.98324,5.089982,5.421143,2.0020775,2.371138,2.365196,1.354262,2.985023,2.938778,4.456398,5.229645,3.248561,5.123115,5.205202,5.516009,5.163289,3.376795,5.473019,1.759512,-3.536157,3.240802,3.274607,3.141785,1.873552,3.231864
BHY,,5.14122,,4.355641,5.956292,4.205742,5.544822,,3.956489,2.6493,6.317856,,,,,,-2.08115,-2.256706,0.495576,-2.325283,-0.177282,,3.715028,-2.734497,1.182514,,1.345848,3.360932,-2.520689,4.259487,5.915476,2.156905,2.409981,2.825833,5.975555,-5.075167,5.665633,,,-3.880082,-1.709542,3.933908,4.379529,,3.46354,,3.209337,3.537725,5.227105,,-0.806112,6.017666,0.351396,-0.939666,3.558581,4.94896,,,4.759426,,3.986913,0.343889,-1.614607,3.668612,2.986039,5.091629,4.230916,3.258108,5.223923,4.821632,4.754135,2.979649,4.92608,5.931004,3.472975,5.413863,1.383026,1.762413,-3.433955,2.565603,4.168396,0.787435,5.134319,,1.35674,4.086545,4.332626,3.351398,3.527571,4.090323,3.910736,6.017666,6.017666,5.999018,0.33297,3.593539,2.72027,,3.320868,,1.66768,5.247183,3.643391,5.052952,2.396185,5.678006,2.521253,4.892956,2.6889,2.713027,3.652138,4.241218,4.511701,5.846045,-0.035808,1.586909,5.727008,3.774056,,,1.85197,5.553796,1.584577,5.011363,3.339741,4.089891,5.424083,4.381432,,4.121525,,4.136961,4.936193,-2.472607,4.544398,5.308632,,3.044686,4.670444,4.000249,1.454861,5.638724,4.972463,2.201003,3.162977,5.974062,5.245252,2.820759,5.119714,3.837351,5.621836,6.017666,2.920719,5.975938,4.964538,,4.718156,4.798353,4.196285,3.715081,5.428095,,3.476398,5.998728,0.787556,,5.930519,,,,1.310576,6.017666,5.586655,4.094565,,4.931243,,1.990333,-2.10444,5.324519,5.572317,4.466815,3.73278,3.902423
BICR 31,,1.879545,,4.048368,5.033075,2.036365,4.66002,,2.655537,1.743189,5.952113,,,,,,-1.178151,-0.666472,-0.010705,-4.1153,-5.157948,,2.739708,0.4869,3.11119,,-0.062624,2.251645,-2.287327,3.503206,4.980684,4.306564,2.802553,2.15455,4.84346,-5.240749,4.673147,,,-4.90794,-0.945825,1.63341,4.362748,,2.334541,,1.841792,2.669546,4.588894,,1.115066,5.0414,-0.26061,-1.18569,3.420781,3.940975,,,3.193662,,0.657583,-0.404106,-2.590126,2.351709,1.348462,3.564921,3.817033,1.860976,2.465827,3.854049,4.279094,0.560677,-0.89875,5.042293,2.105273,4.900343,3.83361,1.502496,2.929178,1.220961,1.544622,1.070595,3.271743,,4.302313,3.042831,2.180933,2.025901,1.801335,2.818021,2.983955,4.769987,3.126079,5.024438,-0.947875,2.426576,1.521566,,2.668432,,1.943309,4.455783,4.538391,3.14815,1.457769,4.427718,0.956778,3.739225,2.933645,2.188474,2.010667,2.663988,4.488128,1.641162,1.107699,2.013833,4.275168,3.57686,,,2.637607,5.041523,-0.617114,3.698978,1.816287,3.900694,1.814962,3.341155,,4.091101,,3.752285,-0.624913,-1.763004,4.375193,1.50827,,1.841315,3.297295,2.378129,2.430862,2.127906,3.169937,3.580005,3.42371,2.941256,4.145017,1.98456,3.650794,2.913008,5.042293,4.588894,2.013913,4.317116,3.739893,,4.167772,4.251884,4.073259,2.739708,4.507991,,1.543687,3.159302,1.546767,,4.666715,,,,2.141716,5.042293,4.05795,3.534071,,4.002177,,1.095457,-3.171499,4.349146,2.948481,2.66545,1.631788,3.132159
BT-20,7.399615,4.822572,3.169377,,4.110288,5.399438,4.535589,2.975982,3.533046,3.037925,6.502104,3.608417,0.9899595000000001,3.246285,10.395131,-1.852725,-2.468058,-3.693517,0.40817,-1.824038,2.929503,3.495816,4.122705,-3.40613,3.459999,9.190003,2.737904,2.649014,-1.501839,4.659098,5.970035,2.812091,2.183408,2.144751,5.188043,-4.355806,,2.566124,2.130582,-3.134679,-0.041433,,2.497869,0.286492,,3.772972,2.726427,1.668159,4.339743,5.164075,1.58132,4.551706,-1.402837,-2.060507,2.587345,4.262876,-4.27176,3.749713,3.189516,3.59886,3.780261,0.039728,,1.783227,1.220386,,5.0451985,2.648237,3.132986,4.785563,3.585147,3.885448,4.648016,,,2.3386885,2.600125,1.870905,-3.995697,2.418162,2.322941,,5.263748,,2.306168,3.637247,5.260085,4.540035,3.369576,4.177658,5.217264,5.21707,3.784189,5.123878,-1.457895,2.674329,0.832216,1.108238,1.912924,1.617422,0.514189,4.414881,4.040887,5.173348,2.393238,5.077811,4.816021,1.80516,4.079387,1.847077,2.342165,4.428993,5.084437,2.154235,1.964268,4.693932,4.997759,1.367988,0.545605,-0.228477,2.455537,3.140376,2.796941,1.275141,2.284812,5.214012,4.915209,3.282394,3.707649,3.797457,0.37931,5.048601,4.034729,-3.2251,2.76036,4.341067,5.162715,2.016229,4.472091,5.161719,-1.130199,2.440786,1.11864,2.679924,3.660794,4.02313,4.316591,,4.556993,1.093537,4.815271,4.324651,2.202111,5.463069,3.513678,4.973401,2.168473,3.215022,3.303973,2.728636,5.183501,5.217855,3.8309610000000003,5.17122,2.638063,2.252211,4.472461,3.483062,4.648539,5.217855,2.417671,4.262367,5.217855,5.209558,-2.404628,1.969935,5.609052,3.223832,-1.457342,4.524708,4.902635,4.851708,3.239413,2.706555
BT-474,9.009,5.625505,8.664076,,6.545886,7.654648,5.760473,5.004962,1.023331,1.434882,8.303374,4.951318,3.7784625,4.332925,11.033712,-2.144026,3.498183,-2.106999,1.193385,-2.671598,6.137809,5.489827,3.997866,-0.472996,3.340828,9.808362,1.319498,0.55412,-2.4752335,6.538669,6.846008,2.852079,0.108143,1.675571,6.457764,-2.512043,,5.614689,5.170456,-0.7935030000000001,1.061642,,3.005058,7.406678,,6.259538,3.097443,3.140943,4.611624,7.106712,5.601392,6.228304,-1.576712,-1.091256,4.766872,5.622013,-4.799244,6.469630499999999,4.988853,7.017158,3.682641,0.474075,,0.298704,5.476287,,6.592286,4.180479,4.221714,5.381005,4.193093,3.301875,3.383238,,,5.8815935,-0.97457,4.637587,-3.552901,4.391344,4.282517,2.445252,6.485015,,0.880982,5.364688,5.966433,4.848571,5.29737,5.365037,6.9799,6.650945,4.4530345,6.394405,0.402486,2.504646,2.172872,1.496283,4.023614,3.684448,1.231268,5.825418,5.996811,4.866383,5.37098,6.613649,6.635484,2.770068,1.228884,2.864657,4.624742,6.572658,5.094934,2.096332,2.849546,1.147237,6.191522,3.058953,3.132471,1.024551,4.064947,6.637872,4.051026,5.067066,4.322661,5.98682,6.135615,4.432665,4.997391,5.616432,2.888282,5.95236,3.669441,-0.563964,3.356397,3.848771,6.650945,3.945175,2.259569,6.478962,0.876955,2.335112,2.4832345,3.579198,3.541174,2.381763,3.896503,,6.075368,1.738404,5.536172,5.712267,2.204199,5.484973,4.441745,6.62152,6.147788,5.21164,3.995819,3.333129,6.232847,6.650945,5.461307,4.461224,-0.160953,3.746703,5.526738,4.615318,5.952105,4.95449,4.601351,6.701574,5.493575,5.905099,0.830049,2.606292,6.89166,4.445238,-1.782393,5.514725,5.381822,6.508458,5.051128,5.543217
BT-483,,7.139697,,,8.171233,8.553482,,,6.232501,3.091021,9.643361,5.97093,,6.025254,,2.714519,2.159467,1.889134,4.101729,3.462082,7.716931,,5.265604,0.362362,6.450004,,1.629058,,-0.566599,3.366292,8.910063,5.476614,5.059307,4.46148,7.534594,-2.003973,,7.935937,,2.414593,1.906501,,4.094101,,,6.42745,5.839127,,6.936775,,6.64251,7.41603,0.411318,2.777108,5.994666,8.56677,,6.482086,7.013056,7.353137,6.005719,2.311833,2.268997,1.908369,6.482915,,7.711211,5.458151,,7.369655,7.01469,5.399593,,,,6.82062,4.908756,2.360291,-6.667891,4.786459,5.038316,3.046435,6.776271,5.611464,5.881244,5.244947,,5.767423,7.585554,7.548422,,8.23157,6.1471335,6.155595,1.320697,4.680713,3.144889,,8.281664,,3.845202,7.443696,7.725635,,5.668324,7.955925,6.535961,6.325589,,4.586886,6.707277,8.309792,,5.56259,3.694006,,,6.318343,,0.744295,,,8.028003,5.606029,6.385616,,7.284776,5.975871,7.162125,7.300875,,8.007422,3.016709,,6.477008,,,6.747117,,8.154673,3.320779,4.038309,4.576695,6.526032,7.195476,,,,7.421582,3.82809,7.596355,7.445877,,8.309792,,,,,,4.851496,7.356982,7.54893,6.63053,,5.071615,,,,,7.864737,5.203486,,6.505787,7.808117,,2.947431,,5.143752,2.913386,,,7.765327,5.666941,5.534171
BT-549,8.875196,2.330892,5.951999,,5.976718,4.978355,5.74353,0.924893,1.738102,3.581343,8.440399,2.807128,1.7218144999999998,4.154493,10.804968,-2.179739,-0.84884,-4.238729,-0.734891,-4.273043,3.294265,4.724734,4.4763985,-1.69327,4.55023,9.444172,-0.017448,0.088397,-3.3564855,5.393802,5.742785,4.398035,3.191849,2.887341,6.190607,-4.99086,,2.978353,1.508321,-3.134098,-1.765085,,1.7976,0.300206,,1.90112,3.756945,3.707085,3.944133,7.090298,0.778003,3.953879,-3.003181,-1.944162,3.576651,4.83306,-4.4803,4.0643805,2.950224,5.707087,2.621186,0.388764,1.813177,1.364206,3.926361,,6.2699005,2.969364,4.374455,6.456649,5.519289,1.770483,2.700574,,,5.8099395000000005,2.038274,-1.259419,-2.294753,3.238298,1.572377,-1.220074,6.160684,1.998829,5.694543,4.506639,5.465794,2.822281,3.943976,5.368527,5.863225,6.407189,5.5307365,6.196166,-2.22193,1.015417,1.567522,1.952659,2.651008,2.991167,1.350498,5.547997,4.802432,4.5252,2.452645,5.583149,2.711114,2.962108,5.552214,0.452112,3.688145,1.944116,5.097645,2.259276,1.113677,2.346098,6.567367,2.709498,2.765055,-0.651979,5.64724,4.720864,2.334491,3.516013,4.185579,4.88534,5.615133,4.416384,5.590863,2.591551,4.169353,5.269531,3.117283,-1.839808,5.880323,2.012109,4.199493,4.761756,0.541889,4.731704,2.682567,3.634903,3.151679,4.274889,3.200741,5.849682,5.452855,,5.470582,4.209953,5.809432,6.134536,2.222236,6.755723,5.744057,5.93459,2.601485,3.815891,5.068067,3.924057,5.256057,6.211845,3.9951775,2.879879,2.353072,2.87018,5.223916,5.169006,5.76919,5.502784,3.74542,6.315552,3.764092,5.293939,4.786535,2.752658,7.041721,2.573677,-2.578172,4.807711,3.723571,3.739084,2.807592,2.057108
BxPC-3,8.406269,3.539124,4.523987,,6.039522,4.954002,4.027219,2.445831,2.708715,2.466285,6.266094,2.771541,1.595597,2.769571,10.550246,-3.338498,-0.637124,-2.698896,-0.063528,-3.594282,-0.677032,4.414104,4.0667995,-1.978259,3.52495,9.078318,0.788617,0.012491,-2.6145855,5.617238,5.403406,2.944787,3.539042,3.025821,5.706905,-4.321968,,5.11886,2.876744,-2.7355335,-1.330606,,3.653285,6.683921,,4.978947,2.477156,2.031399,4.681095,6.721116,0.077186,5.955084,-2.715459,-3.952505,2.223399,4.508881,-4.509028,4.6512625,,4.08842,3.347294,-1.730135,-3.056973,1.185168,0.793598,,5.156374,2.342631,2.259252,5.837613,3.218093,2.078942,2.178187,,,2.7083215000000003,1.531082,0.389197,-3.957985,3.464154,5.757342,1.608934,6.290503,2.723326,2.425187,3.509186,5.28473,3.775379,3.219486,3.916373,5.359203,6.054785,1.7792355,4.387695,-1.55395,,1.172796,0.953409,1.02119,1.214854,0.834724,4.812086,3.740111,3.644652,2.876116,4.850003,2.925888,4.054238,4.620341,0.341396,1.811526,3.625608,4.404474,3.95024,2.461442,3.207582,5.732871,4.485359,1.917085,0.155055,3.074208,5.023554,1.464296,,1.291482,3.798392,4.217503,4.367771,5.360059,4.209761,4.599833,4.308147,2.247937,-3.700455,3.841475,3.316854,3.587527,3.600688,-0.180152,3.74158,2.560031,3.007314,2.2284725,,3.22417,5.515702,2.717505,,5.01625,3.063981,5.274389,5.589666,1.512158,5.917997,3.508362,6.020057,4.095803,3.502607,3.694689,3.198589,5.33627,6.054785,3.950483,4.511576,1.787866,2.168544,3.965009,4.477605,4.243184,4.463016,1.685169,5.640935,5.087238,4.412904,4.454921,1.850781,6.371016,1.86158,1.993399,4.335047,5.724569,5.289945,2.5725,4.929086
C2BBe1,8.75639,4.178475,5.173049,,6.869047,5.537326,6.00068,4.137436,2.974716,1.522335,8.315322,2.916994,3.7924375,4.549504,10.122919,-0.680577,0.337867,0.027942,0.820973,-0.466138,1.560098,4.523946,4.9869115,-1.568684,3.963937,9.563105,2.136898,3.559156,-0.59365,5.701913,6.020353,3.077326,3.135497,2.941447,6.818645,-4.756874,,1.70288,3.081828,-2.205581,-1.57498,,2.484278,5.838007,,1.700085,2.373998,4.149825,3.651457,6.603066,1.612047,4.597627,-1.314947,-0.226266,4.00363,5.884165,-5.59021,4.505357,,4.274587,4.0375,1.609432,,2.44876,0.512607,-0.851218,3.6381385,6.377744,3.510454,5.574272,5.44855,2.209443,3.597682,,,4.3020295,2.73769,2.994302,-4.32154,1.673147,2.277149,3.62056,6.192015,,2.32416,5.681176,6.748843,3.912089,2.795917,3.909403,7.013347,6.793155,3.5970250000000004,6.423213,-2.526233,,0.44617,0.079093,2.718747,3.647186,-0.149716,6.636326,5.284746,6.249416,4.573878,5.69558,3.712188,3.742514,3.283453,1.837405,2.56348,3.139686,6.291492,2.96276,1.303401,2.585012,6.235216,3.407296,1.162116,0.311941,3.71979,6.349722,2.003616,,2.474947,5.549462,6.268017,4.450099,6.024213,6.136301,4.664726,6.663235,4.396108,-1.998578,3.892138,3.845699,3.278261,3.120296,4.722755,5.838187,1.069162,6.397035,3.6239205,,-0.097631,4.13987,4.167295,,5.694827,4.128329,6.44678,6.543289,3.496145,6.422904,2.717778,6.693422,6.228127,2.875851,4.730725,3.223845,6.912562,6.726009,5.1854635,4.346642,1.752247,3.838058,4.31437,6.239255,6.619482,4.873022,2.73475,6.358743,5.346529,4.284108,4.777145,1.838099,6.600038,5.134928,-1.835969,5.024772,6.256552,5.516993,2.843178,6.530577
C32,8.615496,5.860463,2.517476,5.902314,5.708986,6.576414,5.92539,0.670409,4.227709,3.375131,6.540275,-1.495771,5.267371,3.937657,9.607376,-1.761811,-2.968478,-2.176894,-0.648312,-2.141183,-2.69925,4.752835,4.670895,-4.896596,3.968598,9.38874,-0.29438,2.863757,-2.830356,5.112702,6.511956,5.001333,5.468428,3.348694,6.91526,-4.759169,4.502152,1.259112,-0.356075,-3.513359,-1.061743,3.70525,3.363062,2.413444,2.881488,2.536796,3.805777,4.031199,5.214749,6.165063,3.818149,7.527085,0.121983,-1.910877,5.083105,4.631763,-4.185997,3.725664,2.350891,2.185151,3.811195,-2.965798,0.952991,2.479581,-4.298838,5.031447,5.6854065,4.232303,2.901891,4.525063,4.299177,4.208975,4.013666,7.249977,3.513728,-0.9417225,3.608983,0.228227,-2.664978,2.742412,5.329072,-0.221231,4.668186,0.801148,5.91448,4.162139,6.175811,3.661031,1.302465,5.142136,5.832105,7.25667,1.019242,6.367478,-0.40782,3.184839,1.904171,0.264908,3.212787,3.288704,2.218688,4.989735,0.035671,5.819217,3.773409,5.153197,3.500541,4.013969,6.023172,1.855032,-1.321471,5.052817,5.568736,3.957417,2.497837,2.291914,6.32306,2.979246,2.166547,0.695988,5.649115,6.084194,0.749577,4.764335,-2.015639,3.245285,-3.357948,5.548326,6.013525,2.309575,3.718936,4.899494,5.031637,-2.224277,5.569805,4.529226,2.575985,2.305382,2.481466,3.797302,3.576457,5.766594,2.9170425,3.970805,3.969305,6.119577,5.519071,3.876851,4.831439,5.230576,5.900805,5.389557,2.666926,6.216957,5.108519,6.960992,3.408823,4.345688,5.687507,4.008813,5.792573,7.116497,4.526543500000001,5.766855,2.414403,3.699479,3.664471,4.761388,5.589529,5.97714,3.2216,6.932428,5.950126,5.068843,6.624843,2.474967,6.158901,2.523357,-3.91589,1.405808,5.943307,2.632216,3.126663,4.99751
CA46,7.234193,3.563601,5.406617,,3.956111,4.601485,3.626192,-1.268852,0.898832,0.225318,5.864409,0.485375,6.3110085,1.783745,10.793282,-4.386298,-2.005434,-3.446197,-1.982511,-1.538757,-2.127093,3.856522,2.8633745,-3.082077,3.689963,8.468122,-0.629729,-2.400156,-2.8088135000000003,5.506118,5.457528,1.867099,2.60459,1.770197,4.1892,-5.084672,,0.425541,0.586341,-4.540586,-1.176156,,2.439457,3.104814,,2.66282,2.72048,1.055563,3.214036,6.038652,0.503544,5.513376,-5.961059,-4.632846,0.853854,2.744758,-5.22347,4.58926,,3.358086,2.493906,1.276209,,-1.403825,3.405991,,3.243422,1.717644,2.412607,5.51074,3.224863,2.023261,0.933206,,,4.475984,1.342784,0.405952,-4.520057,2.702506,2.029914,-1.986524,4.977112,,3.036634,3.115798,4.680377,2.134891,2.267447,4.107263,5.489177,4.846713,2.3986095,5.512996,-2.07264,,0.675033,-0.340081,1.226918,2.278926,0.257885,3.749996,4.52606,4.837766,2.942491,5.280069,2.819135,2.255246,4.582636,0.081044,3.801597,3.688217,3.804178,1.963195,3.105526,1.405588,3.597096,2.593663,1.289298,-0.267243,4.687337,4.935282,0.629078,,4.370219,2.351818,3.433508,3.903938,2.74337,2.629123,2.763594,4.690338,0.990907,-3.230884,3.933948,1.470804,4.168775,2.458213,1.622017,2.76121,2.191736,1.372318,1.3134679999999999,,2.33423,1.943879,3.463743,,4.471915,4.129132,4.127005,4.819137,2.459013,5.435978,3.703844,5.513376,1.721373,2.680184,3.375903,1.696785,3.913709,5.332738,2.7016045,3.596635,1.360852,3.02756,4.432271,3.385826,4.038173,5.250522,2.377471,5.348092,3.175721,3.792559,5.184691,5.636998,6.155479,2.248886,-2.124506,1.491864,4.462813,3.991765,1.707743,3.665192
CADO-ES1,7.506038,5.038042,-1.119009,,4.906131,2.52635,4.08705,0.67426,1.267691,0.962291,6.294359,-2.345117,5.119001,3.193247,9.264398,-3.790916,-5.04439,-1.795482,-1.453898,-2.398954,-3.501764,3.562576,3.217921,-6.491992,3.326752,9.081121,-1.189275,-3.515517,-3.1718669999999998,5.112273,4.884953,0.779735,4.094779,1.722786,3.846382,-4.683791,,-0.240481,-0.247791,-4.0941095,-0.873053,,2.897694,2.93084,,1.306941,3.192801,2.681246,3.731362,5.940006,3.227585,5.111435,-3.211253,-1.991205,2.878048,2.312384,-3.681193,0.710949,,1.190101,0.798973,2.854084,,1.212766,3.039993,,2.9937354999999997,1.2029,1.997441,4.472572,3.415204,2.06521,2.500807,,,4.944311,1.657783,-0.597771,0.784866,-0.81651,2.597342,-0.70833,1.206998,,4.957226,2.155109,5.105155,2.075824,2.728675,4.134427,5.350443,5.111735,2.745674,4.41288,-2.830842,,0.800958,0.295304,-0.665488,2.000083,2.725897,2.069827,3.737488,4.30858,-1.509626,5.107012,1.17509,5.107521,5.411547,1.067738,3.912408,3.468804,1.851384,3.393201,-0.080396,0.707661,3.421849,3.255808,3.765621,-0.866509,3.666379,4.955045,-0.31147,,4.927874,3.330207,4.62989,2.324266,3.556899,2.51978,4.119742,5.558509,2.028412,-2.008411,2.791037,2.931725,5.001021,-0.95261,3.953765,3.27909,5.098069,1.507147,4.2044955,,3.855851,5.742426,2.919648,,4.03358,4.68379,4.480802,3.869513,2.114148,4.283104,2.769404,5.007167,3.496992,4.212314,3.094492,0.800604,4.165979,4.789538,3.0495324999999998,5.103065,1.399842,1.316191,3.659991,3.098013,3.891474,4.217113,3.111648,4.383728,4.840811,4.421232,2.898879,2.835596,5.378922,3.266155,-2.592717,4.416389,3.675998,-2.563322,1.997324,2.309429
CAL 27,6.991014,3.675535,4.404523,,5.599511,1.958071,4.913862,0.286481,2.008505,1.772077,6.352996,2.452107,1.0119230000000001,2.557991,9.033314,-5.883753,-3.741273,-5.119008,-1.701029,-2.244315,-3.469252,3.338798,4.217467,-4.811986,0.587147,8.426619,-0.952224,-1.698266,-6.4291885,5.527752,5.657953,0.699822,0.768653,1.995838,5.652444,-5.853155,,1.341695,-0.144799,-4.114996,-2.092449,,3.97828,6.171841,,3.38953,1.899495,2.284962,3.633272,6.43045,-0.669984,4.880352,-1.160503,-5.029387,2.673361,4.013058,-5.85239,0.11388749999999997,,2.328924,1.689737,-0.38881,,1.097125,-0.539187,,4.6248059999999995,0.805184,3.08231,5.509601,3.768536,1.616657,3.086849,,,3.0499525000000003,-2.412525,0.50018,-2.975072,1.92576,3.634592,-3.038499,5.254702,,-1.219597,4.156483,4.78738,3.046163,2.3377,4.657914,5.608912,5.718829,2.356294,5.55255,0.055491,,0.254243,0.269716,-1.63595,1.136567,0.904578,3.299488,4.355122,4.677448,-1.894215,5.494516,1.386444,4.516252,1.564778,0.76105,1.915987,4.239092,3.473125,4.072241,2.366867,-0.156559,4.004112,2.622059,4.075114,0.916911,2.749367,4.70888,0.903321,,0.247043,4.554578,5.531695,4.133836,4.487559,4.261817,4.528576,4.720684,1.584004,-3.773816,2.686721,3.670915,3.879858,2.11596,2.857015,4.352904,0.453411,2.628852,3.7335700000000003,,2.45539,6.159827,3.461469,,4.301854,3.348293,4.532359,5.525056,2.660151,5.46323,4.216819,5.743578,2.680046,3.313618,5.07259,2.632323,5.502521,5.387415,4.165109,3.677078,0.079624,1.444936,3.345741,3.671693,4.145741,4.988699,0.332912,5.092278,5.414324,4.048806,1.126904,4.458102,5.558906,2.195334,-3.277756,4.811565,5.334221,1.531743,2.643801,2.050877
CAL-120,9.452854,5.236237,6.968048,,7.402776,7.129417,5.577199,3.704348,4.326354,2.386557,9.559726,2.766456,8.1331585,3.916871,12.21506,-1.674946,-0.400993,-2.21091,-0.672552,-1.663993,1.870119,4.761329,5.9798635,-1.761121,5.539851,10.763684,0.58725,0.108553,-2.671793,7.995547,7.277319,4.376249,7.060002,3.187569,7.374167,-5.459702,,1.812478,1.138278,-3.0096255000000003,-1.593302,,3.188158,6.373416,,2.881559,5.111131,4.562165,4.998299,8.06968,1.03652,7.434073,-3.22107,-2.561119,5.508124,6.027292,-4.252651,6.459261,3.303634,6.348814,5.535773,1.342261,,1.461076,4.6645,,6.392593,7.05112,4.129107,5.631358,4.704602,2.601175,6.726296,,,6.46961,3.3614,2.07278,-6.731348,0.11746,5.319617,0.718429,7.324036,,7.001176,5.397753,7.084698,4.577879,4.379636,6.559248,6.776112,7.464957,4.0514779999999995,7.219481,-3.097985,4.623923,1.395916,0.598972,0.876154,4.203438,1.754474,7.027954,6.661485,6.70831,4.161267,7.129176,3.932304,4.578711,6.876994,1.35522,5.741449,5.645468,6.849411,5.644682,0.026369,2.679564,7.452581,3.281936,0.932957,-1.874089,6.831662,7.376474,0.763101,4.759932,4.270129,5.077566,6.025912,6.859226,6.784969,4.970522,5.575194,5.410302,6.981601,-2.082645,6.976074,4.889016,3.283094,4.558706,5.194983,6.919371,3.060288,2.086011,5.4023585,5.970215,4.929339,4.249026,6.261697,,6.288901,6.334416,6.253819,7.287489,2.177544,7.521686,6.561959,6.11688,6.527634,5.26575,5.359384,2.670248,7.35431,7.48397,5.5136105,6.133589,4.562871,4.363989,6.441645,5.021771,6.036125,7.291613,4.852654,6.360082,5.878823,6.056044,7.363912,2.396432,7.5832,2.34143,-2.084961,5.852947,7.18602,4.545839,4.039684,3.667023
CAL-12T,,4.425014,,5.220487,5.627763,3.491552,5.716456,,3.366821,2.044701,6.756864,,,,,,-0.76926,-3.464565,0.504517,-3.506986,2.027833,,2.490167,1.471194,2.870316,,0.380306,2.665504,-4.92007,4.872151,4.666988,2.016658,1.920161,2.453774,5.020895,-3.184977,4.344203,,,-5.123761,-0.209282,2.24631,2.360524,,3.434497,,1.880817,3.25349,5.480054,,-0.704404,3.814922,-1.518227,-3.888245,2.510006,3.889413,,,2.413788,,3.521396,-0.425612,2.33744,0.873144,0.528835,5.23196,5.642149,2.867418,2.591522,5.058192,4.170913,2.56045,1.999737,5.39574,3.028893,2.462733,1.026648,-0.478683,-5.601718,2.880197,1.81693,-0.891697,4.148051,,1.023987,3.995314,4.350113,2.613919,0.83877,3.723011,3.759143,4.611228,1.645326,5.658251,-2.069074,3.202445,1.30655,,2.581792,,0.974512,5.718445,2.456717,4.973924,2.301349,3.851918,1.580354,4.375799,1.225216,0.521448,2.770771,3.451709,5.271654,3.609368,1.982157,1.374361,4.804283,3.327789,,,5.200738,5.490471,0.60025,3.060112,2.914612,2.321871,3.966782,3.977592,,2.399552,,3.351639,3.792943,-1.753291,3.873879,2.747981,,2.139528,2.235502,2.668675,1.285668,3.424766,4.191368,3.903313,2.534079,5.114556,2.644835,2.586669,4.330879,2.795592,5.475003,4.470034,2.484108,5.569922,3.762275,,1.770612,3.521928,3.863919,3.263641,5.571278,,2.300278,5.627516,0.268404,,5.657967,,,,0.367848,5.655063,5.618017,3.128004,,3.179914,,0.937398,-3.347102,4.961257,4.573221,5.277425,2.749806,2.420328
CAL-29,7.691235,3.972338,4.305936,,5.326247,5.652855,4.849546,-1.530384,1.774632,1.07169,6.521949,3.143805,4.035572999999999,2.774574,10.338329,-3.205212,-3.787352,-4.454669,-1.46967,-2.435143,-3.889053,3.87239,3.5303285000000004,-5.59436,1.938522,8.665396,0.326589,0.679166,-5.273603,5.346649,5.141919,1.925005,2.1177,3.156239,5.419465,-5.117333,,0.941422,-1.051293,-4.219937,-1.372311,,3.865284,6.016543,,3.603801,2.666494,3.069236,3.055549,5.408767,-0.679915,5.481828,-3.261613,-3.565923,2.706076,4.804358,-5.206067,1.2008245,,3.272074,3.164611,-2.380807,,0.526103,0.761284,,5.5773340000000005,1.100158,3.349906,5.129882,4.623847,1.520054,2.734467,,,2.4954935000000003,0.702778,-0.200052,-4.782538,2.686613,2.976666,-3.142946,5.68053,,1.05613,4.086713,4.116859,3.098921,2.322534,5.672888,4.609786,5.481828,2.72616,5.356073,-2.630506,,0.103968,0.076431,-0.421029,2.38041,-0.446769,4.979233,5.787483,5.388473,3.443932,5.481828,3.26613,2.682452,2.347133,-0.104728,1.954722,2.242029,4.119595,1.433178,1.996202,2.612431,5.280401,2.60234,1.700765,-1.501361,4.179215,4.531607,1.82439,,1.194284,4.28221,4.60189,3.304636,4.20861,4.009171,1.542944,5.501508,2.768497,-3.515881,4.457398,2.969569,3.181193,2.288498,1.685447,3.310031,-2.148779,2.052477,1.4409399999999999,,1.894526,6.411568,3.671443,,4.572759,0.652634,4.838316,5.041824,2.071972,5.602615,4.762511,5.407524,2.467432,3.357558,5.238444,1.835466,5.400017,5.470833,3.9012685,4.130301,0.572535,3.099724,5.41321,4.362997,5.403354,5.052413,1.203069,5.319821,5.406055,4.714657,5.014838,3.29011,4.50665,2.12775,-0.907079,4.781676,5.381151,2.152539,1.838101,4.714185
CAL-51,7.185137,3.867176,3.11467,,4.911361,3.3306,4.818453,-2.422375,1.901858,1.29029,6.931135,-1.080626,5.477862,2.426967,9.917521,-5.006717,-3.290208,-1.412515,-2.716356,-3.328785,-3.845696,4.004508,3.397467,-4.380312,3.118335,8.364352,-0.09551,-1.395064,-4.4909615,6.125765,6.293823,2.612853,2.452526,1.174386,5.403662,-5.227734,,-0.154892,-1.74756,-4.527063,-1.454337,,1.55547,3.19053,,1.39623,2.48267,3.335638,3.779303,5.996362,1.537032,5.426687,-3.848861,-4.519236,2.799869,2.848263,-4.964708,0.7539994999999999,1.573965,1.894818,2.510649,-2.106563,,0.581406,1.805557,,3.3616455,3.787239,2.076168,4.634199,4.47809,1.470937,3.746555,,,4.121011,2.469748,-0.754346,-6.155139,3.241112,2.982575,-3.489718,2.671705,,4.061512,4.28992,5.439889,2.828524,2.497296,4.572195,5.497235,5.6441,2.2953,5.411857,-3.127643,2.690701,0.16776,-0.212688,-0.69604,1.536159,0.943386,3.460031,4.87998,3.793918,2.248789,5.233132,1.344387,1.368797,5.521701,0.059585,2.774627,2.551953,3.050033,2.685505,1.637276,0.322818,4.98839,1.437156,1.572306,0.858816,3.586584,5.195685,1.188475,5.494281,3.365599,3.40177,3.824752,5.495975,4.992862,2.979844,2.022007,4.814742,3.51597,-3.63616,3.637058,5.607572,2.740366,2.373453,4.171718,2.105179,0.44345,1.234176,1.9350535,3.342177,3.366148,3.288213,4.242248,,4.792642,3.24931,5.227609,4.169381,1.896289,5.204245,3.845436,5.665516,0.058884,3.950364,4.244005,1.874298,5.552213,5.686009,4.2801015,4.128986,1.685719,2.861592,5.421666,3.912033,4.92927,5.365017,2.797028,5.082627,4.457744,3.612376,4.359477,2.56639,4.905403,1.295597,-4.802288,4.97869,5.337947,-0.241383,1.913057,2.507317
CAL-54,8.553686,3.030188,1.607282,,5.85303,2.578937,4.988807,-0.262357,3.601639,-0.019097,6.950588,0.265993,1.7262804999999999,2.688609,10.538655,-4.134078,-3.705529,-1.445438,-0.999351,-5.430072,-3.77551,3.878142,3.994313,-4.575388,0.879589,8.981709,-1.651837,3.805002,-2.325698,5.127561,4.747028,0.018141,1.094606,3.545307,5.982686,-4.903561,,0.327239,0.278337,-4.541742,-1.296202,,1.83591,-2.733774,,3.982398,3.750235,2.252661,2.478612,4.888816,-3.893999,4.293553,-3.075962,-1.718945,-0.196712,0.965316,-5.444832,0.938461,,3.013066,3.040667,0.11987,-2.159237,0.372958,0.804206,,2.861881,2.929879,3.005543,5.228333,4.031835,0.387641,1.009395,,,3.3735144999999997,-0.994841,-0.960756,-2.843322,1.124684,1.39727,0.367617,1.003504,-0.38657,0.886831,2.865889,5.846483,2.392015,2.025498,3.847452,5.85723,6.128418,0.47585299999999997,5.700086,-2.853638,,0.001048,0.492519,-0.512431,1.342278,-0.893766,4.884314,2.426078,6.008653,1.848589,4.38168,2.359278,1.66342,4.300642,-0.354348,2.816687,0.85019,4.865023,0.12276,2.107918,0.413088,4.408938,1.347137,-0.001645,-1.466518,4.964042,5.000282,0.585365,,1.027443,1.625341,3.493486,2.78739,4.77144,1.682598,2.50109,3.732705,-0.151464,-2.698336,3.48623,1.346109,0.359864,2.617554,4.052929,2.784849,0.64541,3.443894,0.8290915,,-0.630522,2.074702,2.0608,,3.952756,3.317748,5.42315,5.309404,2.737799,6.158566,5.30621,5.190954,3.250016,1.38056,4.021374,3.825833,2.124468,5.769995,3.6151904999999998,3.761113,-0.472733,2.25795,1.826658,5.330396,4.609271,4.916818,0.169957,5.549914,2.874115,4.77571,6.128418,-0.059738,5.422602,0.520692,-2.097857,4.279013,4.3187,2.357036,1.073716,3.622662
CAL-62,8.077346,5.576778,4.603875,,5.017587,3.702514,4.959377,-0.460883,3.836022,1.264723,6.304809,-0.162703,6.027820500000001,2.22516,10.444266,-4.323996,-4.144276,-4.017868,-2.598253,-3.939926,-2.971591,3.822208,3.3344665000000004,-4.858949,4.064299,8.592799,0.571043,0.595295,-5.196305499999999,5.067284,5.4522,3.288062,3.304137,2.354535,5.064488,-4.735124,,1.008831,-0.419082,-5.3782645,-0.988445,,2.47583,6.329215,,1.771618,4.430984,3.069545,3.339013,6.201489,-0.417557,5.586185,-1.203804,-3.852382,3.937551,4.869008,-5.657959,3.4059055000000003,,3.847076,4.13772,-0.378241,-5.383912,1.871424,0.572819,,5.4563109999999995,3.795324,3.522864,5.495221,4.68146,1.990013,0.486786,,,3.6623900000000003,2.117462,-1.516477,-5.633438,1.51405,2.563013,-2.289546,5.888034,1.04124,4.65522,5.289038,5.173108,3.315518,2.899422,3.867805,4.93636,5.606536,0.920966,5.471293,-2.622952,,0.836217,-0.502246,-1.383429,2.989625,1.167424,3.873033,6.016913,5.166374,2.957996,5.395174,4.412542,3.574186,5.334412,0.044804,2.03834,3.3253,5.341424,4.407747,2.601678,2.91041,4.323299,3.898467,2.892393,-0.361937,4.057437,5.675341,1.64485,,2.653773,4.918368,5.599205,3.840128,4.816205,3.757029,4.477003,5.142627,0.212008,-2.619494,3.193819,1.724108,4.211021,2.563568,5.260548,4.507755,2.416465,3.272539,4.7597125,,3.612687,2.735887,4.700288,,4.402356,3.615131,3.923794,5.470548,1.423231,5.737294,3.922963,5.627934,4.903888,5.056538,4.613417,3.22894,4.440657,5.571966,3.661066,3.016095,1.910691,2.794844,5.652161,4.337847,4.638625,4.110721,3.376853,5.565153,2.733504,3.962086,5.563047,1.315605,5.116286,2.042969,-3.434523,4.698974,5.329896,0.982125,2.727603,3.22372
CAL-85-1,7.051787,5.181398,5.068624,,5.495627,5.058824,4.574361,2.192918,2.026443,2.184527,6.809996,2.909554,5.2054725,3.297877,9.55201,-1.900334,-1.153588,-3.560111,0.568611,-2.735787,1.482215,4.176343,4.581008,-2.636919,3.823928,8.95401,1.071448,2.163297,-3.236727,5.799179,5.346739,3.627856,3.017949,3.120013,5.615954,-5.658033,,2.178657,0.860337,-2.9131255,-1.494233,,3.204835,4.087397,,1.982195,3.334891,3.449931,4.031147,6.332645,0.88624,4.549245,-0.694531,-0.231771,1.973152,3.718892,-5.919228,3.7367990000000004,5.200393,4.583953,3.979607,-0.781763,-4.587479,-0.697574,-0.163005,,4.3110045,3.1369,4.623004,5.548152,3.222434,2.273241,0.759929,,,2.6144925,2.505667,0.05537,-3.567656,3.856887,2.519926,-0.101986,5.987768,1.288734,2.783853,3.932632,5.167508,2.248718,2.991924,3.589272,5.366804,5.799179,1.518749,5.058197,-1.72859,3.587262,1.349034,0.914817,1.501055,1.763315,1.193365,4.616088,4.776082,4.760382,4.051015,4.56695,3.113316,3.435308,3.074064,1.410705,1.824792,5.798052,5.439017,4.38687,2.139491,2.674838,5.399458,5.273324,0.774117,-0.287249,4.791924,4.884952,1.293835,4.178039,0.515438,2.110079,5.347494,5.32799,3.677629,5.058959,1.724875,4.095163,2.23771,-3.158879,3.70208,2.099048,4.007479,3.437641,-1.958774,5.384018,0.936574,3.494285,4.6557335,3.595498,3.821016,4.437712,4.053697,,5.708655,3.115844,4.48405,6.150732,1.926221,6.083854,5.374416,5.234051,2.696965,3.164881,4.804343,3.030925,5.758578,5.799179,4.207943,3.796062,3.428494,2.954884,2.459716,4.408069,4.96448,4.991096,3.572382,4.019202,5.593969,5.235846,5.799179,0.966343,5.236922,1.254933,-3.279129,5.106008,3.775975,5.514,3.627489,4.128389
CAMA-1,7.358204,4.306561,6.468881,,4.76923,4.991239,4.808999,2.754763,1.978989,0.819275,6.428996,2.29549,1.160387,2.246491,10.720166,-2.046792,-0.469963,-3.638879,-1.06746,-1.126597,2.511105,3.88124,2.4485375,-2.108699,3.532176,8.596087,3.040831,1.246936,-3.785955,4.305678,5.876537,3.550515,4.034991,1.899362,4.912722,-5.576198,,1.714401,2.162039,-3.2701265,-1.268629,,2.447408,4.519336,,1.918205,3.724419,1.644317,2.638605,5.44707,3.542911,4.376827,-2.335853,-3.481898,3.888201,3.416447,-5.185186,4.4594365,3.855613,3.988783,3.585804,1.235117,-3.397561,0.25924,3.161851,,5.5958435,3.886926,4.449283,4.137725,3.259057,1.807389,3.541023,,,5.012238,3.211807,2.531047,-5.755301,2.671177,1.78618,2.53319,4.833317,-0.228638,4.392337,4.324309,4.727408,3.372751,3.185989,4.74441,5.399691,5.498552,3.110177,4.731821,-2.624406,2.560024,1.183887,0.916787,4.357529,3.141673,0.470889,4.145148,4.581982,3.870399,3.713292,3.607598,5.498552,0.091521,5.415492,2.335169,3.671581,1.958164,4.825067,1.180192,1.274732,4.666601,4.441312,-0.027713,2.083874,-1.008729,3.177318,4.417154,1.987001,2.008676,3.120898,4.972921,4.344292,3.882205,4.805042,4.063162,0.796388,5.095503,2.808222,-1.807301,3.366705,3.869021,5.4668,2.265831,0.749665,4.970266,2.295092,2.733936,0.3129055,3.179248,0.494365,2.820336,3.468526,,3.690625,4.31,2.723365,4.324369,1.869408,4.790854,3.031829,5.432725,3.492769,3.590073,3.990521,3.127909,4.488739,5.415623,3.4741345,5.17203,1.681919,2.541055,5.351908,2.539352,3.905364,3.303741,2.783362,4.593847,3.547428,5.263454,0.627158,0.600229,5.468388,4.6526,-1.398177,4.452071,4.423429,4.114297,3.182945,3.229856
CAS-1,9.00018,3.032904,7.642392,,6.503794,7.455249,5.646821,1.517377,2.496242,1.825424,7.86968,3.856805,7.3066715,3.837469,11.474212,-1.480809,-1.058668,-0.295625,-0.297695,-5.20436,2.257005,4.936695,5.1663250000000005,-3.163349,4.045488,9.243488,-0.306134,3.754538,-1.230229,6.480278,4.587236,3.899718,3.059162,3.875227,6.093761,-4.342708,,1.50045,2.462478,-2.2063595,-1.457734,,4.455584,5.919879,,2.474475,3.044537,4.09169,4.239706,7.280025,-0.043393,6.54117,-3.265436,,4.653728,3.954819,-5.775782,3.890137,,5.38585,2.089442,0.52649,,1.182134,1.67305,,5.874937,2.665109,6.542429,5.986981,5.258389,1.011866,1.62338,,,3.996912,2.781848,0.57523,-4.723669,4.809763,3.975,-0.091727,5.583041,,4.261821,4.738124,6.280984,4.209516,2.761149,5.919775,5.720666,5.768859,3.3391915,5.436357,-1.190731,,1.118991,0.574812,2.525087,3.179014,0.905233,5.597036,5.877051,5.87043,1.492152,4.625159,1.52605,2.910019,5.418612,1.89944,3.469834,1.465713,5.94463,3.360354,4.218615,1.083188,6.077662,2.137747,1.259197,-0.742472,5.016049,6.311202,-0.021613,,0.782485,5.467692,6.611371,4.856035,5.832442,2.351543,3.828622,4.677349,1.039934,-1.451907,4.996099,2.221345,1.543875,3.039554,6.145088,5.59912,2.269571,0.864269,2.854274,,2.854316,7.139297,5.994764,,4.840113,4.599733,4.378181,5.896658,1.267781,6.758888,4.619386,6.158753,4.647216,4.99151,7.04556,2.817411,5.582148,6.259303,5.112653,3.305446,2.532661,2.578998,4.594534,5.781123,6.488065,5.758584,3.854031,6.381009,4.915071,6.225007,6.620354,3.882619,6.905754,2.227899,-1.442319,5.832878,4.189267,4.420963,2.21071,4.827164
CCK-81,6.446104,4.581241,2.850751,,4.564864,2.536794,4.651122,2.941752,1.030576,0.507571,6.301921,3.188992,3.0840579999999997,1.850998,9.296432,-4.040787,-2.549696,-1.546459,0.272848,-2.571712,-1.364587,3.443538,2.4594665,-2.556771,0.030336,8.518213,0.433822,-1.783513,-2.9344555,5.118458,3.383933,-0.610354,-0.777609,2.067292,4.622263,-5.662747,,1.222666,2.129485,-2.8870215,-1.604573,,3.56458,5.476915,,3.707472,2.843586,2.852318,2.683007,5.28083,0.940785,3.4424,-0.861679,-2.805649,1.146112,3.051914,-4.372865,2.64858,,3.870937,3.38806,-2.079742,-3.316845,2.00531,-0.218513,2.807533,1.8888285,2.031893,2.104698,4.527264,3.974744,0.987787,1.148515,,,2.665779,-2.498602,-1.417477,1.33697,1.856308,1.439132,-2.632157,3.280602,0.313676,-0.840201,2.497707,5.105807,1.833467,1.272244,2.345543,5.272875,5.359763,1.9349985,4.729694,-0.197716,,0.677345,0.32775,2.326501,1.301479,0.789931,5.049923,4.838439,5.305313,3.565202,3.442825,1.071497,3.768047,1.722492,-0.768434,1.527605,4.514234,5.301437,2.517637,1.579791,3.391522,5.261103,2.849688,2.630008,0.532409,4.452671,5.3422,1.551043,,1.171632,3.444135,5.658436,3.726212,3.702112,1.404255,2.09918,3.854707,0.246912,-3.55517,2.496517,1.753429,3.396584,1.401718,5.103342,2.838281,0.291139,3.457727,3.2133709999999995,,3.159953,5.248808,3.964667,,3.752816,2.18662,3.434337,4.401039,0.765666,5.709349,4.989149,3.976296,3.379729,3.824703,3.199525,3.05777,5.137006,5.084562,3.855658,4.129915,-1.42341,1.477651,5.203213,4.032871,4.625792,4.271043,-0.349224,5.248393,3.491311,4.947783,0.31678,3.974611,4.461979,1.178381,-1.392369,1.056047,3.253859,3.17275,3.564476,2.718638
CHP-212,6.857572,1.807438,3.063912,,5.485428,2.911621,5.374136,-2.515389,0.022154,0.022809,3.788792,-2.48813,5.708294,2.319512,9.356527,-5.233896,-3.89964,-2.945514,-2.196885,-4.654752,-4.620522,3.439141,4.1342655,-5.365108,2.537067,9.571484,-1.651958,2.424385,-5.03862,5.290225,3.908223,2.947948,2.900561,2.223849,5.035974,-5.217127,,0.609068,-1.103389,-4.1146385,-1.687154,,2.935616,2.450733,,4.539722,2.572515,2.970342,3.491881,5.12571,-1.832269,4.419897,-3.877953,-4.945455,2.193741,1.095184,-5.20718,-0.5861305,,2.280199,0.639048,-1.512488,,1.279449,-5.51802,,3.4901295,0.588728,2.807874,5.359326,3.258575,3.69587,0.513132,,,-2.5717625,1.384804,-0.574864,-2.675334,1.22737,2.198838,-1.600424,1.461057,,2.865765,2.838629,5.239402,1.160005,-1.087871,2.405673,5.481111,5.484377,-0.6694115,4.794576,-1.497636,,-0.480382,0.388943,1.848172,1.992139,-0.067914,3.045164,4.904979,4.172376,-2.823198,5.062349,-0.055062,3.674194,5.430825,-0.82794,-2.241292,1.07273,2.212072,3.166884,0.964234,0.05929,4.562849,4.461907,1.551839,-0.320407,3.771282,4.035997,-0.947667,,-3.377017,2.085853,5.329782,1.476318,4.317868,2.390035,3.5895,4.470015,-0.721596,-1.60596,3.550108,1.582554,1.534669,1.796362,4.256673,2.759574,-0.117316,1.421745,2.2199340000000003,,2.966346,4.016777,5.316149,,4.906368,1.660003,4.87375,4.854973,1.30074,4.329201,5.021643,4.895587,1.340343,2.906446,4.777287,2.225333,5.46346,3.64825,3.0341009999999997,2.78528,2.295782,2.565389,3.082618,3.253202,4.212811,3.7134,3.290669,5.485318,4.877393,3.3506,-0.944461,3.077897,5.363808,0.213977,-3.692277,4.79243,3.654447,0.236655,1.402301,2.642812
CL-11,9.22549,5.325435,3.849237,,5.19055,6.881386,5.541627,4.278762,3.428816,1.251988,8.196277,2.201293,2.394765,3.19708,10.126011,-0.173333,-1.963383,0.090462,1.13749,-0.723844,-2.044907,5.247438,5.55839,-3.779739,5.098878,9.543824,-0.442538,0.702737,-1.4079655,6.527811,6.474234,5.099741,4.968676,2.730022,6.735236,-5.102143,,1.100799,2.960848,-1.112021,-2.075072,,4.338089,6.561672,,3.19942,4.147919,4.065027,4.242794,7.689115,2.777156,5.465617,-2.632624,-1.277514,4.877551,4.406674,-0.140384,3.7309655,,3.912985,1.370003,2.71037,,1.565562,-3.118505,4.722098,6.0893865,2.192528,4.980758,6.735317,4.500109,2.699908,1.852371,,,-0.14252599999999999,2.98961,0.004132,-1.00542,1.691097,2.212458,-0.353179,6.159508,,7.278064,5.193479,5.965368,2.393003,-0.572185,4.154317,6.319872,6.984534,0.694431,6.67798,0.270394,,1.826567,-1.00194,2.379564,4.704151,2.356742,6.446258,6.56371,6.768953,-1.088405,6.120569,0.878708,5.065205,6.935037,0.637727,0.363555,3.042401,4.592055,4.654046,0.642198,2.441422,5.961877,4.909091,2.878262,1.289383,5.251182,5.005117,0.109665,,-1.742112,4.806919,5.129098,4.127166,6.254579,2.849613,5.206893,5.762309,0.398661,-0.253779,6.041439,3.150506,5.173191,3.24719,6.362581,2.526469,3.461757,6.126724,3.2158595,,4.096954,3.428067,3.925912,,4.77632,4.294943,5.768023,6.193279,3.732,7.001544,4.900441,6.931811,3.680464,4.688775,4.931911,3.34663,6.872422,6.998217,4.0233445,3.863165,2.79962,2.676304,4.015164,6.127971,5.478594,6.948869,4.218501,4.995108,6.675015,3.585812,6.998217,3.986088,7.151577,2.156799,-0.274091,5.39757,5.40308,3.201413,1.114003,2.644527
COLO 668,7.274435,3.358165,1.782388,,5.039094,4.694375,5.591432,0.909984,1.956125,0.848285,5.892536,-2.545101,5.8437775,3.192556,9.49959,-1.505779,-3.536045,-1.657874,-1.683103,-2.345724,-2.113412,3.849797,3.3695285,-5.416793,3.017871,8.669418,0.404158,-2.252269,-0.6459259999999999,5.659879,5.654349,2.932194,4.015113,2.43442,5.59948,-3.261605,,1.721443,0.061386,-3.4552045,-0.596954,,3.497278,2.898533,,2.377824,2.815475,2.937497,4.259904,5.391594,4.085094,5.659729,-1.42776,-0.710952,3.408178,3.957366,-5.00409,3.850586,,2.120074,3.268741,-0.436394,-3.003416,1.832791,0.491435,,2.4573994999999997,5.447266,3.91883,5.363675,3.460665,2.028217,4.878963,,,3.3896699999999997,2.381658,-0.198486,-1.288206,-0.320899,4.868371,1.829572,5.649347,1.015442,4.621149,3.153368,5.641628,2.080545,2.328791,2.168275,4.331751,5.649144,1.4999259999999999,5.625563,-0.714151,,1.895493,0.717234,0.852005,2.068784,1.59887,3.590447,5.727513,4.985979,5.568708,4.586205,3.835131,3.040507,5.351672,1.454899,2.662992,5.164641,2.963512,2.555328,-0.283478,3.032415,4.652581,3.054026,2.60081,1.743256,2.20158,5.298892,1.771801,,2.122092,2.188203,5.347328,4.050441,4.38623,4.884506,1.897756,4.501302,3.891972,-1.107243,3.544753,5.321297,3.202523,1.810684,5.619418,5.273113,2.423477,3.306079,2.384859,,3.514447,6.396842,5.596588,,4.188918,3.122961,4.70518,5.743524,2.527257,5.127244,4.543757,3.630058,4.373498,3.696753,4.612957,3.357168,5.07577,5.659879,4.259196,5.452202,2.055786,3.207886,5.129545,4.422994,5.307345,4.331897,2.626506,5.61631,3.564807,4.524181,5.355447,3.44745,5.810763,1.03751,-2.633185,4.360568,5.471813,0.15058,2.692342,5.657908
COLO 792,7.821153,3.269944,5.880967,,5.572077,5.724339,3.963871,1.767544,1.967102,1.525788,6.742689,2.233378,5.791981,3.546399,9.333184,-3.819328,-0.211516,-2.344121,-0.819802,-2.567531,1.818484,3.92146,3.48771,-2.546627,3.842206,9.407159,-0.287529,-2.289305,-4.531359,5.123578,3.323746,3.365276,4.930374,1.866102,5.366886,-5.933623,,2.808911,2.021124,-3.7585870000000003,-1.697877,,3.896441,3.734397,,1.543098,2.973846,2.084943,2.483516,5.640144,4.420466,5.547172,-1.62832,-3.186834,2.690547,3.347282,-5.72123,2.014687,,4.524103,2.270823,-1.700887,,1.428011,-0.847109,,5.1532115,1.413108,3.237409,4.347552,4.841402,1.708812,2.143111,,,1.962335,1.340299,1.664871,-5.195349,0.083027,3.062132,-0.821718,4.077435,,4.193136,3.974858,5.055857,1.528657,1.602344,2.302879,4.296193,5.612299,1.228423,5.487526,-2.228853,,0.579994,-0.057787,1.589293,2.25784,0.451006,4.481595,5.32607,4.058742,2.636821,4.339502,0.753517,3.570652,5.603435,2.644453,0.006645,3.658315,5.224848,2.533155,0.182152,2.790884,4.875923,3.514909,5.028151,-0.43341,3.203556,5.318476,-0.550845,,0.715809,2.058979,5.611167,2.714283,4.233336,4.919152,4.280907,5.581284,0.930509,-2.908668,3.080572,2.584448,4.647352,2.310076,2.505258,4.344738,0.731097,1.497452,2.0863725,,1.92877,2.567917,3.055457,,4.016225,2.482499,3.679948,4.76039,1.299673,5.445119,4.755955,5.583699,4.838454,3.204669,5.291509,1.978956,5.364819,5.333837,3.187556,3.315837,2.668243,3.113951,2.299134,4.459499,5.537596,5.451002,3.239911,5.531335,3.517715,5.583837,1.046529,4.48506,5.195245,1.027577,-3.318282,4.919152,4.795472,4.355625,0.533409,4.365701
COLO 829,8.997636,7.243934,7.089344,,6.194036,9.202779,6.155002,0.887218,2.51717,2.004622,9.054587,5.014933,6.9286235000000005,4.435078,10.733013,-0.536092,-1.235034,0.366876,-1.165762,-1.807076,1.743696,5.338344,5.009573,-2.788938,4.749202,10.533788,0.786568,-2.438918,2.479663,6.635494,3.093606,3.677954,6.881015,3.810279,4.778342,-4.567711,,7.03379,2.564148,-1.969221,-0.67701,,3.866508,6.183117,,2.207239,5.007893,4.592124,4.284389,7.18862,0.647502,7.280759,0.633265,1.982828,1.129838,3.4115,-4.649589,4.99368,,6.298513,5.669571,0.352595,,3.719133,-1.961545,,7.3884815,4.827102,5.743777,5.818447,6.297876,2.273272,7.122119,,,1.210747,4.479725,1.359358,-4.653176,4.401265,6.929726,4.978174,5.85649,,5.795794,5.459622,6.017806,3.709966,2.927525,5.137742,6.977041,6.829434,1.8973514999999999,7.11181,0.166194,,1.71999,3.076316,1.098402,4.519751,3.724934,4.088327,0.67507,6.181562,4.09585,7.264934,6.140058,4.508059,6.779631,4.085693,0.10126,7.209871,5.130082,5.0899,7.133444,3.322056,6.249777,3.576789,3.043966,1.773867,4.94597,7.155523,1.095208,,0.326898,3.494454,,5.255035,4.278932,4.411333,5.061126,6.675079,5.672983,-1.175481,6.174117,6.076932,7.26715,2.203167,2.858536,3.288246,4.747903,3.234362,3.911666,,3.034439,6.045369,6.248798,,4.739406,6.243903,6.296727,6.199997,3.722983,7.045881,6.460363,7.213138,2.854812,5.558149,5.91805,3.248974,6.937826,7.237985,5.021591000000001,6.150753,2.918938,3.908813,4.890638,6.181074,6.910372,6.742484,3.956133,7.170359,5.06639,4.726687,7.58956,4.930651,7.387009,3.12777,-0.426102,2.658895,7.188055,2.818977,3.262148,7.280759
COLO-320,7.45634,4.045683,6.148747,,5.051479,3.577211,4.474117,3.834073,4.342333,0.014205,5.38552,-1.573041,3.936786,1.761833,9.238541,-5.292981,-1.33532,-4.2958,-1.6734,-2.603003,-2.013862,3.206594,3.2458355,-2.523369,3.441433,8.070312,-0.608413,-2.797715,-2.5865195,5.051479,5.808392,3.133638,2.603538,-0.137731,4.581437,-5.040052,,1.637198,2.500649,-3.5903945,-0.708139,,0.884978,5.182875,,1.277688,3.043863,2.127475,1.278044,5.723224,2.753378,5.051479,-1.32734,-2.9125,2.237298,2.05632,-3.521628,2.23577,,2.108354,2.743634,0.749045,-7.152781,0.738105,2.82454,2.411469,4.1648885,3.28339,2.016587,1.181882,4.157882,1.074817,3.880422,,,5.170273,1.626816,-0.688769,0.453357,0.644735,3.71793,-3.281936,4.260961,-0.680353,5.183637,2.705247,5.046198,1.387204,3.300868,1.510271,4.999679,5.051479,1.842546,5.041258,-1.968224,,0.142796,-0.37245,2.966276,1.542166,0.434293,4.357182,3.256827,4.795348,2.865375,4.379533,-0.682219,1.9568,4.969667,-1.000073,4.653896,4.371553,5.185719,2.059872,3.010412,2.788452,3.717465,2.796072,4.359591,1.281737,2.618894,4.638164,-0.083435,,4.752561,4.575973,4.714493,2.684293,3.046721,0.879535,3.844778,4.411539,-0.119567,-3.338891,3.813302,4.778418,5.288805,0.586565,4.721175,3.595658,1.259523,2.122606,3.7149015,,2.361079,5.548256,3.195324,,4.823868,2.304114,1.012972,4.788632,1.199116,4.39828,3.728778,5.349637,2.99916,4.634697,3.333506,2.500549,4.294012,4.337707,1.856976,4.366682,-0.224301,1.62001,4.873106,3.420537,3.997488,3.896576,2.549804,4.849849,3.427694,3.693576,-0.99365,3.644331,4.565193,-1.477838,-2.808224,4.233425,4.74988,2.992996,1.935307,3.587828
COLO-678,9.463328,6.98984,9.090562,,8.680801,9.518231,7.783956,5.802763,5.940347,5.148257,9.596219,6.64988,6.457882,7.784491,12.457217,3.857855,3.69225,1.946783,0.701927,1.838971,4.986886,6.277949,6.5130185,1.217972,3.85141,12.125419,2.013464,-1.310417,2.545452,8.07119,8.750155,3.076024,4.919347,5.45234,4.818736,-1.534907,,3.173883,4.587309,-0.9896865,0.222442,,7.148963,8.210428,,7.24974,6.011118,5.658206,6.269212,8.039799,3.608335,8.247948,1.747123,2.617104,3.205146,5.390174,-2.682571,5.09116,,8.29956,7.405367,1.256697,,5.27136,-0.246079,6.137692,8.008494,4.964987,7.813111,7.083195,5.370465,2.912046,5.252535,,,2.7948075,3.146964,5.075425,-1.99335,4.976955,6.972302,3.084331,5.292877,,3.685553,5.128445,7.924846,4.857794,2.134016,6.474739,6.021607,7.591122,2.934638,6.793649,5.056843,,4.502338,2.130322,4.787863,5.963258,5.515735,7.522586,9.03713,8.178633,5.883909,7.087385,3.607885,7.287097,5.065059,3.925806,1.750931,8.112764,8.095154,7.282918,3.677652,7.60985,7.765987,7.622303,7.009249,4.944349,4.44926,7.782381,1.714189,,1.581349,6.782166,8.235975,4.858227,7.189143,7.300705,6.848706,5.712732,3.486814,0.44383,7.606772,7.681808,5.409531,4.484752,6.953065,7.694314,5.285248,5.732473,6.048503500000001,,5.808162,8.905386,6.73212,,6.810576,6.916974,8.636472,8.303539,3.896171,8.077912,7.393638,6.963769,7.066274,6.837772,7.667125,4.792194,8.065785,7.730321,6.7082014999999995,6.054747,2.989028,4.107451,7.300344,6.80104,6.820476,7.831222,2.458084,8.001148,8.295357,6.816632,8.269294,7.646481,7.609883,3.335795,1.477486,7.579135,7.793524,6.975785,2.622698,7.600658
COLO-679,7.807628,3.849068,5.76117,,5.552529,4.895921,6.242831,0.48455,3.219002,2.45002,6.94293,1.910421,6.878667,2.85138,9.623654,-1.361954,-2.435797,-1.918563,-1.842982,-2.089851,-3.641703,3.784794,4.8117215,-3.171797,3.793372,9.563687,-1.190994,0.157384,-1.510558,4.744748,6.106736,4.061694,6.835988,2.820317,5.873918,-5.346711,,1.726062,1.782192,-4.4901435,-1.803041,,1.959002,5.757353,,2.006025,2.865283,3.691252,5.993842,6.258507,5.092191,6.114584,-0.614002,-0.923743,3.766562,4.951768,-5.275757,3.114501,,3.034708,3.83384,-0.553304,-3.99666,2.606334,-3.829524,,5.06229,4.495494,3.806804,5.896035,3.190516,2.316863,2.220147,,,-0.980278,2.714788,-0.948044,-5.882212,2.780081,4.268684,1.158141,4.179035,1.443746,6.173829,2.939938,6.144566,3.523742,0.407803,4.313291,4.409361,6.097322,0.156557,5.3728,-0.907502,,2.430515,1.646089,-0.793636,1.62339,2.379122,4.791912,0.169653,5.201916,4.721307,5.618547,3.892975,4.304241,6.034796,2.280054,-1.695296,3.48937,5.139526,5.497836,3.788638,4.852051,5.887802,4.891149,2.029041,-0.19422,5.141814,4.382174,1.381541,,-2.421225,2.970891,-2.190445,4.193205,5.057322,2.752155,4.403688,5.279479,3.532591,-2.740007,5.225068,3.340061,5.925171,2.81529,2.272359,4.182149,3.674295,3.425293,2.9025255,,4.238507,6.802541,4.681882,,5.64827,4.80071,4.966732,5.5349,3.069405,6.528322,5.643942,5.153522,4.692202,5.095662,5.614957,3.040848,5.40529,6.124275,4.1968630000000005,4.010648,3.2496,2.723124,2.778435,4.640226,4.070964,4.286143,2.612702,5.547316,5.833059,4.659257,5.164,2.409028,6.532,3.934776,-1.447479,-0.102296,5.979775,3.019016,1.24311,6.002221
COLO-800,,3.66742,,5.114139,5.51028,5.034749,7.022437,,0.587552,1.932743,5.981626,,,,,,-2.112239,-2.610512,-0.662176,-1.842445,-1.167743,,3.323709,-1.987522,3.394359,,2.00742,2.360273,-3.553576,2.408013,5.573484,3.195414,2.77268,3.388819,5.501343,-4.923313,5.102941,,,-4.645988,-1.187296,2.375627,1.949405,,5.241994,,2.791164,3.328252,5.625594,,2.867003,5.299473,-0.303058,-3.681111,3.885325,4.489992,,,2.32221,,4.979041,-0.073323,-3.539294,2.321339,-3.525075,4.996128,5.630838,2.29858,3.249372,4.640797,4.836209,2.48501,3.377118,3.238729,4.658721,-0.421784,3.046381,-0.68105,-4.185164,3.231115,3.126478,-1.311718,4.57763,,3.967492,3.904815,3.899521,2.867808,-0.042088,5.598847,3.702295,5.630478,0.403056,5.546184,-0.538279,5.542836,1.971838,,2.884043,,1.961506,4.48981,-0.181688,3.932165,3.306284,3.533012,3.769764,2.962859,3.667962,2.434557,-1.436634,3.717749,4.28987,2.675876,2.389503,2.965348,5.629436,2.492942,,,5.47117,5.584019,0.749849,2.213817,-1.34665,3.460614,-2.179188,3.955496,,0.788131,,4.022653,4.105157,-3.036281,5.630708,3.656195,,2.304731,1.803254,2.881151,1.744426,3.473258,3.14645,5.576145,2.985385,5.283515,3.737878,2.629607,3.935605,3.540517,5.583246,4.971585,2.252435,5.375214,5.358885,,2.294838,2.939784,4.378252,3.185549,4.457194,,1.862785,4.956699,2.784674,,4.549193,,,,1.736446,5.592491,4.828162,4.950305,,3.161265,,2.880474,-2.198378,1.230232,5.047672,2.422547,2.380342,3.266174
COR-L23,8.157951,4.519792,7.035914,,5.054495,4.351661,4.989707,0.142289,1.716095,0.607003,6.834325,2.766723,5.071519,3.671679,10.43765,-1.701943,-1.76208,-1.509648,-1.449351,-2.168161,1.858513,4.022717,3.5059620000000002,-3.589872,3.794117,10.133373,1.157419,-3.066759,-2.3791585,5.17336,6.008654,2.549926,2.933012,2.7938,4.036449,-5.488692,,1.950546,1.140479,-4.276085,-1.367891,,4.079888,4.624065,,1.794773,3.678919,3.611539,3.020761,5.799077,0.914144,4.787321,-2.37388,-1.366268,3.216408,3.991329,-5.425536,3.451765,,2.292761,3.478729,0.585572,,3.863448,1.232858,,4.2267515,4.836639,4.702592,6.033289,5.421402,1.668381,4.253706,,,5.1511835,2.127257,-1.052936,-5.543392,1.554275,3.972954,1.766699,4.921708,,4.770206,4.318286,5.585743,2.400368,2.132549,3.701576,6.463322,4.088638,3.0771430000000004,5.686594,-3.163919,,0.52058,1.037896,1.028302,3.03714,0.970187,3.955046,4.426202,4.708574,2.343834,5.865266,2.358403,2.188768,6.502209,-0.681571,2.288637,2.681273,5.950209,2.616148,2.269645,3.065252,4.561173,1.565043,2.99679,-1.292903,5.668665,6.079904,0.61031,,3.826452,3.775369,5.028867,3.70918,4.436237,2.430678,4.600021,4.638484,3.277992,-1.023806,5.226396,4.221355,4.346782,2.014378,3.167557,3.491163,0.88857,2.187205,3.0424094999999998,,2.718298,6.27184,4.015371,,4.479613,3.393806,4.334989,5.897631,2.18625,6.377826,4.196821,6.046802,2.935963,4.754474,4.946895,2.925258,4.740867,4.391548,3.0311820000000003,5.525462,2.272615,2.938245,5.339342,5.126418,5.236733,5.518148,3.685854,6.374717,5.356786,4.544713,6.166033,4.076685,5.886002,0.553363,-2.278014,5.229759,5.798885,2.952274,1.90285,4.665698
COR-L279,6.911369,3.714037,,,3.954532,3.855361,,,,0.624088,5.935839,3.059667,,2.298458,10.283877,-5.539384,-4.877869,-5.093513,-1.52274,-3.594987,-2.4655,,2.180924,-5.836863,3.683739,8.612156,-1.584069,,-6.391892,4.686703,4.988332,2.928292,2.004461,1.762307,5.029397,-4.044038,,1.3743,,-4.059843,-1.396554,,1.617883,,,2.269146,2.210268,,3.134634,,3.245661,4.661523,-2.698304,-5.205583,2.654617,3.71101,,2.449623,,-0.488126,1.139524,0.515913,-6.483752,0.252741,3.073577,,1.446716,0.393659,,3.536962,1.769216,1.107974,,,,4.280345,0.999564,-0.02459,-2.779219,0.072637,2.430435,,5.576777,0.941694,4.331596,2.661778,4.084286,1.472525,2.823151,3.483182,,4.643471,3.9914785,4.156323,-2.117514,,0.741273,-0.418793,-2.024556,,0.262137,1.361372,3.687553,,-2.615778,4.626544,0.745597,1.183702,,1.094159,4.288816,2.471809,,1.274708,-1.20705,,,2.259239,,-1.043392,,,0.753334,,3.858906,,4.687004,3.434558,2.136489,4.26898,,4.307404,1.620046,,3.562834,,,2.183364,,3.072605,0.934583,2.832199,0.25217,,2.616546,,,,4.221329,3.320467,4.73652,4.023867,1.642371,4.882532,,,,,,2.961547,4.111289,5.036988,4.14855,3.045826,1.290055,,,,,2.855518,2.358516,,3.24977,3.527913,,0.56178,,2.498935,-2.082487,4.249744,,-1.922272,2.078997,1.981138
COR-L311,6.092452,5.156472,0.459634,,4.878321,4.724747,5.135996,0.473502,1.045332,0.442346,5.846322,-0.627305,5.5307025,4.237952,8.85754,-3.844284,-4.507048,-4.387403,-1.27947,-3.859222,-1.667695,2.444655,4.0685065,-5.988672,3.492994,9.066377,-1.549161,-3.733188,-1.5069555,5.102432,5.060004,3.353247,3.778194,2.388928,4.141266,-4.560052,,0.706716,-0.330308,-3.3143075,-1.616824,,2.688605,4.013025,,2.817243,3.877762,2.799846,4.550532,5.752665,3.868071,4.766599,-2.196762,-4.343222,2.992752,4.426293,-5.418283,3.6909425000000002,,0.921527,1.677021,-0.039247,,1.224022,2.601304,,4.265807000000001,0.107779,4.401361,3.224838,2.384294,1.912639,1.143932,,,4.5266185,1.501244,0.789939,-5.69215,-1.661962,2.565274,-4.684558,5.337561,,4.45413,3.379393,4.812351,1.490964,2.728326,1.49827,3.716855,4.957035,3.49789,4.952917,-0.654129,,0.931869,0.348066,-2.615421,1.049643,0.67965,3.282913,4.752856,4.970889,0.452174,4.522597,-0.621485,2.723165,2.111421,0.432033,4.639882,0.021908,3.344141,1.775387,-1.918687,1.681641,4.628332,1.655106,3.757485,1.209554,2.926909,3.633238,-0.371069,,5.064396,2.666155,4.028055,3.491241,2.18539,2.075923,1.833674,4.615811,-0.186908,-3.159344,3.232249,3.161839,2.657331,-0.13528,2.042989,4.607421,0.780813,2.407246,1.817461,,3.030429,3.22375,3.842475,,5.102432,2.229532,4.839402,5.423302,2.093196,5.268046,3.273991,3.421474,2.743055,5.102432,4.409884,1.971568,4.775527,4.500953,2.4849485,4.802606,2.206778,2.087703,2.942769,3.593667,4.390288,4.981257,3.091202,4.016307,4.844594,3.735157,2.908466,4.40484,5.298479,1.495252,-1.083609,4.408353,4.861413,0.631793,1.739728,2.538773
COR-L88,7.9816,3.256814,,,4.220618,5.4407,,,,0.537339,6.675422,1.168883,,3.131704,11.061938,0.386716,-1.104621,-2.268138,2.219804,-1.172965,1.019025,,3.115348,-3.620564,3.801551,9.774454,1.517097,0.910492,-2.723178,4.764631,5.754087,3.695675,3.977566,4.25452,5.643245,-2.22054,,3.661277,,-1.827757,-0.361328,,4.230321,,,2.109235,1.951099,,3.350547,,4.315929,5.795441,-0.793593,0.368592,4.066789,5.164663,,4.197751,,4.372985,2.956161,1.247697,-3.425715,2.239628,2.769237,,4.12195,3.981184,,5.291367,3.277734,1.615171,,,,3.382135,2.025918,0.167508,-4.90505,-0.894247,4.253369,3.490179,6.117068,0.535225,5.190155,3.62498,5.176323,2.634774,4.0683,4.322924,,4.959097,3.4248005,5.636024,0.261776,,3.773033,2.603391,3.209125,,3.765469,3.705612,5.168891,,4.35283,3.257145,3.769387,4.39763,,1.026457,4.762196,4.665383,,4.00701,-0.800911,,,4.426695,,2.678275,,,2.095171,,4.317399,,5.789122,3.998347,2.890727,3.559237,,4.084388,4.490211,,3.959096,,,0.836206,,5.283524,5.34737,3.636008,5.592303,,5.6956,,,,5.386224,4.516391,4.500925,4.94021,2.755065,5.829841,,,,,,3.384636,5.208893,4.427674,4.307497,5.625303,1.204288,,,,,4.9184,3.520475,,3.83603,5.69843,,2.404976,,4.980409,0.80265,5.045946,,2.954241,4.344461,4.594074
Caki-1,,3.95257,,6.082508,6.308377,3.407549,6.760981,,1.623807,1.88754,4.910906,,,,,,-3.24826,-1.74726,-0.146758,,-2.83351,,4.281295,-3.549539,2.40995,,-0.526783,3.007796,-2.870555,5.032723,6.455959,1.314372,1.61529,3.835118,6.524112,-4.883468,4.906385,,,-3.511491,-1.656885,2.272432,2.894453,,5.548689,,1.873438,4.18799,6.58388,,-3.473399,5.9447,-1.03561,-1.086277,1.514113,1.930788,,,3.721317,,3.696904,1.39798,-4.069775,1.655644,1.359014,5.895654,3.197151,1.554737,2.858271,5.485006,5.028386,1.830615,0.047934,6.437313,1.833078,3.069614,0.21936,0.914238,-2.817808,5.193398,1.821176,0.289705,2.950436,,1.741666,4.702017,5.100771,2.590567,1.963509,5.577222,3.667619,6.58388,2.65771,5.980221,-1.928556,1.977713,1.691588,,2.451822,,1.578406,4.943151,2.133536,5.573366,1.295909,5.527076,1.82836,4.08662,1.567996,0.266591,2.430491,3.033701,4.847071,3.470967,3.746781,0.894718,5.089364,3.169018,,,3.530781,6.295833,0.988173,2.807564,2.039286,1.963867,3.569175,2.584546,,4.038911,,2.955342,0.525555,-2.017509,6.123187,0.760377,,3.004111,6.039318,3.076052,2.017253,3.528271,5.157305,3.194546,1.65904,2.861206,3.277883,3.544739,5.066163,3.100032,6.58388,5.65496,3.393964,6.497912,3.110002,,4.330469,2.26621,4.115267,4.212644,5.438778,,2.41882,3.32517,-0.067723,,6.502265,,,,0.425049,6.58388,4.087581,4.266816,,3.36383,,1.792295,-2.115216,5.833816,4.197126,2.12348,1.989226,2.629449
Calu-6,6.992724,4.991709,5.516963,,5.814709,5.8463,4.655038,0.358815,3.613396,2.664503,7.818158,1.612221,4.768357,2.395597,10.546868,-3.536138,-1.928528,-4.147054,0.376143,-1.850799,1.054217,4.385326,4.117955,-3.807451,4.44232,10.571541,0.483136,1.762074,-4.6583179999999995,5.601521,4.270744,3.90273,4.387945,2.002311,5.818845,-3.823143,,2.13881,0.189929,-3.9996525,-0.982248,,3.989197,6.000158,,2.276102,4.456543,3.499243,5.438992,6.418098,3.153303,6.395928,-0.506633,-4.315537,4.611581,2.597553,-5.708989,2.013388,,2.964544,3.393817,-0.405727,,1.18527,-1.438707,,4.063429,2.003622,4.126809,5.246363,5.674242,4.749443,4.983362,,,1.454042,2.265253,-0.390176,-5.486806,1.505137,4.812856,-2.115904,6.322344,,4.953649,4.520977,4.518237,3.365211,-0.059798,4.420287,6.350921,5.860943,0.780207,5.965743,-1.814019,,1.327509,0.154225,0.67542,2.857335,2.62492,4.357745,3.063061,5.704229,1.745905,5.825464,1.54738,5.5263,6.37573,0.055324,-1.035603,6.171342,4.940977,3.724197,0.530576,1.924504,5.761101,6.358415,2.364137,0.067146,4.137007,6.067236,1.183902,,-0.237772,3.667911,3.424857,4.424214,5.664757,1.409009,4.918549,6.504226,4.604914,-1.470228,5.739874,5.513501,3.72411,4.011616,-0.672861,4.450616,4.493536,2.901713,4.9222335,,6.429372,6.278942,3.533876,,6.429413,4.873896,6.255408,5.820685,2.41736,5.902127,5.894404,6.253771,1.986698,3.404372,4.009404,4.028124,6.115887,5.161846,4.491034,5.50666,3.48159,3.950994,4.942891,4.806004,4.501557,5.513981,4.541442,6.162267,6.386763,5.716178,5.927374,3.514348,4.754346,3.835405,-1.916616,5.143774,5.867953,3.895983,3.146853,2.680205
Caov-3,7.666442,4.265987,,4.097008,4.958011,2.709018,4.74737,,2.808279,2.507038,6.459558,,,,9.158797,,-3.812728,-5.706168,-0.853817,-4.357155,-5.473842,,3.18529,-5.733068,2.991535,9.096877,-1.303512,2.907173,-6.388037,4.109985,5.629081,2.920203,3.71274,2.193701,5.728961,-6.029822,5.537344,,,-4.685985,-2.340095,1.895237,5.001267,,2.62196,,2.975013,3.271537,4.760741,,-1.806322,4.836794,-2.108664,-4.720641,2.580478,4.672927,,,-1.235416,,1.340209,-1.914779,1.706221,0.476028,1.636902,3.442982,4.481051,-0.035701,3.591205,4.421234,4.022491,2.652211,-1.042176,5.744684,1.372824,3.613406,2.703569,-0.61261,-3.826012,1.280709,1.430649,-2.434963,4.665872,,4.968042,3.266395,4.319649,1.446997,2.196189,4.335648,3.966901,5.737928,2.968149,5.694114,-1.872236,1.450713,1.783887,,-1.851135,,1.912202,3.81279,3.335538,0.204291,-2.780431,4.524203,0.192233,3.685453,4.268067,-0.238499,2.786176,2.616302,4.566761,4.872346,1.969036,0.224212,4.969832,3.038439,,,2.875242,5.699119,0.007151,2.446192,2.159645,4.284848,3.121354,3.843242,,1.809679,,5.509263,-0.662286,-3.174563,3.391403,0.828763,,2.882158,-3.064115,2.616978,2.802877,5.531233,4.549924,2.761759,2.737979,5.704807,5.232282,2.511778,4.877007,3.507413,5.689216,5.119445,2.627944,5.514352,4.608583,,1.420226,3.753083,4.314282,3.442099,4.164592,,3.321052,2.393144,2.711416,,5.582375,,,,2.630414,5.744684,4.577554,4.399038,,2.594345,,2.500115,-3.109453,5.550634,5.050597,1.591574,0.92168,1.842555
ChaGo-K-1,,4.72417,,3.882497,5.145673,4.548298,5.605614,,3.169272,2.312374,6.250958,,,,,,0.528845,-3.995556,-0.47499,-1.993414,3.698354,,3.22359,0.701255,3.77773,,0.792444,2.228573,-4.440055,3.264811,5.519131,4.558511,3.844919,2.654657,5.438838,-3.296432,3.91744,,,-4.702348,-0.550629,3.033795,2.637275,,4.490266,,2.549776,2.940841,5.527277,,3.192499,5.524762,-1.13537,-3.903305,3.910356,4.558004,,,3.269067,,3.376517,1.474544,-4.642514,1.901579,4.352697,5.236848,4.397329,3.384924,3.104129,4.271677,4.700882,3.342408,2.406921,5.527277,2.838163,5.458941,2.878743,0.7022,-3.331561,3.565182,3.17136,1.30333,4.703996,,4.084099,3.715774,4.419633,3.078297,3.307874,3.566044,3.941557,5.526739,4.447577,5.490048,0.482059,3.30034,0.724704,,1.917176,,1.783108,5.553494,3.093399,4.333135,3.561323,4.478325,2.183516,3.720112,3.501509,0.553547,3.119516,3.156155,4.750141,4.20219,2.518218,3.672711,5.167032,2.989256,,,3.605832,4.954696,1.539625,4.106242,3.964881,4.312421,3.861137,3.892824,,4.60647,,3.724583,2.222395,-3.184179,5.108296,3.900395,,2.912402,2.114939,4.209444,3.756065,4.591988,3.819242,3.160167,2.578872,5.215825,4.867036,2.531545,3.81035,3.698121,4.708969,4.022883,2.349584,4.085074,3.733114,,3.967516,4.139266,3.58305,3.224692,4.970336,,3.046281,4.950543,2.041674,,5.248351,,,,1.529422,5.527277,3.618016,3.562212,,3.63456,,3.860317,-1.284468,4.820115,4.697268,3.648069,2.896348,3.309044
DAN-G,8.063215,3.615418,5.099858,,5.493916,3.930694,5.320679,0.965525,1.919385,1.050833,5.95587,0.386478,4.049052,4.671754,10.263992,-2.152137,-1.923539,-4.539781,-1.332864,-3.887904,-2.543222,3.521299,3.995171,-3.050941,2.79799,9.22048,0.724296,-3.176901,-2.6631335,5.653138,4.716658,3.068887,2.765818,2.159055,4.906512,-5.448212,,2.259666,1.526934,-4.043265,-1.77638,,3.770229,4.561325,,2.326583,3.752512,2.847866,3.45067,6.389956,0.683319,5.715473,-3.603353,-2.44509,2.013434,4.084601,-6.000981,2.904897,,4.736378,3.979353,-0.925813,,,0.260593,,5.1413934999999995,1.724231,2.846326,4.826903,4.159336,2.30997,4.471479,,,3.184021,1.149482,-0.461742,-3.727959,2.464964,3.189803,-0.830613,5.478388,,2.728717,2.746587,5.454388,3.805087,1.112909,3.703411,5.235476,5.210786,2.1882775,5.497118,-4.329589,,0.277666,0.97419,1.526322,2.088879,0.244937,4.914472,4.088372,5.526977,1.98971,4.875518,1.009473,2.705583,5.618781,-0.233354,1.93586,4.2625,5.041731,1.849071,2.075579,1.547009,5.204191,2.804738,0.264995,-2.330807,4.102243,4.813556,0.393973,,0.348999,3.381894,4.648622,3.763801,3.645559,2.717604,3.976456,4.471689,2.412424,-3.665758,4.650946,3.845021,2.761884,3.553196,2.018011,3.760295,-0.043865,2.859435,2.201548,,2.801389,6.359852,2.943504,,4.602747,2.104955,4.195184,5.487579,1.07057,5.226852,3.958681,5.58232,2.644547,3.416763,4.686351,3.189776,3.672011,5.625088,2.948146,3.890627,2.243642,3.110765,3.862788,3.464397,4.011658,5.17039,2.570147,5.610274,5.69342,4.052789,5.706929,0.312732,6.393544,1.425193,-2.773182,3.380642,4.971338,3.904393,2.214209,4.202054
DB,7.219656,2.789686,2.320669,,5.266657,4.347801,3.297761,-0.871831,0.872623,-1.4138,6.228458,-0.437335,4.6537165,0.720553,9.522427,-5.785595,-4.620835,-5.280045,-2.151592,-1.898512,-4.93692,3.398648,3.6074364999999995,-6.29184,-0.047939,9.12596,-0.38808,-2.899353,-5.358610499999999,5.266798,4.224319,1.584707,2.777642,1.121969,5.40393,-6.674293,,0.410203,-1.091166,-5.9045825,-2.57425,,0.260748,3.744551,,1.720165,2.997783,2.225317,1.788391,5.891609,2.455654,4.159968,-3.696906,-4.808236,1.721931,1.486475,-5.682638,3.3151520000000003,,1.166298,3.188367,0.579978,-6.209319,-0.69546,2.854728,,1.5570505,1.60583,2.341727,5.266798,2.772387,0.87247,1.702522,,,5.0913885,0.712811,0.312131,-4.890018,-3.609199,2.101989,-4.349403,3.727526,0.103857,4.706385,2.560023,5.266798,1.882329,2.433964,4.228529,5.251192,5.400701,3.3329215000000003,4.404243,-3.788401,,0.376963,-0.095105,0.315632,0.866191,1.811829,3.532793,2.667481,4.716388,1.77249,3.942083,3.454304,3.69394,5.265823,-1.021587,4.655115,4.698971,4.250475,2.096728,-1.126014,1.479419,4.150249,2.796453,2.275689,-1.343554,5.169454,4.072682,1.312166,,3.487016,2.651807,2.097618,3.022205,1.752707,3.67334,3.160777,3.897602,0.734067,-3.531087,3.736273,1.381542,4.799787,-3.807164,1.180234,2.578156,2.948035,2.064927,3.8633765,,5.266798,3.676561,2.176096,,3.789217,4.692778,4.791043,3.922778,1.388338,5.359659,2.295071,4.849801,2.447492,3.456237,3.213618,2.162499,5.266798,5.314302,2.6492055,3.378196,1.664882,0.984153,3.238837,3.334617,3.337927,4.2275,2.642466,5.234812,2.550186,5.253655,-1.390821,1.33002,5.426856,3.131682,-2.21885,2.078688,4.022293,1.857844,1.70176,1.359417
DK-MG,8.575089,2.84761,7.486101,,5.657934,7.462406,7.124226,1.302469,1.896551,2.167115,7.37616,4.098011,6.7249935,5.727537,11.055485,-1.987873,0.993621,-0.670578,0.04763,-5.13658,2.729763,4.548691,4.668729,-1.305046,4.626196,10.402104,0.367078,1.792512,-2.1845529999999997,6.247793,5.618947,2.816785,4.081232,2.94071,5.701998,-5.459388,,3.133435,2.250133,-2.2772535,-1.679738,,2.504052,4.811802,,2.141338,3.559937,3.919502,4.214657,6.60431,0.406838,6.324077,-2.323678,-3.615737,4.788461,3.76173,-5.254078,0.703829,,6.167498,1.766001,-0.168752,,0.011594,0.972047,,6.668175,2.704838,5.378925,5.858133,4.939968,0.932491,1.568497,,,4.1866485,1.812568,1.108203,-3.032287,2.081554,3.136337,0.997149,0.887416,,3.938905,4.39416,5.454584,1.769434,1.738899,5.822034,6.387489,3.888488,2.5585204999999998,5.897452,-0.585928,,1.515651,-0.062606,1.18467,3.312767,1.936333,4.829613,4.667119,5.974964,2.064087,6.310786,1.660313,3.159301,6.318824,2.723456,1.775815,3.00897,5.981959,2.809673,3.840376,1.182583,5.095471,3.310832,2.351586,0.567586,6.256872,5.710279,-1.198118,,0.377192,5.217001,6.210948,2.765585,5.655339,5.088346,4.586112,7.117978,1.994094,-1.852876,4.093285,2.744195,3.10271,1.632945,1.247356,5.737695,2.868599,3.486677,2.5569930000000003,,2.655739,5.970921,3.049195,,4.843347,4.675535,5.125877,5.977118,2.594104,6.784259,6.130674,5.769862,5.502592,4.485961,6.15995,0.563923,4.679076,6.19424,3.6946614999999996,3.963116,1.312742,3.003967,4.920716,5.457069,6.185821,5.860383,2.759826,6.389195,5.500194,4.857719,5.39342,4.954995,6.358948,2.772716,-1.149682,5.704752,5.361858,4.317402,2.726197,5.390989
DMS 114,8.270719,2.564664,6.44028,,5.192482,7.308453,5.094684,3.340464,4.452391,1.58863,6.215705,2.964198,6.255687,4.062533,9.986015,-4.25325,-1.097768,-2.933978,-0.909271,-2.066466,0.905363,4.019365,3.510747,-3.940558,3.764117,9.308347,1.88566,0.205,-2.8452835000000003,5.777513,5.70751,3.358718,5.208432,3.201158,5.765134,-4.719559,,1.749086,2.184625,-3.227308,-1.353525,,3.59646,5.777744,,1.281085,2.406205,3.348623,3.346423,6.291922,3.946837,4.869457,-3.626818,-3.39586,3.791835,4.690614,-5.582753,2.078408,,3.466959,3.301418,2.006825,-6.667556,1.244409,3.532084,,5.4108979999999995,2.375695,3.349767,4.645073,3.834446,1.100067,2.402877,,,5.571555,2.180343,1.622829,-5.443728,3.158742,3.381592,-2.129661,4.603319,-0.521585,5.438376,4.242423,5.777513,2.44818,3.277054,3.758066,5.586949,5.582499,1.6233719999999998,4.716262,-1.506732,,1.231362,-0.132731,-0.188836,3.563964,0.549889,3.711937,5.581733,5.56506,2.905146,4.209054,2.681928,3.408549,5.70535,1.986939,5.300306,3.727566,4.494617,3.505864,2.453443,1.542189,5.697788,3.0257,2.494108,-0.097107,3.310795,5.77271,1.373562,,3.866779,4.777694,5.10134,3.335182,4.451144,4.285813,3.937501,4.846635,2.249205,-2.529616,3.537937,4.154895,3.095077,1.988627,2.087527,5.562884,2.565554,1.323169,3.4518415000000005,,4.101799,5.299612,3.877572,,4.403117,4.207266,3.924405,5.292848,2.55741,5.955769,4.841027,5.110587,4.272943,5.053809,4.595563,3.184168,4.856789,4.808689,3.5663905,3.67664,1.807672,1.776182,5.642067,4.824651,5.00953,4.490808,3.214395,5.036475,3.745918,5.69725,1.463031,0.728397,6.130015,1.93008,-2.121049,4.627391,5.658296,3.33988,1.905196,5.777513
DMS 273,5.534701,2.897786,3.734921,,4.660585,4.725886,5.631535,0.129285,2.189135,0.912868,6.4325,0.891482,5.726898,1.128206,7.978001,-4.728188,-2.648304,-4.708273,-0.547578,-1.728751,-2.585257,3.774616,3.177992,-5.045165,3.777454,9.529148,0.5869,2.050697,-6.201032,2.977839,5.001767,2.316929,1.993521,1.660799,5.071466,-5.229503,,0.779155,0.00777,-3.9567615,-1.410259,,2.006325,4.7514,,2.457174,1.726191,3.120152,2.280523,5.448999,3.040542,3.864288,-2.836247,-4.330428,3.846276,3.767375,-6.02172,2.765057,,1.700361,1.553593,-0.292533,,0.886231,2.872478,,2.567516,0.182554,3.126138,3.909493,4.761822,1.595177,2.597026,,,5.1187845,1.285663,0.136428,-5.334051,3.098482,1.489561,-2.931878,5.174826,,3.81885,3.487329,4.115569,1.277564,2.528994,4.510665,5.485876,4.419967,2.735225,5.344337,-2.404313,,0.254694,-0.499202,1.74916,1.596149,-0.448125,3.082454,4.102596,5.31606,-0.513126,4.000306,-0.01731,0.617149,4.820984,0.221201,4.959871,2.049502,4.248299,0.151061,2.504218,0.585243,4.940682,0.313437,0.062673,-2.390393,3.866409,5.215449,-0.446819,,4.06721,3.309505,5.369952,3.22784,3.427731,3.073719,-0.091546,5.681731,1.05439,-3.90342,3.338764,2.841052,3.10043,2.223787,2.092622,5.1513,1.38935,3.148284,-0.122091,,1.035245,3.637537,3.487249,,4.477487,2.713754,4.376908,4.611482,2.234036,4.640943,5.03841,4.239271,3.094845,3.685546,5.123308,1.208969,3.585751,4.634009,4.0632595,3.51919,2.897598,2.749189,2.709251,4.706134,5.093549,5.489921,3.283368,5.07203,3.327279,4.15968,-0.439375,1.130616,5.850844,2.666656,-1.727663,4.796877,5.008553,1.604513,2.102497,3.282566
DMS 53,7.142846,4.084216,1.639234,,5.220402,6.608351,5.212385,0.274155,3.105813,2.641181,6.970444,1.569032,6.8233375,4.447801,9.091903,0.86281,-3.194719,-1.051835,-0.338846,0.027569,-0.345933,4.173054,3.003119,-5.120981,3.443759,9.493751,1.85512,1.48188,0.27667300000000006,5.55347,5.552118,2.22405,6.263806,1.455642,5.833212,-3.635902,,1.443922,-0.192248,-2.9536695,-0.30541,,3.401091,6.428151,,2.192818,3.181727,2.826768,3.697314,5.947282,4.101645,5.758346,-2.73787,0.425243,4.093084,3.40539,-3.98301,4.8686485,,3.334013,2.136777,3.893289,,2.849335,2.520319,,4.1473510000000005,5.646695,5.519099,4.368567,3.944577,2.529178,4.185515,,,4.7955565,2.597171,2.837074,-1.386209,-1.927282,5.811507,2.732031,5.385656,,5.653696,3.754903,5.40906,4.09947,1.874164,3.225279,5.787761,5.736504,2.5312485000000002,5.21669,0.986196,,2.587464,0.896906,2.440758,3.807911,3.287468,4.023422,4.870926,5.810597,2.848961,4.336211,3.891166,5.451251,5.844772,2.115565,2.907567,2.197349,3.951236,4.296507,-2.937862,4.026047,4.363301,4.952514,4.72749,2.372107,1.841716,5.423828,0.907969,,3.333901,5.447284,3.914593,3.947248,5.162101,3.764237,4.644002,5.100763,5.855921,-1.81148,1.78776,4.592548,3.77895,-0.74274,5.637824,5.323133,4.135556,1.752478,3.7077055000000003,,5.060321,6.349172,3.245295,,3.97569,4.917435,5.420555,5.203812,1.11706,6.054811,3.607605,5.456144,4.657861,5.235214,3.450185,2.530493,5.452243,5.324195,4.4549095,5.720324,1.93432,2.74799,5.644616,4.844297,5.295179,4.91924,3.551255,5.490707,5.825058,4.755388,5.168503,3.356718,5.578549,3.156742,3.532278,4.642635,4.561268,2.069836,3.547925,5.855921
DMS 79,,5.250967,2.141444,5.345591,5.216055,3.132114,4.457475,-1.20176,-0.158153,1.099201,5.235134,,6.261245000000001,,,,-3.955395,-1.444792,-2.202617,-1.728306,-2.52967,3.671881,4.1324485,-4.94943,2.757573,,0.358922,1.835205,-0.370765,4.108566,5.287906,4.437561,5.286728,2.957534,4.615416,-3.817741,4.88849,,-2.101904,-2.921583,-0.485605,2.449173,3.728821,5.277584,3.635997,,3.748459,2.998797,5.345459,6.040377,3.590436,5.110285,-0.803048,-0.083001,3.537568,3.764673,-6.23855,3.721872,2.793485,,3.889131,-0.006936,-3.143649,1.431975,3.938077,4.773832,2.389762,3.494123,2.821662,4.152657,2.74337,4.394566,2.791006,3.927585,4.046568,5.0652925,3.031082,0.650226,-4.212733,-0.416934,4.320891,0.151745,5.262638,,4.932158,2.121832,4.407878,3.747997,3.595418,4.86112,5.437497,5.335295,5.236944,4.651121,-0.816967,3.108447,2.971153,3.374477,2.218002,2.019735,2.606844,1.609229,4.943558,5.592602,4.899754,4.611038,3.158589,2.916736,5.477919,2.082725,4.436885,3.783877,1.383221,2.159046,-1.310702,3.553908,5.170956,3.170791,2.699452,,4.338768,5.615724,2.753822,4.17093,5.259975,3.175691,5.1705,3.737792,,3.894074,2.456473,5.281161,1.656427,-2.742837,4.506461,4.727828,3.774951,2.265866,1.161968,3.84291,3.30737,5.345388,2.030131,3.724581,5.00167,5.580386,4.945987,1.716271,4.95058,3.625615,5.34723,5.106498,2.285026,5.07539,3.941712,4.816115,3.963123,4.990078,5.423603,3.044645,1.715357,,3.268779,3.683089,3.019473,2.858086,4.787338,4.450215,5.342006,,3.043318,5.652549,4.720414,3.898751,5.00677,2.426287,5.898195,4.474834,-1.844923,4.643767,5.348042,-2.11828,2.796113,3.49331
DND-41,6.244517,3.129322,3.058153,,3.820115,4.064133,3.726742,-1.977516,1.242386,0.398397,4.759246,-1.787763,4.679262,1.760674,9.682023,-4.491919,-4.247576,-2.522871,-2.06125,-3.991609,-2.259433,2.775446,2.4278205,-6.231439,2.021368,8.30587,-1.611135,-3.218292,-0.7707025000000001,4.384884,3.844572,2.284919,1.847445,1.550916,3.525573,-5.78855,,1.547099,-1.935028,-4.711963000000001,-2.092372,,1.64043,0.498609,,1.515708,1.614892,1.89156,2.232382,0.656687,1.572561,4.373306,-1.879949,-3.074362,1.37106,2.197097,-6.552837,1.1168485000000001,,1.757458,2.316505,0.859311,-7.52369,0.681475,1.565015,,3.350052,1.870881,1.72623,4.020053,2.324056,1.71407,2.065655,,,3.1320639999999997,0.919313,-1.970254,-0.703907,-1.201132,1.806712,-3.75102,3.895067,-0.184009,4.224225,2.664247,3.81334,1.399083,2.407834,3.446355,4.294687,4.183348,2.4932825000000003,4.199468,-1.145556,,1.596898,0.429501,-0.481548,0.945905,2.513009,2.683176,4.420369,4.191577,2.866448,3.501029,3.214054,3.672105,4.38488,-0.708569,2.090081,4.051924,1.662689,2.991483,-1.955125,-0.067157,2.10032,3.622184,2.18006,0.724991,2.946737,4.332211,1.325019,,2.85132,1.625897,3.352602,2.183282,2.243827,0.117133,3.142138,2.790999,0.934396,-3.923825,3.17396,2.063221,3.988882,1.036875,-0.831463,1.362979,3.240943,1.892071,2.60262,,4.376819,2.287468,3.054353,,3.789958,3.621675,4.270575,4.531878,1.388198,4.44704,3.426956,4.263855,1.568407,2.817761,3.204165,1.904591,3.981308,4.312138,2.1704920000000003,3.306511,2.08227,1.442185,1.708301,3.559777,3.91483,3.71385,1.895152,4.28133,2.765965,4.281741,4.038361,1.674515,4.548552,1.88115,-3.353302,3.650726,3.317684,0.876557,1.921434,3.405068
DU 145,8.474167,5.297757,3.704854,,5.548559,6.345659,5.473403,1.485254,4.562261,2.38809,7.211022,4.039415,6.240031,2.749911,11.212291,-3.990806,-2.918755,-0.622827,-0.317366,-1.168184,-1.56486,4.577889,4.7274095,-4.108594,4.153941,9.135947,0.778363,1.984692,-3.7414050000000003,6.273481,6.15586,3.547114,5.525387,4.458194,6.279653,-3.50235,,3.897159,1.307708,-0.62668,-0.729295,,4.668469,6.441462,,5.061435,4.349454,3.873114,5.145536,6.972216,1.007427,5.758019,-0.962875,-3.621718,2.555857,5.950113,-4.703789,5.469787,,3.083663,4.109468,-0.877902,-4.413142,3.201404,3.635835,,6.7600345,4.268136,4.284027,5.455039,5.300477,4.701052,4.240947,,,6.0447085000000005,3.093681,0.997887,-4.910758,4.308265,5.926702,-0.883611,6.480325,2.080153,5.604857,5.998122,6.193892,4.768529,3.512603,5.592605,6.201006,6.255107,4.511871,5.437993,1.221979,,2.458444,1.589296,1.904841,2.510496,2.519378,5.111003,6.448425,5.944673,4.215163,6.159859,4.214762,4.602786,6.279069,1.889618,5.362952,4.469032,5.981468,6.275409,3.352895,3.592337,6.156331,3.770962,2.859404,1.323389,2.932104,5.780977,2.854852,,5.018209,5.856173,5.747869,4.64981,4.649071,5.209627,5.033872,5.912791,4.551733,-0.398194,4.874634,5.970357,6.232281,3.219044,4.685735,6.217888,4.253614,3.609767,5.5918165,,4.549923,7.039394,4.509172,,5.17835,4.887456,5.704673,5.659957,2.337158,6.574464,4.651883,6.249542,4.193972,5.799248,4.330302,3.940143,6.270089,6.284929,5.1001795,4.886176,2.435581,3.730691,6.063921,4.759423,5.986354,4.762349,3.66343,6.0264,5.772496,5.156234,4.946795,3.485571,6.878678,4.095773,-1.230693,5.556384,5.661697,3.223982,4.680016,6.125832
DU4475,6.708046,3.311421,2.4689,,4.173918,2.266759,4.397096,-3.84342,-1.101251,-0.044249,5.654698,-1.605741,5.493816000000001,0.208307,9.57074,-3.727606,-4.328225,-3.051144,-3.79024,-4.856106,-3.382542,2.786424,2.727197,-6.63663,1.978754,8.577925,-2.397064,,-5.664126,4.795828,4.38045,1.811247,1.079038,0.918897,3.226431,-6.085832,,-0.368572,-3.313239,-6.052452,-2.948515,,0.348671,3.81177,,1.578845,3.109118,2.011845,2.6594,4.935843,1.195162,3.337917,-2.281471,-2.502625,1.463886,3.745635,-6.561568,0.8294515,-0.04641,1.540395,1.081851,-2.413713,,0.961395,-5.658016,,2.0530809999999997,1.722413,2.352561,3.618099,1.425798,1.562914,2.120311,,,-2.4306609999999997,1.660731,-0.894418,-3.015812,-3.608088,2.190546,-2.827587,0.707112,,3.484709,1.770582,4.313299,0.989044,-1.659474,1.958055,3.015746,4.397445,-1.394166,2.979168,-1.864342,2.28153,0.571007,-0.961841,-3.951626,0.005635,2.137285,2.093546,-0.92421,4.051157,1.242883,3.216009,0.326575,3.201857,3.948095,-0.077489,-4.032456,3.267295,1.64881,2.401768,-1.124332,0.164924,3.223257,3.145371,1.674438,-0.676135,3.69326,3.392796,0.13902,3.981293,-3.311806,1.55157,-5.137555,3.254817,2.310132,2.616057,2.500569,2.84077,0.120436,-3.669753,2.766472,2.955158,1.923405,0.157032,2.600435,1.885451,3.465103,0.386869,1.928696,2.805329,3.575682,5.517381,3.514516,,3.740384,3.843379,4.119643,4.09452,1.350374,4.140807,3.050912,3.465008,2.125656,2.322822,3.527123,0.678624,3.412197,3.156998,1.6794135,4.349465,0.55197,2.116457,1.580952,3.698154,4.363076,3.371795,2.161913,4.419042,3.574382,3.532268,2.612133,1.925883,4.995067,1.471752,-4.307861,-0.661148,3.78726,-0.456098,1.321698,0.849881
Daoy,7.123299,3.999596,2.231879,,5.176091,5.055944,5.047935,-3.123774,1.094031,0.876837,6.090463,0.410085,6.1901615,2.138728,8.936594,-5.415455,-4.41371,-5.03493,-2.323039,-3.650547,-3.248203,3.130061,3.57266,-5.719245,3.660117,8.408514,0.674489,-1.852552,-6.358217,4.401848,4.597449,2.502762,3.6425,2.344885,5.357046,-5.296152,,0.94235,-2.41461,-5.3619155,-1.299644,,3.682441,4.797706,,3.812667,2.678269,3.166413,4.545726,5.326041,1.711726,3.950485,-2.451427,-4.521118,2.746447,4.193644,-5.543395,0.6631765,,0.179364,3.353142,-1.273014,,0.545146,2.831205,,3.008931,2.24249,3.151915,4.3131,3.37782,1.953451,1.781073,,,4.2883855,1.77625,-0.355465,-5.937488,3.757423,2.80436,-3.832075,5.448796,,4.421241,3.67942,4.617193,3.180544,3.821067,4.038102,5.262989,5.612142,2.8544875000000003,5.276269,-2.951675,,0.595236,0.019434,-1.070888,1.660866,1.027373,2.799648,3.83768,3.814415,,4.75631,2.326283,4.469685,5.281002,-0.648716,3.185348,3.057566,2.660053,2.780306,2.492153,0.718305,4.628508,3.107528,2.177298,-0.820063,3.841446,4.62368,1.197746,,3.403676,4.44699,4.900121,3.585775,4.436838,2.82785,3.7799,5.173812,2.577061,-3.629521,3.205639,2.699507,3.707084,2.407032,0.139254,4.607281,2.235675,1.559552,3.5013579999999997,,3.33554,3.584077,3.030905,,4.45869,3.317201,4.819203,4.756465,0.514385,5.471058,4.532988,5.419472,2.170671,2.591152,5.345642,2.182048,4.07139,5.629058,3.4292415,4.246322,2.405847,2.836068,3.408261,4.347746,5.123579,3.745364,2.642021,5.200663,5.096692,3.34566,3.622514,3.979658,4.442647,4.347151,-3.938732,4.216036,4.901529,0.393571,1.767099,1.996915
Detroit 562,6.971026,3.231591,4.141133,,5.191299,3.628184,4.681872,0.059662,1.624786,1.484933,6.928058,0.935817,5.055787499999999,1.917881,8.554959,-5.470019,-2.823572,-5.105203,-0.867412,-4.036393,-0.989616,3.742172,4.1789455,-4.316902,2.44893,8.445419,-1.557049,-1.00825,-6.087206500000001,4.415184,4.193223,1.046772,1.139447,2.286763,5.070283,-5.262183,,-0.110968,1.59128,-4.0143604999999996,-1.448063,,2.366615,6.045387,,2.377435,1.000436,2.36861,2.169802,6.043917,-2.305205,4.347311,-3.804055,-5.375207,1.732702,3.37509,-5.393273,1.1924065000000001,,3.188278,1.448678,-1.400665,,-0.111137,0.461583,,5.5124794999999995,0.370804,2.648058,5.237968,3.177243,1.855602,0.522074,,,2.610907,0.362416,-0.28455,-2.687501,2.112106,2.610227,-3.023779,5.08619,,1.603589,2.449547,4.565169,1.091906,2.123992,3.871276,4.910175,5.347942,2.1559834999999996,5.18207,-2.906847,,0.398265,-0.423073,-0.417474,0.216918,-0.035206,4.076717,3.635011,4.344442,-1.248857,4.585329,-0.07276,1.741479,3.148307,0.073397,1.212806,1.014943,3.669814,1.920285,2.606744,0.472012,4.562304,1.070807,0.773081,-1.002682,4.050911,4.115589,-0.265894,,1.064467,2.139549,3.737696,3.742005,4.373202,3.574634,2.145852,3.77631,0.373393,-3.543042,3.856172,2.176259,2.543767,2.5093,1.159087,2.760812,-1.178602,1.894224,1.2954845,,2.251832,6.357252,2.765709,,5.285358,2.197827,4.01097,4.40601,2.011517,5.217476,3.308501,5.413809,1.013014,2.910787,4.189185,2.413388,4.701913,5.153074,2.48332,2.935747,0.555851,2.101769,2.680037,3.976116,4.228099,4.999993,0.650528,4.733788,3.918438,2.833719,2.627187,3.862388,6.01114,1.112116,-2.664757,3.94335,3.769606,3.061651,1.125037,1.267521
EFM-19,8.052653,3.847613,6.48373,,4.152467,4.700776,6.314626,4.231027,4.417054,0.615525,7.282754,4.016766,0.790836,4.065138,9.133377,-4.025592,0.220986,-3.938837,-0.017664,-2.316276,4.828727,4.439239,2.612077,-2.659386,4.309902,8.769508,0.225887,-0.555583,-3.7209145,3.277163,6.696078,3.942961,4.100019,2.675226,6.075759,-5.336981,,4.430588,1.171864,-1.9649355000000002,-1.274532,,3.14471,6.171769,,2.275086,4.38475,3.05294,3.525908,6.172618,0.796879,4.886629,-1.03021,-3.815448,3.955947,3.902452,-5.465964,4.476998,4.737928,5.605382,3.811092,0.977341,-4.417529,2.093778,3.659215,,4.787085,3.821211,4.092035,5.022179,5.347722,2.865545,4.124886,,,5.6205345,1.896471,1.492222,-4.395958,2.14412,2.559189,0.620257,5.534711,0.166534,3.724817,4.867952,5.842041,3.57076,4.103608,5.415754,5.896296,5.331253,3.8782685,5.293743,-0.998888,3.173962,0.756201,0.683598,3.775052,3.3744,-0.298013,5.192133,5.313944,0.890757,3.113413,5.008492,2.94649,1.397879,5.851142,1.910289,3.468546,3.438006,5.342664,1.089135,1.305793,2.474338,5.240183,2.040148,1.965948,0.397919,4.076353,5.9294,1.72566,3.72337,4.845378,5.933814,5.043761,4.107936,5.323236,4.228351,1.532416,5.145026,3.385548,-2.687469,3.764777,3.676436,4.29844,3.475248,-2.272328,6.063619,0.43666,1.860043,1.2483594999999998,4.452111,1.701919,3.091593,2.496529,,4.724903,1.190082,2.962467,5.059431,1.595984,6.309612,3.504894,4.790802,4.698003,4.488698,3.943895,3.773242,4.723801,5.588286,4.513015,3.739677,1.647002,3.269899,5.978582,4.693494,5.735463,5.917492,3.029861,5.708855,4.842394,4.717445,3.592387,1.637518,6.124645,3.644202,-0.899011,4.037865,5.111977,4.149573,2.62465,4.899419
EFM-192A,8.387028,5.137695,6.769993,,5.643468,7.030888,4.857667,2.121141,1.05097,1.69382,7.194898,4.022987,2.913394,5.028358,11.217375,1.203306,1.555769,-0.7903,1.380785,-1.679897,4.525381,4.347941,4.0359435,-2.455993,3.939502,10.146936,1.174378,1.05595,0.013094500000000009,5.548575,6.244178,2.200655,0.651053,2.940673,5.877458,-5.726428,,4.225905,1.940064,-2.2285535,-1.147718,,3.302964,1.49212,,2.265173,4.958045,3.391712,3.753472,6.293048,3.996727,5.764142,-3.311676,1.207031,4.059881,3.909474,-5.585926,5.394252,5.94634,5.344505,5.311053,0.093943,,0.451474,4.560652,,6.4241025,3.777014,4.381017,4.744266,4.701495,2.982217,4.258194,,,5.532517,0.789115,4.102205,-3.95989,1.59112,4.213591,3.190847,5.609028,,1.404934,4.052024,5.707208,4.874949,3.922766,5.270742,5.338609,6.029202,3.821356,5.688972,-1.938018,3.703879,0.513744,2.294225,4.037633,3.355206,0.904192,4.812859,6.184204,1.74374,4.487735,5.91157,6.016075,2.891127,,4.031184,4.340682,3.463305,5.353745,2.570353,4.198878,5.536253,4.030133,2.238503,2.116365,-0.537137,5.361773,5.931604,2.687722,4.073878,3.481255,5.793438,5.534647,3.744318,4.216942,5.331385,2.765395,5.497837,3.546459,-3.038361,3.40419,3.697045,5.550921,3.199876,,5.830439,0.753966,2.048151,2.2920305,4.214604,2.557077,6.838481,5.81473,,4.532718,2.254476,4.838167,5.896111,2.356678,5.908677,5.409264,5.871732,3.547478,5.908434,4.533741,2.352775,5.983109,6.029202,4.0724765000000005,4.809544,-0.625728,2.013469,5.981749,3.814266,5.261629,4.9829,3.015945,5.027479,5.397188,5.438783,2.446217,1.501237,5.694088,4.61741,-1.494653,4.619734,4.305178,3.734052,2.774526,4.665887
EFO-21,9.593044,4.486968,6.022251,,6.871935,7.788879,7.260949,2.534514,6.827784,4.929683,9.183456,4.102543,7.963793000000001,4.783342,10.791573,0.054288,1.019191,-1.283039,0.986295,-1.923662,0.680919,6.226422,7.117884,0.023571,4.992598,10.532946,2.889924,2.210633,-0.18925900000000007,7.696855,7.467598,4.137214,5.694239,5.876768,7.612409,-2.751868,,3.460679,3.022224,-1.155001,-0.839946,,6.017882,6.407858,,6.37746,3.46816,4.086743,8.301966,7.390274,1.693427,7.012655,-1.136535,0.11392,4.380334,7.528495,-2.489137,5.231974,,7.43827,8.368307,2.519924,-4.028427,2.651031,2.688923,,7.691979,7.120446,6.025726,7.427952,5.71622,2.451521,3.626857,,,5.319655,3.461039,0.924488,-5.297282,5.416465,6.342993,2.50774,9.012769,1.51818,4.852097,5.080059,7.780457,7.466843,4.575678,4.51587,7.448715,7.629174,2.439134,6.802737,0.387997,,2.500423,3.098066,4.036002,5.420602,1.941407,6.41556,6.563213,7.397171,5.920984,5.684306,3.637683,5.601737,4.20434,1.584281,3.458226,7.152673,7.200932,4.783909,5.836743,3.6938,7.289125,6.427679,2.532124,2.079733,6.541116,6.081089,3.335114,,3.784481,5.537404,7.799866,6.194899,6.828222,5.177033,6.333495,6.838955,3.223986,-0.467403,6.12734,5.095738,4.498252,5.160701,-0.717164,7.073824,3.718395,5.458388,6.467505,,3.658712,8.653129,6.616775,,7.122163,5.922536,7.253599,6.458408,3.983888,7.867021,7.123951,7.011454,6.995218,4.668938,6.816669,5.653287,5.805943,7.955872,6.335197,5.079764,2.609976,4.573462,3.933177,6.03441,7.016732,5.881113,3.121526,6.579643,6.414489,6.021478,7.688277,4.143492,6.299593,2.490433,0.902015,7.183557,6.160559,6.41931,3.328829,7.756268
EFO-27,,4.784001,4.064307,5.865628,5.683759,3.160899,6.264739,2.968675,2.886882,1.102056,6.491689,,3.6947965,,,,0.581477,-3.427556,1.413752,-1.533499,2.552575,4.496747,5.053974,-1.274619,2.810887,,2.913747,3.984291,-0.5807505,4.486675,6.369938,1.703591,2.319638,3.357118,6.37602,-2.59029,6.266001,,1.120762,-2.4468375,-0.053694,2.738526,3.340681,5.876408,4.890009,,3.265782,4.51099,6.175892,7.034954,-2.25853,6.37602,-1.747689,-0.921781,1.466965,4.508314,-5.278881,3.934539,5.016206,,5.355538,0.737789,-4.671265,0.698705,2.138156,3.963412,4.8004415,3.749859,2.894325,5.709962,5.151616,2.533719,4.176963,6.37602,4.829794,3.8179805,0.862325,0.766891,-4.957674,3.022368,2.441855,-1.200094,5.730181,,1.719795,4.237902,4.4448,4.335298,2.987948,6.31558,5.096656,6.374162,3.965446,6.370884,-1.651981,4.240189,3.351867,2.834828,3.214257,3.081282,2.326169,5.75856,4.481251,5.698623,4.179481,5.462456,4.57629,1.183419,2.545454,2.024377,2.819979,3.002766,6.306374,3.535387,4.573374,2.514104,6.425741,0.920963,1.115459,,5.890176,6.679633,2.12562,4.526847,2.907956,2.959153,3.979189,4.10896,,5.344995,0.009348,4.562863,4.716372,-1.297284,5.996676,4.008302,2.150267,2.422497,2.763001,4.498961,3.609205,5.788328,0.230244,4.481704,4.318683,3.123924,4.069566,2.80265,5.185934,5.412652,6.217244,6.564217,2.873182,6.563588,5.133293,5.994064,2.093322,3.785765,5.717097,4.073435,6.37602,,3.947268,4.756288,0.6054,3.71258,5.869778,4.79187,5.222935,,0.894284,6.667013,5.590885,5.659049,6.007645,2.581067,6.824976,2.82694,-2.048593,5.445776,5.469257,4.672899,3.076217,3.287377
EKVX,9.597533,5.242832,4.332272,7.025185,6.762443,6.975727,5.055846,3.972574,4.896217,3.853366,6.941796,,6.516768,,11.548355,,1.028556,-0.094116,0.87847,-2.481551,3.899284,4.926915,4.595467,1.71971,2.743913,10.125122,2.575171,4.131409,0.8505765000000001,5.98931,6.097122,1.725803,2.011479,3.15949,7.133966,-2.623133,5.454279,,3.542328,-1.899866,-1.165438,4.589802,5.54387,7.200054,5.713647,,4.44611,4.238179,6.839775,6.3131,2.920186,6.999662,-1.635447,0.375648,4.826807,5.474155,-4.377387,5.279856,6.306643,,5.114189,2.000397,3.777465,0.433285,1.007133,5.222138,7.623184500000001,4.177269,5.629726,5.843118,5.195663,3.120813,4.54023,7.147806,4.87816,3.2922655,0.347996,3.571479,-6.918603,4.680573,3.566118,1.780192,6.262941,,2.075882,5.968449,5.729372,6.839838,2.659754,4.938179,6.418304,7.105818,3.814318,7.103514,-1.578772,2.403294,3.151519,2.564061,6.293811,3.699943,2.564294,7.334576,5.305369,7.289738,4.333712,5.024193,3.731589,5.221471,2.435575,4.683336,1.835754,2.171005,6.471995,4.113672,3.910072,3.250373,4.920973,3.614145,2.215525,,2.964871,6.509838,2.91852,3.924221,1.853077,5.903909,5.865378,5.329868,,5.959681,5.806917,6.405059,3.588477,-1.79844,4.924308,5.186883,4.099368,3.084384,5.537133,5.541771,2.724135,7.055476,6.252091,4.914701,2.960905,7.218414,4.802209,4.152074,5.190483,5.39298,7.632761,6.650471,3.541904,7.285288,4.504108,6.001677,6.431898,5.132856,4.124746,4.845221,6.549015,,4.875301,6.467794,1.164936,3.939764,5.90635,4.947659,5.922504,,1.435063,7.156068,6.191982,4.213223,5.246402,2.989989,5.575002,1.924088,0.069645,6.934684,5.967222,4.422201,2.540344,5.677296
EM-2,4.181479,4.501947,1.831764,,4.445093,2.98467,3.284189,-1.617113,0.308471,0.599715,6.014962,-2.009672,5.384198,0.751526,9.829209,-4.303539,-4.284381,-3.689044,-2.645324,-3.532972,-2.924617,3.42429,3.116285,-5.914795,3.148187,7.840466,-1.808143,-3.752573,-5.952848,4.749873,3.773106,1.516867,4.512954,0.901539,2.956266,-5.460842,,1.079627,-2.134941,-4.2666735,-2.3126,,-3.609928,0.629815,,1.993217,3.767341,1.170535,3.994078,4.992859,-6.377414,4.435512,-2.905631,-3.968359,-3.703908,2.769839,-5.146534,2.4402880000000002,,2.86496,-0.928389,-0.875013,,0.607685,-1.439864,,3.719811,-0.925544,1.137653,4.567458,3.05763,1.827939,-0.464566,,,2.0882445,1.762432,-1.066687,-5.622977,-1.025789,1.915406,-4.041077,4.136476,,4.810893,2.912618,4.773727,-0.217435,1.81565,3.673717,4.650764,3.951262,1.306509,4.710718,-0.40333,,1.227567,-0.78921,-2.174672,0.78977,2.453782,3.365009,3.408915,3.321028,-3.274923,4.47012,0.38734,3.693201,2.898975,-0.809505,0.363676,0.723591,2.346442,2.803092,-1.677446,-0.038759,2.880157,2.73838,1.992383,0.420173,4.263249,4.930171,-1.52758,,1.295314,2.828596,1.895099,2.216546,3.240122,0.212136,3.545866,4.098009,-1.153218,-4.000845,3.232321,1.084533,2.749556,1.529346,0.867367,2.290799,3.142713,1.276024,2.076908,,3.446822,2.934049,1.828106,,4.773967,3.382472,4.749146,4.902496,1.756926,4.177431,3.962648,2.781371,2.569362,3.677208,4.04943,0.61186,3.438223,2.554272,3.1701645000000003,2.601119,1.209323,2.263681,3.893569,3.893764,4.310487,4.288054,2.616009,4.032438,3.628592,3.409232,1.41218,2.870302,4.330891,2.214301,-3.914478,4.08082,3.751257,2.152258,1.662591,2.157363
EN,7.545322,2.29502,7.598185,,6.220386,4.338959,6.202046,0.461848,2.802447,2.192154,6.344572,1.296049,7.393489000000001,3.445704,10.257815,-3.369566,-0.567104,-2.223136,-2.095068,-2.788015,-0.00972,4.680211,4.6399765,-3.155525,3.821598,9.541069,0.535762,-1.88741,-0.2937645,6.274695,4.775146,3.255354,5.995368,3.132935,6.2678,-4.438307,,1.669923,2.697286,-3.618041,-1.347325,,2.740504,4.926337,,3.677868,3.194546,4.151821,4.252155,7.155265,1.486275,6.499573,-0.066765,-0.999147,3.332898,2.335896,-4.130762,3.8301055,,2.987606,2.373034,-0.710408,,2.00356,0.896186,,4.300506,3.634042,4.649029,5.235443,4.342995,1.749584,4.519397,,,3.5970950000000004,2.322802,0.657724,-2.002021,6.15099,5.210848,-0.061163,2.878715,,5.756593,4.468321,6.21654,2.957798,2.87802,3.793736,6.332703,6.486425,3.0288825,6.383345,-0.674675,,1.345988,1.516803,2.228819,4.743389,1.546757,4.294623,5.329559,6.377547,3.968637,6.141317,2.538754,6.017743,6.266024,1.246908,1.406497,3.914003,5.264783,3.10806,4.771498,3.216638,5.664605,3.692685,4.908312,0.119426,5.040633,5.667929,0.376704,,1.419188,4.495241,4.783637,2.929899,2.124572,2.770383,3.635989,5.997014,3.183785,-0.904452,5.413618,4.502874,3.289276,3.474608,2.574633,4.562279,2.405964,1.051409,4.1213515,,4.448593,3.515998,3.300548,,6.156866,4.187586,6.366603,6.161644,2.224469,6.726654,5.960612,6.046595,4.499568,5.710352,6.272626,2.502259,4.95706,6.499573,3.956571,4.463348,2.713936,3.825232,3.78086,4.940505,6.309559,5.985015,4.238249,6.363749,4.719261,5.895719,6.499573,5.970438,7.094621,2.217028,-3.09432,5.806426,6.196026,4.342625,2.141861,6.177764
EOL-1,6.525004,1.319818,1.058819,,3.324433,1.05715,4.39996,-3.637115,0.632621,0.391853,2.667009,-1.626779,4.3305485,0.723264,9.268051,-6.403639,-4.087071,-5.028702,-2.97856,-5.591194,-4.598657,2.396008,1.5090455,-5.90335,2.011281,8.025928,-3.846595,-4.245326,-5.9401245,-0.249223,4.121968,1.249116,2.583316,-5.755296,4.129016,-5.364142,,-1.165082,-3.518043,-6.4676485,-1.898586,,-6.060205,0.540406,,1.631799,-0.173751,1.819819,1.958117,4.238287,-5.401499,3.243418,-3.027238,-6.24077,0.359197,1.89924,-6.427841,1.005017,,0.884188,-6.21117,-0.492077,-6.774111,0.588507,-2.649958,,0.9763215000000001,-0.54079,1.503444,-3.348581,2.139993,-4.50489,-1.237524,,,1.2534610000000002,0.364757,-5.621275,-3.970993,-3.806706,1.327202,-5.136197,0.374386,-0.12927,1.325567,-0.008458,4.130711,0.360947,0.714167,2.138621,3.169595,-3.840874,-0.811412,3.989348,-1.951287,,0.479493,-0.393203,-1.772523,0.471175,0.783615,2.533518,1.337841,4.130711,-2.94768,2.912653,0.676501,2.867165,0.633456,-1.132599,-0.760062,2.080517,2.626319,1.382178,-2.666992,-0.810869,2.386286,0.728978,1.357752,-0.508606,2.49266,3.708364,-5.756758,,-1.1644,0.483813,1.662068,1.547352,1.732309,-3.592028,2.831696,3.615703,-0.948019,-4.347369,0.044688,0.842415,2.532399,-4.432974,0.186139,0.301982,1.622553,0.727818,2.706803,,2.954374,3.633134,-3.688603,,2.890597,2.991344,3.299503,3.904543,0.981702,4.367559,2.033619,2.55415,0.547002,0.844095,2.753351,1.824156,1.133749,2.762677,1.9737870000000002,1.875449,-0.020123,1.462994,1.842775,2.795425,3.569284,3.754911,1.340051,4.130711,2.157538,3.779411,-2.146224,0.34535,3.737103,0.031467,-4.108532,2.455255,3.681382,1.493059,0.994199,1.437513
EPLC-272H,7.879203,3.074182,5.719682,,4.386405,4.591608,4.889844,-0.490514,1.848091,2.050871,6.890359,1.823504,4.8905725,4.068088,10.936969,-1.353109,-0.478973,-4.350509,-1.100307,-4.915205,-0.714713,3.731645,3.4957135,-2.231169,1.430825,9.518216,-1.701286,-1.56375,-4.742075,5.673098,5.340914,2.020633,1.920355,2.723991,4.950524,-4.38911,,4.090921,1.996412,-4.3688165,-0.881838,,3.914799,3.849018,,2.317974,2.836106,2.505013,4.970701,5.417784,-1.780706,4.028885,-2.856917,-2.169941,2.123517,4.999406,-5.725993,2.359763,,2.211429,3.033278,-2.535216,,0.301653,-0.221841,,3.9733009999999997,1.864193,1.845648,5.630246,5.11471,2.270159,0.818905,,,2.15626,0.229596,-1.974506,-3.097356,2.658503,1.640306,-0.646952,5.709345,,1.752212,2.922048,5.767033,2.326456,1.980926,3.787411,4.979669,4.188671,2.562456,5.807857,-2.75073,,0.05535,-0.073597,-1.559738,1.121378,-0.413261,4.586457,4.301421,2.77195,1.073909,5.807857,1.042707,1.879092,3.162967,-1.214371,1.179967,4.519923,5.602517,0.63601,2.869071,1.112989,4.666145,1.885002,0.181885,-1.212572,5.713635,4.674246,0.676204,,1.374263,2.497656,5.008004,4.194623,3.213245,0.720198,0.554903,5.27603,0.654953,-4.046396,4.675301,1.891759,2.744289,3.362544,-3.537644,3.113806,-0.780712,3.015197,0.3048555,,1.607596,4.090585,3.895358,,4.616577,1.720508,4.403944,5.589928,1.106092,5.966202,4.115574,4.337941,-0.112821,2.537071,4.403074,2.465658,5.551568,5.178513,3.085337,2.61945,0.749272,3.204493,2.973826,3.822828,5.385812,4.759938,3.542734,5.049134,4.009791,5.805627,1.516429,4.526448,5.400121,1.513567,-3.631282,3.979706,4.026543,3.822243,2.69462,2.431864
ES-2,8.267526,3.958443,3.214657,,5.570341,4.383001,4.566233,-0.833774,1.327278,1.743612,5.204174,0.035444,5.878294,2.48311,9.337866,-4.18514,-3.767453,-1.6888,-1.321275,-2.364596,-3.85905,4.0789,4.338798000000001,-4.338777,4.161356,8.624764,-1.68083,,-3.5344914999999997,5.648431,5.6943,2.762844,4.037589,2.177932,5.563718,-4.964124,,0.975927,-0.199028,-4.421053,-1.700314,,4.162652,3.543209,,3.15163,3.235591,3.259027,4.334404,6.168308,2.184687,5.77432,-3.795069,-4.567237,1.548684,2.497179,-5.217776,1.0326355,,1.529066,4.343,0.727588,,0.839037,-0.668389,,4.7672395000000005,2.387957,2.522085,5.058383,5.046101,3.156952,3.290156,,,1.5717275,1.749752,-0.389027,-3.291191,3.707626,3.0118,-1.72418,5.047328,,5.752582,3.607839,5.383911,3.265571,1.555966,6.033657,4.569261,5.773116,1.395097,5.741081,-1.521717,,1.281476,0.089404,0.266785,2.63227,2.923014,4.926106,2.879394,4.764726,-0.087592,4.890224,2.969887,5.386942,5.553593,0.103693,1.253232,3.029831,3.423604,3.078304,3.80034,2.933931,4.078552,4.31648,1.86762,-0.31326,4.624117,4.107017,1.02347,,-0.746343,3.535225,0.340757,3.795656,3.103213,1.610121,4.516211,5.322228,2.614101,-2.056308,4.643791,4.562555,5.590551,2.728336,2.407379,2.736014,4.47868,2.15783,3.001638,,4.401677,6.101269,3.555707,,5.065851,5.188387,5.081254,5.718227,2.333547,5.074508,4.633516,5.491422,1.695505,4.41972,4.713537,1.479856,4.459052,5.77432,3.0567355000000003,3.211049,2.527916,1.156019,4.869725,4.757231,5.571188,4.767326,3.156903,4.730557,5.537352,3.509633,5.031176,3.222717,5.046584,2.848243,-2.630587,2.227736,5.409686,2.537403,1.885549,3.392308
ESS-1,6.738165,1.592953,2.703524,,5.048565,3.827555,4.502722,-2.724813,0.932666,1.669149,6.124899,0.904753,5.641479,3.126117,9.319686,-5.173305,-4.87451,-4.915919,-3.165705,-4.826801,-3.824918,2.491398,3.5284855,-5.845062,2.947164,8.113213,-0.793147,-2.928013,-5.581587,5.02893,4.552438,3.293289,2.049676,2.238678,4.539311,-5.212336,,0.568853,-2.324172,-4.2403525,-1.838759,,1.74424,5.309271,,1.676759,3.804367,2.178657,3.53322,5.73938,-2.515142,4.985157,-2.959072,-5.25184,1.517614,4.062513,-5.86374,-0.42851100000000003,,0.331581,1.60729,-1.273289,-5.346104,0.811695,1.40974,,3.837379,1.185529,1.96416,4.718283,3.340286,1.468774,2.298289,,,3.9567025,1.96872,-1.873737,-5.669911,3.582342,2.147444,-0.389357,4.607233,-0.139386,3.009822,3.387807,4.595283,1.703366,2.267517,4.529611,4.483811,5.048565,2.3176185,4.801272,-2.415168,,0.421829,-0.594281,-1.621788,1.305476,-0.122021,3.0683,3.522752,2.636769,0.889904,4.54775,1.4441,3.486646,4.135537,-0.968026,0.852669,1.770135,1.586648,2.117486,2.268586,-0.115679,3.934902,2.379709,1.829634,-0.84516,5.044155,4.176393,0.548176,,1.899992,2.064944,4.00052,1.499395,2.975297,0.838141,2.634319,3.302713,2.37439,-3.441706,4.20803,2.914591,1.144142,2.437477,-5.304648,2.857662,0.251132,1.489424,2.0095215,,2.489326,3.038393,2.627095,,5.023312,1.529076,4.493653,5.200383,0.995897,4.645014,4.245464,4.970483,2.345871,1.601396,5.550901,2.52829,4.10117,5.048565,2.6842395,3.281166,2.572952,2.219238,2.54536,3.735924,4.911112,3.40031,2.026712,4.085896,4.582811,4.047509,4.363856,0.922292,5.634651,1.34378,-2.618228,4.104943,3.518336,0.814245,1.61959,3.035141
FTC-133,7.755142,4.875449,4.025179,,5.598206,5.583647,5.29491,-0.955569,1.642868,1.859161,6.815124,1.980522,3.885401,2.646607,9.62276,-3.399964,-3.799876,-3.446213,-1.974341,-2.521906,-3.800743,4.152321,3.7078335,-5.309908,2.356531,9.869803,0.411074,2.011566,-2.4224384999999997,5.079583,5.127368,2.456299,3.209717,2.461465,5.721033,-5.102638,,,0.071203,-3.6857990000000003,-1.286873,,1.870865,5.117155,,1.71831,2.912675,3.344585,3.361795,6.253351,1.702186,5.8163,,,2.864202,5.911805,-5.712226,3.1207195,,1.998222,3.832281,-0.023035,,0.956094,2.47685,,4.3429905,2.090898,4.909668,5.603213,4.369787,2.177757,3.470021,,,4.4623515000000005,2.12902,-0.456862,-5.486302,0.525857,3.094976,0.072486,4.957409,,4.786612,4.42366,5.224408,3.492239,,4.240691,5.705232,5.758143,3.0851335,5.206079,-2.014675,,0.473867,0.741737,0.523288,3.916826,2.496135,4.626207,4.762804,5.773581,2.14177,5.133356,2.325851,2.512202,5.788131,-0.240471,5.153609,,5.105477,3.241203,0.891528,2.439553,5.300392,1.258609,2.080912,-0.799365,4.880697,5.791821,1.520508,,3.086138,5.425447,3.946329,4.206862,5.051062,2.684781,2.667526,4.437031,1.784471,-0.992803,3.852163,3.591216,2.934324,1.635044,4.930703,,3.286591,2.01657,2.222988,,2.571081,3.273841,4.241518,,4.698272,5.395012,5.373298,5.062369,2.509675,6.162396,4.467641,5.215833,2.725906,3.747074,5.119011,1.350797,5.602235,5.8163,3.310505,4.028858,2.490363,2.040893,5.233633,4.480616,4.99063,5.794533,2.291132,5.80247,5.072074,,4.524945,3.309109,5.019373,2.632928,0.265599,5.122996,5.116078,2.158607,,5.434479
FU-OV-1,,4.379652,,,5.727402,7.092288,,,,2.032552,7.952135,4.8162,,4.019337,,1.096477,2.750086,-0.629025,0.89173,-1.874435,6.921125,,4.3603,-1.029387,4.956483,,1.847039,3.499454,-2.520157,6.575419,5.378256,4.11759,3.601284,4.326199,6.271061,-3.267925,,3.123918,,-2.776062,-1.235874,,3.40319,,,2.686096,4.030519,,4.534573,,-0.649355,5.390366,-0.913329,0.478906,3.32129,6.288384,,7.023753,,4.963439,5.69591,1.090014,1.742848,2.406846,0.907246,,6.487521,,,6.583505,5.336728,2.480072,,,,3.920092,2.240874,1.56454,-6.010272,3.602948,,1.477874,6.009167,1.920463,3.116251,5.555815,6.637738,4.634557,2.614411,3.64995,,6.637738,2.8553425,6.308925,0.766588,,1.873235,0.041123,3.793461,,0.899529,5.069145,6.61623,,1.703861,6.299146,5.670492,4.527133,,1.595136,2.875179,2.842907,,4.110422,2.065319,,,3.512983,,2.372612,,,1.820888,,3.843803,,5.430404,4.926087,5.944591,5.01076,,6.060861,0.380829,,5.874292,,,2.95462,,4.24583,1.723287,2.996861,6.240031,,3.295996,,,,5.265773,4.432505,5.566975,6.50674,2.372463,6.120561,,,,,,3.394384,6.137682,6.637738,5.483155,2.976308,1.332924,,,,,5.317281,2.449347,,4.046694,5.126036,,2.827333,,2.235852,-0.91852,,,5.249469,3.03457,6.551156
FU97,6.502177,1.742025,,,5.125514,5.053974,,,,1.251942,6.43835,2.443605,,2.984726,10.540411,-3.645566,-0.07728,-4.085509,-0.861345,-2.029562,4.171132,,0.607485,-1.124741,4.4505,9.528142,-0.157043,3.383603,-2.326151,5.811687,6.701637,4.050765,3.090358,2.350898,5.647781,-4.2958,,3.189415,,-4.830204,-0.383354,,3.760724,,,1.663403,4.384232,,1.982931,,2.073518,4.961961,-1.710658,-0.42675,3.224802,2.928511,,6.384087,,4.439837,2.520555,0.312692,-2.222094,0.734483,1.648562,,4.80428,4.348759,,6.253004,4.970212,2.340007,,,,3.202276,2.993593,1.832386,-5.120498,2.173803,2.350355,-0.304296,3.355107,1.325034,5.19506,3.699671,6.095242,3.134586,2.239066,4.461705,,6.67894,3.1580405000000003,6.424339,-3.465592,,0.292311,-1.050841,-0.046369,,0.908396,4.282562,3.817157,,2.924186,6.33337,6.122459,2.093901,,1.838083,3.241507,4.72782,,2.567254,2.607653,,,1.612543,,-0.26999,,,1.146801,,2.285972,,4.027605,4.326542,4.686566,4.060756,,5.889927,0.97057,,3.658222,,,2.152789,,5.166608,1.813125,3.086421,2.25537,,2.056117,,,,4.638455,1.092502,1.752828,5.337402,3.16963,6.376,,,,,,3.567349,4.619483,6.864208,4.772546,3.222969,1.894604,,,,,5.252762,3.501799,,3.430485,5.086989,,-0.023086,,2.184746,-2.483447,3.028597,,2.549421,2.170066,4.762833
FaDu,7.26778,4.124484,5.207116,,5.256719,4.431865,5.350278,0.567313,3.089884,2.125892,7.071212,1.191594,6.212706,1.385776,8.957502,-4.880886,-4.026296,-3.32481,-1.771571,-2.455848,-3.863095,3.410954,3.55467,-5.820549,0.619911,9.316989,-1.29316,0.379786,-2.487152,5.347578,5.239389,0.786913,0.799326,2.283605,5.141565,-4.587928,,1.750227,-1.672313,-4.3567975,-0.85479,,3.860762,4.814518,,2.408823,2.4237,3.113179,2.7675,6.116986,1.633495,5.474675,-1.035373,-3.418352,1.012876,2.916663,-5.781481,2.9620974999999996,,2.653396,3.490411,-2.973012,,2.076683,0.873598,,3.7246775000000003,1.219856,2.854389,5.256689,4.657889,2.795225,1.282649,,,2.9410575,-1.260062,0.266622,-3.58496,3.303279,2.044168,-2.681744,4.835304,,0.298736,2.764693,4.880484,2.938781,3.36459,4.439231,5.41443,5.474675,2.453549,4.930056,-1.135568,,1.113507,0.114648,0.372008,2.36275,1.172634,4.772292,4.123638,4.371655,2.34908,5.135001,2.605364,4.631174,1.907167,0.543127,2.248565,4.782387,3.291122,3.860194,2.794764,1.879011,5.103693,3.94795,2.767018,0.885638,5.137654,4.038899,1.630321,,1.461202,3.330354,5.031432,3.865237,4.05126,4.090402,4.023228,5.266004,1.009494,-2.305016,3.811028,2.04382,4.085677,2.325921,1.381318,4.273403,0.993182,1.371947,4.7820665,,3.959222,4.21257,2.432986,,4.293767,3.15663,4.037249,5.439037,1.978406,4.948253,3.607002,5.463676,4.75589,2.786011,3.764643,3.042385,5.455534,5.243573,3.5692745,3.544726,-0.505804,2.19768,3.602296,3.698196,4.830683,4.636121,0.754183,5.19726,4.15808,2.9504,1.122106,4.426273,5.570839,1.664031,-3.747311,4.781528,3.837911,1.812262,3.086696,3.355038
"G-292, clone A141B1",8.193155,-0.714391,7.510566,,5.158381,7.33665,6.451864,4.846419,4.158591,2.873417,6.269655,4.509373,6.769946,2.576125,9.386277,-0.987235,1.149721,-1.098463,0.350937,-3.465877,4.544796,4.61866,4.5246965,-2.530405,4.778829,10.056592,3.303219,-0.51024,-0.46373450000000016,6.248198,5.17852,4.119916,4.984071,3.337293,6.25635,-4.476145,,2.294184,5.171428,-0.8050379999999999,-0.619102,,4.111317,5.858601,,3.448961,4.026005,3.699898,3.397441,7.127803,0.515687,4.79665,-0.353801,-0.380739,4.512403,4.971658,-4.585812,5.267558,,3.803297,1.224943,3.571601,-3.892093,2.170661,2.957016,,7.0281585,4.773676,5.559391,5.157928,4.807348,0.172188,2.832139,,,6.4306235,2.581228,0.323939,-2.028751,0.978252,3.446026,2.036291,5.704752,5.485453,4.832444,5.153654,6.452649,1.949247,6.364825,2.512004,5.848307,6.179438,4.2699180000000005,5.456504,-1.263708,,0.784191,1.86765,6.453944,3.813977,0.42472,4.61942,4.398323,6.418727,2.495558,5.693462,0.485244,2.522894,5.437906,3.480372,4.767886,4.466842,6.36332,3.750777,0.994451,1.209111,4.935908,2.237807,2.124039,0.418903,4.541436,6.144192,0.399571,,3.686992,3.348138,6.38145,2.411157,5.231891,5.589265,5.116519,4.627489,4.960826,0.833667,5.338453,4.197568,0.941908,1.90114,1.995,5.842505,0.054849,-0.81624,4.9957519999999995,,1.587123,7.512624,3.982448,,5.218095,2.150881,4.784529,5.628749,2.453255,6.879301,4.398061,6.092431,5.736769,3.662053,5.099733,4.151359,4.974937,6.453944,3.8596760000000003,4.24101,1.853842,1.719727,3.778061,4.147571,4.904908,4.92502,3.501099,5.685878,4.240078,5.104903,5.43667,0.410508,6.457954,-0.239295,-2.438586,5.404806,6.259102,5.476239,3.754613,6.453944
G-361,6.812377,2.870253,4.50013,,5.43718,6.541292,5.021947,0.131423,0.046069,0.592442,6.328392,1.239277,5.534806,2.220158,10.465619,-3.455068,-1.657484,-2.13084,-1.272558,-1.671551,0.63652,3.981799,3.6237364999999997,-2.275658,3.228091,8.60839,0.383971,-3.031735,-3.1105400000000003,4.255842,5.590905,2.419483,2.019512,1.703181,5.422257,-6.086771,,2.787159,1.435428,-3.7703884999999997,-2.402882,,2.755874,4.906242,,1.915862,2.573316,2.339507,1.838238,6.147394,3.984171,4.002527,-1.589983,-2.186771,3.101972,2.855002,-5.711968,2.7998659999999997,,3.346805,3.762974,0.569195,,1.638147,-2.523562,,4.783049500000001,1.709212,4.06209,4.052006,3.254119,2.13089,0.963924,,,0.41033549999999996,2.020803,1.676488,-2.977282,2.534709,3.879487,0.074924,4.426837,,5.72356,2.067053,5.580318,1.961129,1.119862,4.110903,5.438592,5.611168,1.1586245000000002,4.669917,-1.118801,,0.803199,-1.664971,1.044607,1.847633,1.867899,3.983288,1.14644,4.659708,3.422053,5.296955,4.6659,4.248108,5.597165,1.588411,-0.426406,5.329271,4.364822,2.704613,1.417134,2.78787,3.753405,3.963981,2.41595,0.830288,3.986688,4.562047,0.953195,,-0.516252,2.096661,-0.64446,4.001861,4.916593,3.826167,4.407311,4.750807,2.097055,-3.072524,2.876196,2.213262,5.587844,1.392077,1.877661,3.686961,2.860437,1.889091,2.4987285,,2.736357,5.267052,2.118654,,4.392282,4.960998,5.611299,5.109057,2.439931,5.28772,2.843323,5.589551,4.543159,3.221517,3.009559,2.117691,5.346992,5.611299,2.241805,3.524998,2.309193,2.562087,2.055025,4.002962,4.423869,5.071157,3.047335,4.729691,4.139079,3.769491,3.622181,3.356097,5.821124,2.680439,-0.385624,1.566805,3.692257,3.116256,1.698668,3.278729
G-401,8.234708,-0.815204,3.690335,,4.822711,2.081912,4.851842,-2.275703,2.241588,0.993203,7.258067,-1.188322,2.8179105,3.103352,10.835349,-5.949677,-3.58581,-4.250549,-3.917007,-3.792408,-1.975112,3.268518,3.9735094999999996,-3.691206,3.937564,10.054585,0.870645,-2.827237,-4.824951499999999,5.691707,5.688672,2.809516,2.84986,2.136665,5.891516,-5.385467,,1.531244,-1.588898,-5.847457,-1.465405,,3.70965,5.90245,,2.701821,2.043714,3.084239,2.01362,6.218801,1.393896,4.816579,-3.379787,-2.077121,2.80129,0.497658,-4.942173,-1.426681,,1.659371,1.509519,-0.637146,,-1.395504,0.498707,,2.095237,3.192055,1.845865,5.21425,3.697961,-0.6873,0.351404,,,2.8358155,1.247425,0.4334,-6.423806,3.196794,2.452171,-1.55799,1.591366,,4.251028,1.763651,5.810458,1.950369,2.316976,0.935368,5.415383,5.901349,0.7329435,5.02546,-3.364923,,-0.399795,-0.009478,-0.260578,1.824665,-0.234521,3.232639,5.443695,4.52113,-0.831917,4.839408,0.303774,0.293367,3.804552,-0.550004,1.750789,4.234074,2.643707,0.828023,1.294281,0.751734,5.323496,0.401737,1.161286,-1.403232,3.732123,5.845053,-0.768297,,0.051906,3.289842,3.442429,0.571404,4.759402,2.674417,1.977059,5.352929,0.545027,-3.693445,3.61029,1.737116,0.367354,2.021629,1.602072,6.016015,-0.237227,-2.122525,0.752048,,0.966143,2.749047,2.741898,,4.76398,1.818832,5.21024,4.983353,1.330519,6.109716,3.63839,4.771865,2.971237,2.752021,3.808954,1.433963,4.365558,5.901349,3.354044,3.190457,0.301646,2.462762,2.877702,4.151946,4.710867,3.236393,3.02983,5.44943,3.82128,6.122421,4.51685,1.850829,5.60907,-0.180512,-4.406202,4.75345,4.617518,-0.149973,1.894092,2.820453
G-402,8.225892,1.021111,4.969376,,5.246819,2.995549,4.414619,0.591608,2.994628,1.956332,6.640606,-1.087659,1.5255655,3.289569,10.033615,-4.188312,-3.026632,-4.231518,-2.920407,-4.078999,-3.46021,3.643502,3.9924245000000003,-4.032949,3.426856,9.437422,-0.191892,-3.662648,-3.0567865000000003,4.006143,4.743425,3.797893,2.693345,0.198017,5.759232,-5.324622,,1.925297,-0.001029,-5.3896964999999994,-1.789223,,0.207201,3.188319,,3.762307,2.386846,3.416123,3.45081,6.478782,-1.486889,5.009745,-3.754574,-2.366582,3.405248,1.591733,-4.996121,0.8035875000000001,,1.426512,-0.409605,-2.12483,,-1.740102,1.73978,,2.1446785,1.648286,2.098115,5.355277,2.837158,-1.100242,0.827063,,,3.5363664999999997,1.434938,-1.359983,-5.834873,3.412215,2.959028,-2.321007,1.618416,,4.449847,2.40906,4.776052,1.96453,2.841218,4.22265,3.720176,3.089941,1.8609535000000001,5.706219,-3.316724,,0.821144,-0.251947,1.701804,1.030649,0.07027,3.402159,4.218726,5.580684,0.757491,4.409136,1.722735,2.899583,3.819386,1.421146,1.957181,,2.823636,1.266036,2.593587,1.550818,5.227791,3.13474,-0.687557,-2.283671,4.531912,4.749039,-1.197928,,1.544265,3.144423,3.797562,2.163362,2.571458,2.252388,3.493727,5.403417,0.454128,-3.405429,3.157369,2.171475,1.253357,3.030329,-0.566195,3.448372,1.92319,0.247201,3.248744,,2.840304,2.623391,0.756182,,5.162792,2.639974,5.578467,5.659833,1.77865,5.416905,5.040418,5.335239,4.908092,2.480061,3.874754,3.139637,4.812813,5.468098,2.6868214999999998,3.146837,1.920035,3.313521,3.354384,4.041845,5.027099,5.04061,3.860982,4.192505,3.58721,5.163803,3.462582,4.540485,5.545435,1.909545,-3.719033,5.53071,4.632054,1.8715,1.950141,2.434287
GAMG,7.121215,1.739142,5.999587,,4.835007,6.595962,5.467025,0.61595,3.929728,1.525486,7.067625,2.060523,6.7443349999999995,2.143074,9.206791,-4.550409,-2.393874,-3.762244,-1.935645,-4.1789,-1.46454,4.2489,3.9980835,-3.300885,3.577721,8.252972,-0.240275,2.910509,-4.9897875,5.836041,5.607666,4.213127,3.868198,3.241198,5.845768,-5.485977,,0.445172,-0.327063,-3.6385025000000004,-1.787091,,4.034864,5.144564,,5.080153,3.595045,2.901194,4.692071,6.200426,-0.061394,5.847676,-3.198221,-4.370287,3.221716,3.476654,-5.697429,1.026111,,3.919753,1.766627,-2.19745,-4.812533,-1.316937,3.447954,,5.7455300000000005,2.055193,4.00191,5.273434,3.879399,2.177506,3.396667,,,4.618788,1.466237,-0.002626,-6.511279,3.920917,3.32664,-3.9016,5.151906,1.114839,4.735917,3.67339,5.707965,2.352462,4.489358,5.00108,4.537687,5.858338,2.6193845,5.302803,-2.540154,,1.028087,0.56681,-1.513184,3.159035,-0.370047,4.267752,5.389953,5.615263,0.142393,5.651091,2.215849,3.527639,4.763882,0.372424,4.840111,2.594941,5.298198,2.318764,2.458545,1.315943,4.768225,2.591048,1.578873,-1.570766,4.178807,4.810974,1.316333,,2.8073,4.269943,5.821618,3.803938,5.136955,4.369016,2.960453,4.856691,2.595479,-2.449631,4.313787,4.764083,3.480311,2.520236,3.868408,5.190196,0.856349,2.89422,2.2822804999999997,,1.757897,3.010421,5.062763,,5.72321,3.785791,5.019102,5.462114,1.807265,5.744247,5.642605,4.998045,5.013525,3.533494,5.260003,3.048681,5.264426,5.858338,4.35885,4.213125,3.414391,3.150672,4.378168,4.84332,5.750095,4.575865,2.681685,4.442149,5.320503,1.970596,5.858221,0.110165,5.442982,1.672934,-4.143009,4.968152,5.266999,3.560965,1.627772,3.237112
GB-1,7.6508,4.903156,5.688346,,6.337575,5.946648,4.957138,0.217846,3.798774,2.016973,7.092461,2.875351,2.9330675,3.660335,10.166559,-2.176275,-3.0555,-0.799423,-0.451751,-2.029777,-1.286668,4.964424,4.629398,-3.711852,4.427557,10.329658,0.660157,1.352976,-1.012612,6.407728,6.00756,2.3405,2.594451,2.695085,5.649355,-5.034078,,1.194982,0.973644,-2.4886955,-1.135008,,5.014096,6.341776,,2.782544,5.004799,3.598061,4.205572,7.321127,0.988884,5.532858,-0.595557,-0.048932,3.554176,4.428973,-2.570229,3.0334955,,1.371134,4.668676,1.588509,,1.371876,4.212663,,5.380451,5.364562,5.091711,4.846353,5.095585,1.383442,3.874403,,,5.539224,3.201843,1.061352,-4.769885,2.401967,5.243225,0.418833,6.348318,,4.857339,5.359574,6.329107,4.221885,4.648059,3.798231,5.096309,6.471948,4.4264155,6.226917,-1.994204,,1.090642,-0.418421,-0.779995,5.132669,1.93359,4.881154,3.770611,5.853562,2.547027,5.733114,1.293757,4.786728,5.744274,2.509212,5.295905,3.619961,4.539875,4.084783,3.228088,1.78515,4.518943,3.321959,3.832296,1.863937,2.678138,6.017042,1.197564,,4.446917,4.857588,6.172759,5.025144,5.576713,4.577148,5.430399,5.73831,3.248812,-0.835018,4.593728,4.681025,4.288637,3.232005,5.693514,5.72935,2.54105,1.052178,3.9473105000000004,,5.267188,6.969215,4.227436,,6.328797,4.790906,5.655117,5.804319,2.894686,6.618063,5.174855,6.091643,5.242149,3.66306,5.346029,2.969653,5.975455,6.336891,5.2087775,5.441024,3.952566,3.900322,4.213661,4.291941,5.601172,6.010194,4.01855,6.605397,6.045673,4.680368,6.282472,5.52535,6.629708,1.183835,-2.374305,5.570213,6.588497,0.600272,2.95917,5.884686
GCT,8.371821,3.963136,4.251578,,5.500174,4.14065,5.595771,-0.603711,2.130313,2.192281,5.47472,2.354799,6.7811485000000005,3.475655,10.785846,-2.990725,-2.934574,-2.543773,-0.414903,-4.660918,-1.811722,4.436372,4.7961455,-4.665258,4.295149,10.108347,1.045968,-1.610854,-3.3137115,5.952898,4.444142,4.104486,3.876439,2.384283,5.824715,-3.305671,,5.015688,0.151067,-2.934571,-0.78881,,3.310645,5.560925,,4.702674,3.368835,3.80869,4.298794,6.678412,-0.53342,5.191766,-3.059163,-3.20649,4.182896,3.327437,-4.785942,3.2691985,,3.316092,3.666556,3.187164,,2.340983,0.894368,,5.515185499999999,2.43007,2.829414,5.678123,3.909693,2.212598,2.604326,,,4.2823329999999995,2.12301,0.644346,-4.935864,4.807273,3.402074,-0.640489,5.667763,,4.718669,3.97711,5.194036,2.838486,2.766533,4.367358,5.331656,5.920754,2.7611049999999997,5.748933,-0.944358,,1.647023,1.471253,1.09998,2.656563,1.500829,4.834551,3.542554,4.106312,2.657069,5.335099,3.484586,4.577731,3.506152,0.069057,2.394764,0.828679,4.013778,3.354908,3.990651,1.487687,3.857167,2.428231,2.771464,0.233658,4.830015,5.789792,0.990403,,2.329976,2.945019,2.587296,4.427175,4.395607,3.5192,4.110657,4.756103,3.450922,-0.809216,3.980131,3.437852,2.458144,3.300355,-4.245409,4.637942,2.159792,3.317329,3.032696,,3.663845,3.449307,3.410948,,6.044462,3.850265,6.028932,5.454143,1.625975,5.524385,4.845436,5.136855,4.680525,3.68246,5.643247,2.892524,4.956087,5.825111,3.282972,3.201299,2.495546,3.067245,4.193339,4.768246,5.683473,5.708206,3.864796,5.972066,5.128711,6.036249,5.530536,3.676673,6.659039,1.986683,-1.934716,5.162591,5.082445,4.968872,3.271391,4.015293
GI-1,6.371735,2.885529,2.994804,,4.756209,5.992409,5.782624,0.634721,2.213987,1.350763,5.137107,1.195409,5.495562,1.647445,8.823854,-5.474442,-3.816898,-4.625665,-1.034063,-3.578059,-2.658471,3.516512,3.5366165,-5.298614,1.82766,8.372655,-0.869783,0.403328,-5.2182395,4.66413,4.877786,2.677646,4.236577,2.735404,3.967511,-5.365133,,0.915823,0.091108,-4.220902,-1.422196,,1.70551,5.846387,,2.072752,2.822729,2.527269,4.193757,5.63342,1.24645,4.47779,-1.552194,-4.473732,3.342145,4.747373,-6.092535,2.779214,,0.755913,1.980176,-0.988516,-4.996452,0.276029,2.025387,,4.557046,2.336101,3.927196,,3.907437,1.835724,1.40769,,,4.2283075,1.607459,-1.370871,-5.876962,2.072326,2.028309,-3.302485,4.610588,1.378595,4.35461,4.789341,4.823646,1.248489,2.975463,4.389276,4.686203,4.744482,5.122565,4.989061,-2.83215,,0.49682,0.277303,0.711378,1.770729,0.091423,4.110255,4.314212,5.15324,1.680069,4.898213,1.42855,3.439106,3.842532,-0.499135,3.544908,1.857617,4.975276,2.531997,1.873725,0.903224,5.100475,2.432489,1.541489,-0.871753,3.078974,4.85015,,,3.501958,3.140695,,3.543802,4.10677,,1.7445,3.360222,-0.220007,-2.983147,4.050386,3.153557,2.918443,1.556539,1.901116,4.636875,1.160107,2.147715,2.1688025,,2.860146,3.883549,4.629093,,4.556755,3.451099,4.112877,4.856489,0.670434,5.232877,5.130264,3.66805,3.833059,2.733717,5.846387,1.708973,,4.867056,2.827679,2.707648,2.218063,1.090454,2.944006,3.893017,5.148287,3.820762,3.127918,5.15169,5.115547,5.143186,2.386931,0.29284,5.841994,2.554663,-3.198816,4.325311,4.32467,2.414056,1.813209,3.676188
H4,7.631442,2.472635,2.35538,,4.765162,2.590607,5.273153,-0.915673,2.778062,1.179021,6.711413,-0.535266,4.1397035,0.861857,8.684942,-5.4356,-4.712836,-3.947668,-2.829326,-4.910026,-4.097239,2.818113,2.856372,-5.735615,3.337843,7.636242,-2.740444,2.32528,-6.120290499999999,5.16916,4.945085,2.109115,3.660442,2.819219,4.241315,-4.998597,,-2.061238,-1.92865,-5.930985,-1.173135,,2.001655,4.972057,,3.860566,2.32764,2.309197,4.070991,5.54191,0.408258,5.168852,-5.415135,-5.531774,1.068595,1.893088,-6.406624,-0.11790550000000002,,1.518741,0.529634,-3.277176,-5.355865,-0.413891,1.715672,,2.1915630000000004,1.421623,2.787523,4.930506,2.37792,1.970853,1.261874,,,3.7354595,1.329205,-0.782389,-4.198215,2.375158,2.371496,-3.048567,0.420591,-0.611039,3.517819,2.09878,3.974926,0.53372,0.864783,4.59444,4.867134,5.016492,2.938828,5.140602,-3.264993,,0.522826,0.935982,-1.02457,1.697414,-0.468366,1.986205,2.346405,5.166902,-1.691646,4.4959,0.510487,3.04958,4.335848,-0.971782,2.786386,0.764079,3.109432,2.732644,1.864729,-0.224574,4.542201,1.541877,1.210812,-1.438251,5.075668,4.313546,-0.510092,,1.453648,2.861044,3.488753,2.264402,4.464011,3.438575,2.489405,4.032108,-0.424474,-3.239905,3.853764,2.041981,2.808873,1.673074,4.199014,1.575715,0.985163,2.052329,2.3021425,,1.704198,6.219916,2.407506,,4.768193,3.125833,5.011093,5.187943,0.886061,5.236173,4.862078,5.088943,2.898275,2.327265,4.014978,1.597768,3.720796,5.148185,3.7241295,2.684916,2.21253,2.182139,2.460687,2.802969,4.691301,3.455949,2.771647,5.009636,3.706962,3.257778,5.142428,0.131035,5.162859,2.144239,-4.114276,4.444987,3.420711,-0.451263,0.573104,2.167289
HARA,8.021029,2.471536,3.955162,,5.06772,3.272272,5.115884,0.096223,2.884083,1.438983,6.63213,-0.54542,6.1773205,2.976679,10.243754,-5.924449,-2.720645,-4.861483,-1.820312,-3.464076,-2.523683,3.860168,3.1077674999999996,-3.974146,1.938616,9.594052,-0.935604,-2.962602,-6.3867545,5.566652,4.362277,1.796949,1.725556,2.669227,4.652963,-5.389133,,1.073179,0.628799,-5.0648045,-1.679842,,2.329746,6.131526,,1.514401,2.753634,3.248455,2.436262,5.940934,0.346439,4.733314,-2.643883,-5.077678,2.009039,1.824257,-5.588531,3.214843,,2.998496,2.216509,-1.176892,-5.955953,1.984019,1.68466,,4.042307,1.383765,2.573104,5.295077,4.129114,1.118893,0.863058,,,4.6467665,0.477308,-2.724059,-4.106285,2.595647,3.437085,-3.715988,3.744522,0.455285,1.831018,2.909201,5.540853,1.747515,1.891022,2.432534,5.392083,5.546664,1.355002,5.108106,-2.329103,,0.233983,0.375029,-0.137666,1.436628,-0.00799,4.268716,3.361575,4.146951,0.301572,5.219834,0.836798,2.700813,2.286103,-1.060205,1.636513,2.910907,4.790163,1.782829,3.008707,1.2343,3.731231,2.142219,1.531725,-0.087835,4.601824,5.548607,0.365175,,1.457194,2.893876,5.356713,3.031097,2.815297,-0.692506,2.312753,4.962071,1.173365,-3.813788,5.227299,2.900332,2.719454,3.007613,1.985018,2.523058,0.423043,1.290695,1.4077004999999998,,3.601924,5.858706,3.938365,,4.661375,2.151345,4.791632,5.295957,1.39596,5.892885,3.397779,5.102918,1.563026,3.150994,5.7634,3.053252,5.513683,5.333417,2.9408525,4.850803,0.781305,3.138589,2.845215,4.081552,5.569337,4.790926,2.09735,5.326687,3.830742,3.74258,2.336535,0.927346,4.715387,1.000831,-3.835779,4.891137,4.73139,2.252926,1.722229,2.833099
HCC-15,5.950548,5.386876,4.108719,,5.685549,3.781355,5.086694,1.928932,5.268953,2.028526,6.804343,2.714403,5.230367,1.298255,9.380596,,-1.57042,-5.140013,1.216028,-1.943615,-1.693637,4.071252,3.6714755,-4.046077,2.848972,9.841064,1.292267,0.773087,-6.299469,5.670306,5.77031,2.156613,4.207831,2.840596,5.876318,-4.667757,,2.37786,2.203217,-3.1375605,-1.066288,,2.451726,5.358801,,3.632592,2.70578,3.59349,3.552951,6.142809,2.529506,4.705253,-1.33177,-3.97894,3.630069,5.820682,-5.124637,3.1137565,,4.2754,1.455723,-1.020254,,1.64253,0.193256,,4.9729365,0.968597,4.041026,5.447122,5.00441,4.217639,3.790461,,,2.2770105,2.654064,1.25448,-4.297596,-0.984158,3.061473,-1.758857,5.484605,,5.721161,3.382039,5.470669,2.211855,3.178681,3.418939,5.847864,5.717985,2.6426594999999997,5.355711,-1.356367,,0.63414,0.353553,0.337626,3.208916,1.96298,4.323536,5.693742,5.544133,-1.542286,5.318272,0.60851,5.482524,5.824388,0.281786,2.707587,4.820356,5.662041,3.603311,-1.55749,2.199547,5.465272,3.998958,2.827347,0.46639,4.071963,5.485362,0.244694,,1.064576,3.348876,4.626194,4.286637,4.824802,5.005743,4.371709,4.98569,2.200539,0.656471,3.396896,3.999749,4.538161,0.800052,2.064107,5.837719,3.478649,1.427014,4.601129,,4.305947,6.965934,4.522542,,4.367087,4.887192,4.798458,5.551163,2.862976,5.394795,4.5236,5.776058,4.658405,3.694488,4.136791,2.74705,5.064401,4.721376,4.308495,3.873472,2.527034,3.489564,4.071556,4.95038,5.558744,4.982892,3.870551,5.648421,5.896075,5.385378,4.75672,3.423776,4.406783,1.673414,0.463392,5.12587,5.666011,3.634753,4.08579,3.89817
HCC-33,,3.786713,,4.259584,4.17101,3.988793,4.686008,,-0.786446,0.365073,6.63383,,,,,,0.372255,-4.667629,-0.269236,-2.557071,3.377516,,3.222339,0.929384,2.803142,,-0.530821,2.762097,-5.511971,3.575608,5.291519,5.34294,2.916816,2.55917,5.126998,-4.526989,3.18403,,,-4.549187,-1.219022,0.706313,2.843286,,2.809683,,3.439369,2.231991,5.029394,,2.787152,4.522277,-0.41184,-4.613057,3.222858,4.334063,,,-1.325422,,1.76572,0.811928,-5.632816,2.381718,3.803775,2.342708,3.941568,0.544007,2.270077,5.199496,4.591488,1.806898,2.383039,4.825928,2.447528,4.100644,1.00459,-0.995314,-5.811741,0.65492,4.111092,-4.168983,5.32168,,3.108664,3.608947,4.548055,1.895511,5.187417,3.257566,4.369057,5.186104,4.912576,5.317461,-0.055645,-0.005259,1.100354,,1.547327,,2.463546,4.764309,3.918038,4.133882,-1.097565,3.791304,2.34719,3.645481,2.450083,-0.35219,4.490184,2.045706,4.77369,2.261285,0.217933,0.958134,4.853253,2.592807,,,3.931306,5.548738,0.546485,4.735749,5.396549,2.067309,5.338091,3.316584,,2.057576,,4.215681,1.604811,-3.275372,4.405013,4.720715,,1.97639,1.876387,1.881736,3.558818,3.486682,2.92737,2.822156,3.714817,1.067312,4.85739,2.033845,2.625487,3.076757,5.524511,3.16466,1.633509,4.026355,3.598383,,1.003966,5.047635,5.869481,2.76545,3.432161,,2.50695,4.152022,1.62022,,5.544924,,,,0.842488,5.210731,4.828266,3.337926,,4.89481,,3.409628,-2.401853,3.46316,4.829209,4.639098,3.001154,2.712832
HCC-366,,5.590169,4.698822,6.330705,5.646635,3.202488,5.843715,2.347665,2.494662,1.900437,6.793903,,6.971364,,,,-2.667555,-4.200978,-0.293891,-2.718108,-1.904904,4.66453,5.2566935,-1.155744,3.992291,,4.466073,3.061293,-3.955243,3.845338,6.663266,3.167413,1.662465,3.569894,6.182603,-5.212292,6.536906,,1.515169,-2.936408,-1.771156,2.254829,2.585027,6.04182,5.528251,,2.778546,4.336166,5.448077,6.85999,-1.377818,6.597537,-0.229204,-3.885971,2.069442,5.596136,-5.079343,3.422186,2.555243,,3.601152,-0.090053,-3.605741,2.253172,3.062597,3.64565,5.7408785,2.374549,2.77254,5.59176,5.888177,3.006079,2.205764,5.245671,2.506479,4.154509,1.509656,1.932754,-6.514994,2.011118,1.748094,0.152087,5.856849,,2.817291,3.970501,4.947312,2.676268,2.57422,3.567168,6.327435,5.586283,3.552487,6.298468,-2.304929,4.089384,2.224274,2.313261,3.069458,2.671767,0.896074,5.102656,3.985124,1.942574,3.66326,5.086099,1.324082,3.933697,2.770471,1.216443,4.173257,4.051548,6.060256,2.29936,0.693693,1.696167,4.936919,4.041392,2.779063,,5.924264,5.459833,0.738933,4.593994,3.175415,3.162281,6.555141,5.058251,,3.97564,4.911989,4.260107,2.01774,-2.547897,5.190389,2.574868,3.70872,2.822294,-2.424809,5.122895,1.915051,3.96146,3.919392,3.233285,3.042975,3.443103,3.5603,3.69265,6.387189,2.451793,6.433222,4.766766,3.507936,6.011997,4.726369,5.513707,4.318698,2.79707,6.350836,4.444708,5.712216,,3.3194,4.787862,0.532535,3.232507,5.530319,4.413825,5.630486,,1.184826,6.663642,3.560094,4.271395,5.887382,4.675505,6.466839,1.664811,-2.375451,6.31852,5.281538,2.990095,2.719133,3.779337
HCC-44,,3.556331,6.257745,,5.64003,3.010138,4.618244,1.293154,2.294233,1.607379,6.234133,1.271559,6.72983,1.797324,,-5.200915,-1.850606,-4.28159,-1.565568,-4.390549,-1.196009,4.010359,4.1206195,-3.374991,3.867033,,-1.213925,-3.311943,-4.698405,5.659536,5.404351,3.8079,3.658201,2.304051,4.737685,-4.389116,,1.292814,-0.115976,-4.0481345,-1.626707,,4.019991,4.600733,,1.784634,2.505,3.223656,3.820183,5.446608,-1.637623,4.160903,-2.460576,-4.383511,2.631727,3.771744,-5.824308,1.247487,,2.12659,1.641128,-2.96542,-3.463137,0.380093,-0.368052,,4.327356,,3.453982,5.015648,4.546278,1.554361,1.206317,,,2.5490304999999998,1.428939,-0.247835,-3.762294,4.475486,,-2.473835,5.164956,1.192574,3.993001,2.864395,5.248416,1.434753,0.737244,2.974809,5.597848,5.659536,1.4287965,5.088118,-1.68855,,0.446874,0.233008,0.047613,2.506165,-0.038926,3.909294,4.842211,4.922296,1.272322,4.818749,0.356744,2.393229,4.174151,0.161862,0.513483,2.022357,4.567615,2.095962,3.449047,2.141187,3.316276,1.404632,1.636957,-1.353072,5.181102,5.337407,0.359807,,-0.289504,2.675595,4.645323,4.050098,3.708366,4.236592,1.905432,4.983124,-1.094024,-2.184332,4.107234,2.182284,2.866624,2.843638,0.401301,4.216684,0.532876,2.727032,1.929262,,1.865058,6.723097,3.714169,,4.989356,2.86766,4.627268,5.329522,,5.493504,3.663134,5.500018,4.093411,3.707376,5.102853,2.024282,4.302426,5.659536,3.0276535,,2.473396,3.06194,3.106351,4.55452,5.249576,4.598763,3.622218,5.647178,4.413768,4.198742,4.384239,0.123568,5.698264,0.313501,-3.683915,,3.723939,3.468022,2.446666,3.495623
HCC1143,7.836442,4.791686,7.27923,,5.568806,5.096717,5.147339,0.157373,1.590242,1.643312,7.77355,3.79686,3.6995430000000002,5.262859,10.925902,1.341923,0.636184,-2.668328,1.390366,-2.082555,3.097728,4.57118,4.495501,-0.769757,2.834286,10.077763,1.76104,1.733373,-2.3898715,6.387908,6.544544,2.023396,2.022557,4.503055,5.041295,-4.185796,,5.396934,2.671403,-2.3591105,-0.791577,,4.039349,5.7704,,2.535129,4.782642,3.421361,3.518563,6.773508,0.84949,4.88979,-2.20423,-0.693283,2.710687,4.762933,-4.707551,4.7990925,3.207134,5.730019,3.457817,1.031168,,1.889226,0.615394,,5.9575914999999995,3.208151,5.15474,5.296393,5.06173,3.346963,5.983561,,,3.382165,1.775734,-1.587209,-2.343807,1.405736,3.066231,-0.534733,6.147513,,2.116336,4.523662,5.552923,2.819097,4.071066,3.331907,5.671265,6.180618,2.3289865,5.860684,-2.696021,4.880546,0.572102,1.997846,4.853539,3.875556,0.862261,5.307956,4.456959,5.649204,3.052149,6.1645,3.184356,2.996109,3.831251,0.732066,2.409386,4.469186,5.762027,3.572518,1.592965,4.132126,6.038571,3.528813,2.230683,2.80203,5.075258,6.061927,1.293701,4.139151,1.26712,3.288609,5.728925,3.6681,,3.387743,3.343978,4.845149,3.122555,-2.473661,4.388265,5.440917,5.423674,3.910819,1.767357,2.006569,1.73702,3.470668,4.0056075,4.412801,2.088731,5.272352,5.299886,,4.663791,2.829319,5.495836,5.628404,2.943192,6.257002,5.633785,6.132839,-0.012102,4.086223,5.816952,2.671761,4.838595,6.165825,4.118291,4.344531,1.047639,2.566371,5.401738,4.800202,5.598889,4.057424,1.860551,6.146646,6.211017,5.769533,6.014813,2.713652,5.655987,0.775187,-2.051594,5.480941,6.103543,3.797879,2.781813,3.850293
HCC1187,6.734631,4.422906,4.393655,,4.741479,6.868742,4.456751,1.241561,2.70881,2.691067,6.789027,3.31885,1.754185,1.557219,8.897249,0.231497,1.235544,-4.759459,2.621718,-1.991561,6.210735,3.733772,4.33736,-2.419624,3.523144,8.657174,-0.601342,-2.548694,-4.6521435,4.089929,5.023819,2.476346,5.222466,2.293704,5.355775,-5.860885,,5.344051,2.371924,-2.9327125,-1.751846,,4.134595,6.0594,,1.682076,3.040556,2.725405,3.573429,6.041627,4.075631,4.992838,-1.175228,-5.633233,3.757868,4.286114,-3.826257,3.2894794999999997,2.72312,4.071584,2.828514,1.123659,,3.018373,2.533766,,3.286862,1.914155,2.108436,4.525543,3.670822,3.870021,2.451743,,,4.3350645,2.114233,1.532497,-2.640528,2.637467,4.095979,2.636572,4.546793,,4.510539,3.947292,3.309986,2.360656,3.358119,3.393629,3.579851,5.302509,3.6207905,5.127432,1.49344,4.006759,1.717053,0.962418,2.672691,0.793952,1.869886,4.459187,5.610565,4.689865,,5.193517,0.203841,3.47085,3.754411,1.677522,5.035281,2.005801,4.111781,2.863701,3.630356,-0.564939,3.218586,3.616366,3.972082,3.025913,1.869131,5.361608,0.286364,5.481623,2.54002,5.354788,4.236248,4.111292,4.674159,4.674159,2.86463,4.567739,2.157414,-4.27563,3.503688,5.357921,5.317328,2.270133,2.105786,5.326307,3.116703,1.166208,5.0610575,4.305611,2.96369,4.491654,5.367122,,4.202719,4.542536,4.243549,5.410855,0.972543,5.111821,5.111045,5.367306,4.085457,5.360877,3.884616,0.932148,5.350632,5.358434,3.887932,4.959393,1.838643,3.046197,5.364279,4.641601,5.330372,5.159017,2.710402,5.365881,4.447934,5.322236,-1.845805,3.093996,6.012538,4.177813,1.813268,4.674159,5.34898,5.28552,3.354732,5.103173
HCC1395,7.72126,1.751951,,,5.450775,6.095529,,,2.324273,2.757951,7.420396,3.466585,,2.816335,10.169414,-5.103655,-2.255899,-2.801269,1.313756,-4.266581,4.440612,,2.811052,-4.219758,3.863867,8.31685,-1.049609,2.419155,-4.257112,5.467036,6.172567,3.142511,2.143519,2.464436,5.203251,-4.833731,,4.891222,,-4.046036,-0.216439,,2.618838,,,4.13296,3.339656,,2.469783,,0.868383,3.940535,-2.29373,-3.374768,2.13869,3.414036,,1.388032,2.021532,2.913907,2.173991,1.131549,1.438387,0.919129,2.983015,,5.555438,2.214195,,5.068422,3.663062,0.868407,,,,4.463583,1.93851,-2.324049,-2.284838,3.289987,2.46617,0.776301,4.874813,1.828938,4.193574,3.262678,5.70183,2.482619,3.103854,4.053586,,5.927637,2.590204,4.077782,-1.365161,2.241924,0.47312,0.54038,3.130747,,0.470381,3.496354,4.233466,,3.052981,4.392404,2.034153,1.670712,,0.142572,3.155901,2.760698,,1.302857,3.427354,,,1.718502,,-0.32959,,,0.670516,1.89831,2.899858,,5.672324,3.230498,3.581053,0.44111,,3.243451,3.740166,,4.080102,,,2.663474,,2.468605,2.067317,0.415417,1.486738,3.188334,1.625134,,,,4.218233,3.551493,5.794724,4.890547,1.651773,5.823964,,,,,,3.267394,2.94903,4.908895,2.604387,5.024588,2.607309,,,,,5.670003,3.126607,,4.742991,4.115162,,1.82513,,1.541267,-0.705369,3.792703,,2.474944,3.768781,2.765022
HCC1419,8.025155,3.947971,6.639742,,3.547247,6.446128,5.483257,2.732624,2.778022,1.798786,7.150524,3.718511,0.765644,6.233668,9.217367,-0.816498,1.128465,1.296532,1.016255,-0.788926,4.771844,3.248297,3.712198,-1.492993,2.394599,9.699348,1.244289,,1.3111695,2.545375,4.810339,2.395836,1.239531,1.96849,5.36731,-4.313851,,4.807601,4.30951,-0.539952,-0.487467,,1.61007,6.186026,,3.122357,3.744173,2.923239,3.338995,6.205263,4.002979,4.267959,-0.673393,0.931576,2.627972,3.834072,-5.84012,4.964837,5.298411,4.3547,3.472816,-1.133119,,1.558257,3.666876,,5.5639994999999995,2.902438,5.149619,4.091105,3.699186,4.14748,5.016988,,,4.810334,,5.019113,-1.057102,3.358226,3.328676,3.848094,4.865019,,1.648094,3.494462,,5.204869,4.486276,4.125944,4.759242,5.164551,2.6339715,5.107821,-0.320088,3.184444,2.169889,2.759883,2.141544,2.892596,1.9322,4.666255,5.478353,5.541215,5.197853,4.781935,5.53666,1.610366,,3.219636,3.179144,5.068011,5.517701,2.517403,2.054145,5.47649,4.692562,2.447834,1.989676,0.417845,3.631258,5.094926,4.535382,4.322591,4.27444,3.936308,5.824563,3.73538,4.847596,3.100346,2.329123,3.457858,4.607003,0.222006,3.487175,4.402266,3.950393,2.878985,1.346581,5.444021,3.232572,0.954318,2.6605885000000002,4.819096,3.72929,6.639828,3.427483,,3.436061,4.200977,3.38907,5.694972,0.682729,5.640325,4.140599,3.692937,3.666701,4.623955,2.990517,2.181507,5.178422,5.497463,3.4675575,5.488284,-0.103191,2.734077,4.599039,3.351453,4.731326,5.227356,2.518157,4.241925,4.408096,4.872737,4.732503,2.261321,5.688313,3.102599,-2.259796,2.260462,4.897813,5.112454,4.05439,4.343991
HCC1428,9.159345,5.452748,8.036971,,6.931563,8.10549,6.230688,4.503,0.95753,0.198481,9.025851,4.870639,3.872669,3.720926,9.653037,-0.760761,1.566777,0.666207,2.535497,-1.684748,7.367921,5.267771,3.7389935,-0.303475,4.293519,8.746923,1.819354,-0.62219,1.5993815000000002,4.908175,6.918374,4.512203,3.689408,2.963025,6.769253,-3.063505,,2.658924,5.097769,-1.524613,1.18527,,1.903184,6.962653,,4.986334,3.51861,3.480247,5.512011,6.380622,4.373692,6.173056,-0.082172,-0.286279,3.824427,5.431066,-4.11464,6.0486355,5.26335,7.299453,4.18296,1.511656,,4.536016,4.414571,,7.3816965,5.451173,5.484542,6.312339,5.52253,3.373803,2.585816,,,6.428442,2.484613,2.847622,-4.637389,1.667635,3.114469,1.282298,7.601099,,6.055057,5.884415,6.958662,3.680272,5.129503,6.200986,6.874843,6.928304,4.800858,6.387514,0.821746,5.265306,3.558526,-0.089315,2.626017,6.950126,6.610125,5.87247,6.135717,6.525036,4.082731,6.699442,5.158342,6.794329,6.770172,2.463112,5.261351,6.543382,5.853097,5.866259,1.161504,5.167511,5.549699,6.923464,4.377825,3.262855,5.017171,6.679319,2.111884,6.94522,6.108859,6.783703,7.770623,5.564379,5.684072,5.306342,5.763625,6.10445,1.310657,1.233004,4.410102,4.375767,6.930837,4.431429,5.117079,6.901757,6.354147,3.189794,5.798998,4.742862,6.875397,5.62097,5.478136,,6.511136,7.509893,5.97398,6.540312,3.844506,5.832812,5.246701,6.935617,5.707651,5.591403,4.624838,3.188743,6.357789,6.981238,4.7213835,6.165999,4.378032,3.943503,5.803813,5.515786,6.290523,5.612593,5.052654,5.877403,5.338512,6.821,0.507248,2.650075,7.556552,3.966393,0.278554,5.340275,6.672575,6.83134,3.842378,2.69283
HCC1500,7.615746,4.134032,4.080423,,4.280504,5.228384,5.642864,4.0853,0.520283,1.611211,6.264083,3.720476,0.32966399999999996,4.192674,10.23508,-3.471361,-0.468555,-1.424437,-0.560767,-0.350597,3.028135,3.867648,3.0868985,-2.113736,3.684605,9.598505,1.59959,2.156003,0.14521300000000004,3.946637,5.339911,2.894074,4.553377,1.906934,5.266845,-5.939043,,2.928613,3.305297,-2.6645155000000003,-1.918741,,2.380171,4.151322,,3.171602,2.44027,2.925127,3.381802,6.03691,3.000148,5.364643,-1.331723,-1.682598,3.410136,4.653302,-4.68361,4.72879,3.898828,4.557497,3.285075,-0.09096,,0.888269,3.681053,,5.431985,3.414321,3.805547,,4.10854,2.067384,3.999044,,,5.0406475,1.232083,3.509855,-0.766504,-2.834415,2.907424,1.395092,2.454249,,5.415739,4.845473,4.961156,4.70687,3.36792,5.851969,5.459251,5.448968,4.645988,4.195996,0.146347,2.528639,2.531125,1.273266,2.184656,5.483319,3.436285,4.5989,5.352778,5.390202,4.885425,4.162619,5.311238,2.87722,4.557448,2.167571,2.851972,2.89328,5.316563,5.352856,-1.975246,2.42586,5.243827,4.040425,1.172824,0.079832,3.607152,4.796124,,,4.416242,1.917667,6.159243,3.974621,4.788603,,4.230636,5.04586,2.82661,0.013143,3.615437,4.678221,5.410625,-3.588015,0.753877,5.360472,4.150565,1.899837,5.0701585,3.100266,5.374136,4.885292,4.10016,,3.843099,5.065984,4.179984,5.64153,2.33277,5.302599,3.615155,5.458259,4.790171,4.812977,4.493141,2.095172,,4.70947,2.718603,4.565243,2.588516,3.096615,2.315719,4.650196,4.920049,4.618549,2.080428,5.473355,4.799505,4.108189,1.560234,2.449244,4.942378,2.935462,-1.236427,4.738311,5.022699,5.377461,1.183871,2.657051
HCC1569,,3.238263,6.06101,4.808497,5.766627,4.680672,5.520406,1.511444,2.230113,1.110411,7.371462,,5.5266345,,,,-0.348275,-2.211781,-0.367398,-3.415748,2.709477,3.930706,3.4844195,-0.94839,2.935826,,-0.62001,2.082573,-0.8840065000000001,3.556076,6.371167,3.737323,1.993331,2.522932,5.993488,-5.80838,4.128032,,0.055658,-3.226646,-2.042333,2.249692,2.369655,5.010918,3.643589,,2.596958,3.552466,4.073053,6.209184,1.051839,5.121683,-1.360607,-2.487542,2.223044,3.82137,-6.016121,3.78698,1.882524,5.020682,1.9807,-0.943006,-4.421796,1.319245,2.005426,4.313791,5.4946485,1.30182,2.555268,5.598125,4.742666,1.958008,1.723355,4.107533,1.932919,4.9688565,1.51544,-1.936892,-4.039164,-0.853141,1.873885,1.264579,4.527672,,2.794032,2.055246,4.517143,1.839969,1.186172,4.67099,4.850614,5.160515,2.724521,5.129346,-1.526381,2.330385,1.999423,0.850372,-0.857842,1.809468,0.504018,5.80221,3.273041,4.036985,2.345306,4.477741,1.591885,0.711377,1.426077,0.347624,2.017941,1.414845,3.965647,1.24139,-1.690898,1.412395,5.599256,0.488777,1.527246,-0.713896,5.048154,5.325935,0.752938,3.554627,1.609281,1.663468,5.230672,3.466147,,1.075683,-0.064534,3.640054,1.876938,-2.178722,3.647376,2.017301,3.709728,2.370403,1.375429,2.025702,0.41989,2.866741,-0.302887,3.660587,2.334347,2.800808,3.843264,2.802011,4.682878,2.021132,5.880407,5.175645,2.209381,5.722353,3.434473,4.347471,0.352689,3.668426,4.429174,3.919605,5.884033,,3.120343,4.00511,0.094867,2.155152,3.556631,3.888235,4.863141,,2.344735,6.174664,3.418169,2.835821,2.156,2.409559,5.032635,1.911345,-2.494558,4.995244,4.495126,3.892559,1.760504,3.444936
HCC1599,,4.706374,,5.043039,4.848167,5.304199,5.014848,,-0.32945,0.095137,7.328043,,,,,,-3.247021,-3.198342,-1.082021,-3.294888,-3.17331,,3.606224,-3.78724,4.39206,,1.860501,2.946795,-3.618968,4.463617,5.308089,5.092315,2.611356,2.684625,5.848862,-4.680204,6.076944,,,-5.473199,-0.911931,2.659155,3.678592,,5.330356,,2.769572,3.724238,4.995554,,3.748441,5.475911,0.071233,-5.178073,3.530742,4.469876,,,2.770638,2.378795,3.280754,1.233761,-4.55806,3.619558,5.101781,5.793501,2.666273,3.196676,2.18888,4.954744,5.300626,2.265789,0.849153,4.324259,3.799146,5.729257,2.42362,-1.253888,-6.660181,5.094403,3.30595,-4.236904,5.163124,,3.292514,6.073943,4.492666,2.134351,4.135625,1.695335,4.34939,6.001057,4.1751380000000005,5.821683,-1.100607,3.093447,0.786282,,1.082237,,0.623402,4.608563,4.042196,5.482661,3.404177,5.662838,1.80683,3.618791,2.219468,-0.372657,5.81992,3.639387,3.39174,2.246822,2.808999,1.500282,4.900582,2.658548,,0.415135,4.237274,6.07259,1.35409,3.554243,5.918632,2.552966,6.680931,5.566216,,0.868241,,5.993906,1.483103,-1.594749,6.012511,1.3849,,3.387655,1.815553,3.604352,1.455865,3.451291,1.944039,4.461369,4.360387,3.5294,5.33652,2.209863,5.414939,1.940398,5.906208,5.730931,2.545612,5.716103,3.445244,,2.716891,2.79852,4.748907,3.637333,5.445247,,3.3544609999999997,3.729388,1.962365,,5.550418,,,,3.042849,6.001342,4.503913,2.544811,,2.196745,,3.619175,-2.331642,5.380289,5.629881,2.405342,2.813358,3.855853
HCC1806,5.946488,3.581527,2.130492,,4.516472,2.913259,4.662492,1.972464,1.512415,1.714977,6.827959,-0.534808,3.9282365,2.926153,8.800887,-4.893755,-3.199854,-4.470368,-1.573893,-4.304131,-5.851175,3.432348,3.9987435,-5.089775,1.295653,8.719178,-1.119196,-3.202882,-5.990482,5.551625,4.320885,0.809279,1.85313,2.770825,4.93966,-4.838911,,-0.069877,0.844022,-5.366223,-0.96033,,2.93146,3.242548,,3.028055,2.902143,2.723374,2.750449,5.747481,-1.15448,4.600672,-2.552175,-5.684151,1.679064,3.915324,-5.700559,1.1808945,3.606972,2.227146,3.78348,-2.621585,,1.756452,0.741269,,2.7899849999999997,2.119748,2.632586,5.026396,4.026917,1.123974,2.222694,,,2.1993705,0.447933,-2.196341,-3.858437,2.229834,3.345829,,4.884398,,1.388538,2.430994,4.86111,2.072498,1.890323,3.947274,3.186734,5.072389,2.2547455000000003,4.944145,-1.362696,3.916547,0.74971,-0.393213,-2.175689,1.813569,1.076354,3.379218,4.340669,4.115694,3.262959,4.850311,2.977184,3.411889,1.718923,-0.543698,1.733385,3.927389,3.227544,3.098349,1.80277,2.249673,4.223528,2.560572,2.013565,0.460885,4.116876,4.613551,1.142574,3.576741,2.370052,2.873701,4.539661,3.918732,3.861278,0.00169,3.828946,4.889641,1.303694,-2.634869,4.603121,2.915293,2.856072,2.975559,1.563392,0.836117,1.535596,1.534754,2.6046899999999997,4.541647,2.427927,4.969924,2.784145,,4.587519,3.21555,4.845524,4.941112,1.982774,5.199507,3.90879,4.973956,3.444862,3.447242,5.061218,1.726155,5.080369,5.037396,2.6024279999999997,3.39709,-0.053466,2.430117,2.35206,3.080973,4.047525,4.433021,0.841951,4.93292,4.099245,3.623647,5.079439,2.557263,5.739478,1.54781,-2.733942,3.373702,4.042131,2.832554,1.355957,2.56675
HCC1937,8.305913,4.678285,6.873503,,6.261005,5.655102,5.859898,5.128531,2.958665,2.784994,8.271936,5.053111,5.7554245,4.495199,10.460781,1.325397,0.134454,-0.757524,0.936018,-2.333993,5.416927,3.981209,5.132078,-1.660197,2.881843,10.213379,1.152768,-1.65609,0.5508645000000001,4.861435,7.534938,2.294308,2.616738,4.041312,6.147458,-5.701947,,2.965966,3.345649,-1.9764140000000001,-1.646247,,3.545105,7.104574,,2.709869,3.288776,3.610958,4.126391,7.104574,1.715269,4.77683,-1.803141,-1.295566,3.105644,5.800313,-3.682399,4.919468999999999,5.068046,4.891263,4.628911,-0.39945,,1.8373,2.545406,,6.3618735,2.854397,4.083422,5.549452,5.3197,2.000757,4.370883,,,4.634078000000001,2.363037,0.009281,-3.947236,1.825405,3.112503,1.248989,5.902658,,3.251913,4.719773,5.928066,3.775357,3.565846,5.68862,4.860999,6.361115,4.053313,5.896444,0.462962,3.947491,2.209999,1.888056,3.089058,4.24488,1.456302,5.936759,5.280107,5.768918,3.298449,5.712805,5.304505,3.042205,3.793172,2.146664,3.687028,6.105487,6.345296,2.705773,1.549012,4.57603,6.000639,3.384742,2.674733,0.525661,4.384072,4.571974,1.741557,3.49043,3.522655,4.710612,6.534066,3.998447,4.889347,1.971569,2.407414,4.92736,3.547348,1.363379,3.901665,5.115867,5.7512,2.848458,2.272423,4.627629,2.199208,3.153397,2.6694895,4.334702,2.838189,7.145125,5.830336,,4.485785,4.15734,5.021856,6.107089,1.605023,6.302671,4.422265,5.4555,4.03465,4.253616,4.661378,2.413247,5.742763,6.259508,4.037669,5.449364,1.408733,2.511202,4.475004,3.271445,4.978283,6.100327,2.898591,5.851546,5.741385,5.841791,4.029461,2.022433,5.599429,2.799183,-2.16457,5.662382,6.065092,4.778425,2.743844,4.446259
HCC1954,7.791898,4.702194,2.279222,,5.210951,5.369619,5.013103,1.187779,1.993885,3.086371,7.198427,4.067441,-0.7876835,3.65793,9.988558,-3.053046,0.317741,-3.171179,1.032167,-1.893346,5.125255,3.682858,4.015271,-1.81669,3.474826,8.945197,3.675039,-2.157521,-4.452593500000001,4.739688,5.254734,2.407354,1.747652,2.393563,5.353646,-5.489881,,2.683535,-1.413419,-3.1649494999999996,-1.130402,,3.083048,1.469212,,3.841984,3.094538,3.05683,3.436906,5.107795,3.136736,4.415059,-3.014842,-4.083444,3.751641,5.06404,-5.812529,3.460469,4.155691,5.058439,3.340908,-0.256463,,1.78794,2.146865,,5.876646,2.630159,2.913286,4.799562,3.802037,2.882259,5.367581,,,4.0049795,1.898932,-0.406419,-3.924872,2.078508,3.497583,2.621919,5.163317,,2.5282,3.996208,4.410318,3.624057,2.518527,4.552726,5.353721,5.367959,3.30646,4.998414,-0.545922,2.778645,0.674936,2.236919,-2.105947,0.910646,0.82092,4.017502,3.830428,5.331386,4.215172,5.207742,3.824471,2.404853,2.094854,1.618196,3.257195,2.158616,5.330354,2.197108,3.653723,3.433339,4.827321,1.538982,2.860422,-0.269998,0.868503,5.367959,1.858247,2.78124,2.682754,5.088995,6.072165,4.409097,4.066503,4.593851,0.296546,4.034736,5.262177,-4.378396,2.656543,3.998124,5.362588,1.971214,-1.043861,5.013179,-1.266504,2.104033,1.5966924999999998,3.102729,3.178883,6.462639,2.086271,,3.830826,1.479471,4.893041,5.25073,2.004202,5.846183,1.908258,5.363916,4.214165,3.142252,2.714422,1.689999,5.181413,4.994608,3.434771,5.320055,1.138898,1.404114,5.367959,4.658414,5.316764,4.664638,2.010316,5.367696,5.685651,4.069313,-3.012473,2.131326,5.911627,3.475058,-0.318758,3.694656,5.293309,4.46921,3.026601,4.013818
HCC202,,5.132866,,,,5.965849,,,,1.003058,,,,,,,,,,-2.134052,,,,,,,,,-2.033707,,,,,,,,,,,,-1.424964,,,,,,,,,,,,,,,4.741322,,,,4.447555,2.677585,,,,,,,,,,,,,,,,,-0.048338,,,,,5.11512,,,,,,,,,,,,,,,,,,0.579987,,,,,,,,,,,,,1.585278,1.851678,,,,,,,,,,,,,,,,,,,,,,,,,,,,,,,,,,,,,,,,,,,,,,,,,,,,,,,,,,,,,,,,,,,,,
HCC2157,4.488906,4.215439,3.716631,,4.901188,4.5909,4.647599,1.095084,-0.800267,-0.548863,6.385662,3.292214,-1.301603,,10.199838,-4.121887,-2.655609,-5.00832,-1.118987,-2.697729,3.765078,1.691893,2.6173015,,0.802047,8.864914,-1.981389,2.596148,-5.194445,4.556349,4.413942,1.996364,-0.146507,1.144986,3.754305,-5.593059,,2.703054,1.108737,-4.0819469999999995,-1.622057,,0.875944,5.594799,,2.025547,,2.573056,1.818638,5.594799,1.564056,0.70109,-2.869502,-1.028587,1.217222,4.463437,-5.735672,3.290447,,3.915772,3.717115,-1.483476,,0.321288,2.967965,,4.6327929999999995,1.074726,2.890072,4.023256,3.816866,2.052351,-0.852265,,,4.2477395,-0.309629,1.058531,-5.514539,-1.04944,0.3204,-3.82024,4.526121,,1.39553,3.811568,4.901652,2.793651,3.312839,3.867777,4.901652,4.219796,2.659877,4.901505,-2.896285,,-0.089226,0.463488,1.684141,1.017972,-1.15267,4.6669,4.124141,4.848928,-0.262414,4.838719,0.077441,0.417774,1.100068,1.484049,4.220402,2.846391,4.901652,0.188255,0.036802,1.858509,4.51327,-0.689441,1.278514,,4.275397,3.59317,1.919191,,4.617207,3.013077,4.015445,,,3.922888,-0.607369,4.43281,-2.236209,-4.136816,3.157191,0.22451,4.809821,0.235767,1.661258,4.88065,0.044015,2.59835,1.0959320000000001,,0.357758,3.139442,3.626692,,3.192939,3.305569,4.901652,3.893083,1.888784,4.660688,4.179036,4.514627,2.114585,4.538056,4.205965,1.867583,3.908386,3.726164,3.3897725,1.552008,0.473657,2.599067,3.255966,4.110831,4.556618,,1.887029,4.71063,2.311472,4.397301,-0.668509,0.653996,5.355616,1.180857,-3.624464,3.428315,3.657078,4.042185,2.45205,1.372159
HCC70,7.654065,4.084918,3.460015,,4.693692,5.643527,5.367528,3.859521,0.41034,1.514986,6.867023,3.243611,-0.25598750000000003,3.087762,9.63638,-2.477136,0.36032,-2.502949,-0.402745,-3.523957,3.569633,3.478638,3.9102705,-1.319858,3.161126,7.914331,1.250946,-1.826002,-1.6936864999999999,6.062008,6.199883,2.625013,2.993129,3.03469,5.396957,-6.375804,,3.205987,3.347941,-3.0242505,-2.242715,,3.550156,5.644259,,3.986003,2.807899,3.047586,3.998984,5.998438,4.162862,3.46938,-3.48767,-0.304385,3.45792,4.001467,-4.970205,4.346934,2.232851,2.529966,2.50019,0.564782,-3.758924,0.177478,1.236495,,5.3432735000000005,1.530664,3.585003,4.805106,3.383636,3.553529,4.41579,,,2.9321465,2.162569,-1.509089,-1.450407,2.93778,2.816123,1.466323,5.926021,1.760975,4.555285,3.571618,4.254898,2.935178,3.238335,6.020849,5.333152,5.402308,2.9127775,4.863259,-0.796637,2.569444,0.820796,1.941744,-1.525762,1.287478,0.352386,4.154822,3.52552,4.621057,3.596072,3.96254,5.371396,0.686291,5.30549,1.398148,1.871254,3.147775,5.27595,0.161238,3.212658,3.770555,5.073322,0.300642,3.437795,-0.794333,3.427635,4.485109,2.471372,1.686449,2.714805,5.375759,6.024613,3.581446,4.353112,1.681142,1.139811,5.073432,3.274243,-3.853607,2.980517,5.36908,5.009832,2.566545,-3.852929,4.918463,1.409602,2.732239,0.11793450000000003,3.179617,0.177395,6.008694,3.747408,,3.962792,3.319714,4.700223,4.5946,1.338136,5.470291,3.2994,5.278679,2.814048,3.222683,4.522828,3.09819,3.374033,5.402308,3.0740485,4.837667,1.921353,2.900007,4.619472,4.275384,5.327368,4.777516,2.468107,5.381526,4.032447,4.802344,0.792671,1.384291,5.661883,3.845941,-1.964651,4.41933,5.226326,3.483811,3.267122,3.162892
HCC827,9.082962,4.973698,6.725623,,7.0471,5.18812,5.432447,2.184637,-0.057162,2.553559,7.058113,2.259293,7.4145485,3.596017,10.731156,-1.382472,-0.326579,-0.622188,0.249162,-1.465506,2.490013,4.961764,4.3424285000000005,-1.810422,-2.735744,10.382911,0.153813,-0.16091,-0.8053995,6.380704,5.51393,-2.731313,1.138716,3.865335,6.184186,-4.751198,,3.431217,2.528977,-3.5085795,-1.486838,,4.86301,5.612192,,3.496341,4.337831,1.912314,4.131467,7.254421,-1.569253,6.38741,-0.41408,-1.829383,-0.147197,6.121982,-5.805424,3.214084,,4.544681,4.675432,1.482055,,1.815779,3.308108,,5.5648335,3.100702,4.411677,5.167939,3.378058,0.03614,6.353861,,,3.1882244999999996,-3.934364,-0.258069,-4.606988,4.386754,3.533613,-0.129994,6.186501,,,3.948949,6.453997,3.551241,2.98547,5.20181,5.329222,6.582528,4.941653499999999,6.239001,-0.745031,,1.70391,0.216121,2.320675,2.575638,1.079925,4.124853,3.30249,4.129678,2.582374,6.352812,4.119646,4.426028,4.927938,0.628953,1.50354,3.665475,5.383889,3.569282,3.322854,5.045557,3.709995,4.217306,3.10123,0.209092,3.668084,5.517331,1.217554,,2.637044,4.609679,6.478078,5.053552,5.287327,2.230023,5.420067,5.966685,3.79961,-3.041493,4.238353,4.108641,6.618013,4.111411,2.975594,3.083837,1.634587,3.055498,4.478735,,2.968115,6.002032,3.852926,,5.691229,4.20397,6.575748,5.766559,2.552464,5.843045,3.909451,5.782653,5.541854,5.244811,5.83964,4.409561,4.790825,6.663429,3.6841895,4.921858,-3.590724,2.091256,3.105553,5.616338,5.474656,6.017634,-2.601592,6.152782,7.005153,4.344698,6.660414,2.307333,6.785469,2.066221,-1.178369,5.617593,6.334406,5.421492,2.749142,6.541941
HCT 116,7.290531,3.635858,5.066463,,5.318221,2.710655,3.735937,0.610014,1.244602,0.824183,5.797011,-1.801389,4.0680735,1.070672,9.785373,-5.047672,-2.985802,-4.165379,-1.882266,-3.392881,-2.15085,3.10021,3.3054794999999997,-3.627189,2.893651,7.642558,-0.562768,-4.594846,-5.332476,4.350286,4.037093,3.689304,2.756599,2.268594,5.317426,-4.330325,,0.761484,1.866921,-5.0532625,-2.033158,,2.449823,5.227538,,3.190865,2.954346,1.398999,4.623309,5.926474,2.879729,5.318907,-2.023417,-4.821582,2.100856,2.62907,-5.255598,1.7645275,,2.666092,3.221099,-0.361401,-6.030702,2.123248,-1.489218,2.634821,2.0462185,1.22325,1.845802,4.552018,3.420835,1.986426,2.191335,,,2.503338,1.497238,0.77964,-5.56245,2.609697,2.000394,-1.532817,1.901756,-0.44513,4.798694,3.457576,4.95575,1.132023,-0.082059,3.59833,5.233262,5.318907,-0.6129530000000001,5.099651,-1.788307,,0.573312,-1.250089,-1.859658,0.64316,1.291547,3.498302,3.896071,5.086926,0.527049,5.02519,1.555341,3.908014,5.212336,0.758241,-1.230716,2.259871,3.461692,3.151065,1.976791,0.275863,3.760003,2.624801,1.875195,-0.697526,3.520714,4.756818,0.576413,,0.146013,2.379826,2.297521,3.708897,4.625499,2.795675,3.999627,5.055002,2.956133,-3.128496,3.654696,3.656535,2.781558,1.641371,1.946433,5.184086,2.071939,2.934234,2.9379425,,3.731949,3.118155,3.711582,,4.570698,2.713545,5.167953,5.075406,1.170382,5.59309,3.837368,5.018567,3.848214,3.302098,4.527022,2.669966,4.942362,5.318907,3.311222,3.147486,2.294576,2.288649,3.401845,3.797267,3.984489,4.515111,3.169557,5.317744,3.850274,4.449448,5.318907,2.472578,5.744868,1.596012,-3.398075,4.090812,5.299425,2.902024,2.51602,2.360125
HCT-15,7.403303,2.357051,4.365765,,5.778937,2.769103,4.644708,-1.053472,2.356452,1.876399,6.988988,0.83866,4.1208575000000005,2.097305,9.773736,-4.138154,-2.74916,-0.292799,-0.888845,-3.752267,-2.274382,4.07985,3.0387655000000002,-3.753546,3.547459,9.703915,-1.117476,-3.730822,-4.1429575,4.61343,4.675443,2.14111,2.065397,2.398603,4.662189,-4.975309,,0.326422,-0.701242,-3.9838245,-1.628484,,2.769744,4.92517,,2.287132,3.372281,3.520082,2.905805,6.345771,0.744042,5.519458,-3.925944,-3.264277,1.409296,2.537316,-3.666968,2.366476,,3.284439,2.805066,-0.696581,-5.886829,0.253373,1.125932,4.029546,2.8587065000000003,2.433491,2.087157,4.532592,4.980642,1.819462,0.160819,,,3.8736765,0.811628,0.213248,-3.06465,3.197896,1.331803,-0.541491,4.99785,-0.497405,3.51987,4.02573,4.808191,1.908711,2.24557,3.442785,4.2338,5.42873,2.8147019999999996,6.074471,-3.204226,,0.352821,-0.439493,0.381196,0.977521,0.226809,4.822757,3.3607,4.183281,0.565769,5.284707,0.970112,2.875247,4.355607,-0.296244,2.691425,1.814478,3.160322,2.234278,2.113555,0.368905,5.170384,2.206471,0.071333,-1.133969,4.848574,4.682784,0.858769,,2.420682,1.752696,3.550361,3.731549,4.080267,3.620596,2.104715,4.754823,0.055001,-3.337813,4.565219,2.110074,2.56294,2.343865,4.218621,2.690086,0.792193,2.349416,1.228791,,3.457436,2.567263,2.136131,,4.62361,2.005311,4.96223,5.026242,1.845193,6.32978,2.93853,4.544879,0.50443,1.928541,4.157812,2.447703,5.316668,5.722027,3.0441205,3.68863,1.531952,2.329234,1.490106,3.463858,4.454595,4.374866,2.776912,5.497259,4.505266,4.30271,4.486192,1.974616,5.768705,1.876019,-3.096885,4.777798,4.416306,2.927918,1.764515,2.164205
HDQ-P1,8.317319,4.418083,6.645605,,4.698473,5.294911,5.023822,2.526579,2.611928,2.573486,6.824322,2.617225,-0.239952,3.163674,10.939549,-2.429292,-1.384751,-1.846605,-0.887901,-3.501967,1.774107,3.093383,4.211696,-3.689053,0.806508,9.762706,0.072318,2.195902,-1.5695455,4.760868,4.807723,0.35372,1.070828,2.961316,5.184992,-5.554213,,0.954209,0.745686,-4.6314575,-1.115769,,2.31789,6.315935,,2.91885,3.543737,2.827115,2.892469,6.485047,-2.76598,5.01883,-1.873217,-1.672535,0.690919,4.762466,-5.412143,3.600444,4.176977,5.464034,3.927804,-1.040156,,1.364187,0.872155,,3.907437,3.206006,4.02074,5.148795,4.000518,1.713428,3.935832,,,2.8946199999999997,0.401706,0.975853,-3.475563,-0.401301,3.384482,1.810313,5.996469,,0.14932,4.242272,4.499261,3.057626,1.011992,2.257796,5.754613,5.82764,2.7455475,5.052551,-2.353235,3.515061,0.257035,0.621396,1.365861,2.361563,-1.07648,4.295323,3.222493,5.412786,2.251873,5.0208,1.912261,2.666753,2.417851,0.931475,2.343706,1.567719,5.226663,3.383277,0.042182,2.166003,5.758199,1.908451,1.937567,-0.214177,3.883601,4.994807,0.377338,2.310512,0.673366,3.159292,4.147338,5.394437,5.080353,5.260481,4.207967,4.512336,2.77655,-0.995404,5.259937,3.830575,4.334272,3.175417,-1.041239,4.99486,-0.096746,2.498362,2.14491,4.097523,1.391327,3.183508,3.650775,,5.45553,2.836828,5.36046,4.352291,2.17801,5.30058,4.729047,5.260446,5.070381,4.342062,5.18403,1.913473,6.08408,5.912761,3.036352,5.028775,-1.239623,3.21532,3.976078,3.498005,5.461244,5.849152,-0.424677,5.757735,4.581593,4.170946,4.846068,1.094381,5.339265,1.060358,-3.150252,4.270737,4.86138,3.718242,0.695036,3.344506
HEL,,2.836017,1.187881,4.367351,4.365862,2.460608,3.651267,-1.478524,0.482373,-0.041869,4.055781,,5.2259845,,,,-3.978342,-2.214224,-1.972283,-3.532853,-4.818133,2.612517,2.6107605,-4.763392,2.43961,,-0.849794,-2.370913,-2.8919445,2.989226,2.228864,2.83302,2.531924,1.859968,4.361428,-5.525528,3.76281,,-1.204302,-4.092961,-1.846095,1.169039,3.046236,1.097332,2.639749,,3.429862,2.283506,4.301724,3.6474,2.163815,4.135653,-1.23115,-2.338123,1.223253,1.173411,-5.027697,2.160584,1.442343,,2.38073,0.217191,-5.689486,0.473526,2.942072,3.873819,2.0976565,2.134553,1.704186,4.336057,3.219448,1.947912,-0.089511,1.044383,2.01217,4.3726905,1.815947,-1.451111,-1.836217,0.728768,1.688987,-2.529676,4.282229,,3.792417,2.501473,3.199075,1.629164,2.475444,3.229543,3.743117,4.090585,3.629733,4.209692,-2.544432,2.759747,1.077418,1.189305,-2.089441,1.374423,1.966746,3.502396,3.102298,4.505169,2.27117,3.81407,2.842013,3.969688,3.801951,-1.025213,3.337471,2.916738,1.95465,3.270353,-0.115792,-0.44981,1.435812,4.254072,1.992026,,4.029186,4.45163,2.901134,3.835234,4.261777,2.05514,3.764667,1.983553,,0.553856,3.158644,4.041586,-0.717011,-3.720684,3.81906,1.440225,3.825528,2.050433,4.459341,0.905894,4.238457,2.65982,3.790298,2.542119,4.366538,2.840968,2.635223,1.272844,4.367505,3.425818,4.367285,3.646855,1.164767,4.550234,3.353575,3.96759,-0.014024,2.510413,3.721979,1.107849,4.366907,,1.863952,2.288331,1.739914,-1.010372,3.186098,3.1117,4.197939,,1.687757,4.009028,2.473053,2.624697,4.367494,1.844423,4.484129,1.082933,-3.517573,3.540304,4.284381,0.548621,1.741943,1.501529
HGC-27,6.169916,3.732939,5.370233,,4.515965,3.292516,4.685547,0.106924,3.025176,1.085075,6.117549,1.150117,3.081286,1.416118,9.665303,-5.817012,-2.885984,-5.211776,-2.646209,-3.192908,-1.794592,2.860558,2.3142505,-3.812662,3.147511,9.18021,-2.113434,0.565144,-6.315245,4.180688,4.992862,1.512895,1.534333,1.954587,3.89319,-5.497705,,0.569536,0.180897,-4.8845525,-1.659067,,1.962084,5.188626,,2.374527,3.620234,2.619984,2.771796,4.628709,-1.368159,4.489726,-4.686252,-4.803237,0.769875,0.980005,-5.064085,1.405166,,3.197647,1.398555,-1.957032,,-5.338447,3.499675,,3.7348565000000002,-0.168037,2.628489,4.534651,2.646981,1.557638,2.991734,,,4.8342805,1.544795,-0.438047,-5.761686,1.549219,1.483469,-2.328755,4.560257,,4.012172,2.855203,5.03734,1.195554,3.217114,4.198331,4.975907,3.581428,2.0752465,4.753995,-4.289308,,-0.646043,-0.328891,-1.514597,0.761521,-1.257311,2.589137,3.75982,4.697801,-1.672157,3.358343,0.055259,-0.394129,2.897175,-0.063818,3.243944,1.361624,4.683407,-0.596421,1.794821,2.328723,4.973701,-0.647202,-0.260795,-1.927513,3.282631,5.019669,-0.186216,,3.726543,2.599747,4.973378,1.82273,3.876583,3.232654,-0.175861,3.228547,0.009157,-3.589232,3.527117,4.121997,3.336724,1.129132,1.546279,3.908706,-1.713658,1.845747,-0.5655779999999999,,0.762631,6.041114,3.572931,,3.430367,0.380407,3.777057,5.246648,0.726458,4.722188,3.458904,4.847082,1.234307,3.086862,4.042092,1.253889,5.036689,4.716507,3.278718,2.517264,1.179944,2.684452,4.658071,3.50641,4.929818,4.761478,2.623033,5.036677,3.798884,4.763013,1.077606,0.07897,5.158136,1.479566,-3.104877,4.344671,4.978712,,1.497943,0.629578
HH,7.531794,3.894349,6.271884,,5.795843,5.650833,5.072318,3.952001,2.859136,1.327649,7.155503,4.199921,5.139305500000001,6.062384,9.924896,-2.106277,2.328174,-1.098235,3.489171,-2.116265,5.784704,2.239803,2.99531,-0.756916,4.200082,9.377675,0.730802,-2.831577,1.381732,5.791136,5.638966,3.90694,4.984484,2.511412,4.062173,-3.912121,,5.788152,3.073848,-3.0968725,-1.500964,,3.682939,6.502667,,2.817873,3.786061,1.784059,3.924537,5.519724,3.329438,4.793971,-2.435433,-0.8705,3.224759,2.420519,-5.165087,5.1883645000000005,,5.828354,3.122802,1.401265,-5.432401,0.10846,3.303714,,5.487334000000001,2.91175,4.036818,5.802767,4.272801,4.166658,2.677808,,,4.9863555,1.727497,0.604751,-3.301929,4.040442,2.360226,0.953342,5.895127,2.109233,4.818316,4.109287,5.626729,3.966797,3.313726,3.801416,5.727458,5.585754,2.8025535,5.680789,-0.069708,,2.301242,3.237509,0.406419,1.941602,0.76845,6.38445,4.290605,5.800579,4.873814,4.89084,5.80952,3.770499,4.119284,2.29865,5.252589,1.010165,5.553911,2.146573,2.111789,4.289116,3.878482,2.324019,2.320985,-1.390435,5.16013,4.680664,3.189919,,3.555604,3.437572,2.565655,4.200082,2.759263,3.306264,1.353342,3.75525,2.065258,-3.450058,3.667171,2.894392,5.682016,0.926477,1.860364,3.275837,1.980971,2.276553,1.9203744999999999,,3.213871,3.186034,4.307986,,5.163638,3.017271,5.80952,5.812191,2.762316,6.157855,3.803835,3.617591,2.952568,4.047218,5.527771,1.79284,3.985655,4.654988,4.2409465,3.304455,2.732719,2.887024,3.995696,5.002509,5.456823,3.425369,3.477233,5.802835,3.982717,3.163609,-0.705726,2.37347,4.09437,2.008535,-0.381279,4.554632,4.378334,5.80952,3.788444,5.80886
HOP-62,8.344816,6.237005,3.679384,,6.231106,5.448408,6.679168,-0.193226,3.125496,2.262641,7.552447,0.78147,6.3187105,3.426961,9.522059,-2.974955,-2.561103,-1.277833,-1.079664,-3.812317,-1.004775,4.489635,5.37643,-3.57905,4.766858,9.549589,0.102332,-3.463456,-1.074951,5.952065,5.337856,2.850358,4.492879,3.144574,6.157868,-5.314646,,2.96876,0.682292,-3.079602,-1.338994,,4.708591,4.836184,,3.904521,3.741755,3.628931,4.444122,7.075129,-0.472217,5.770147,-3.014817,-2.204631,3.322375,5.363465,-4.469101,2.4250135,,4.189473,4.278974,-0.528923,,2.562422,0.450212,,5.073934,4.159739,3.779629,6.249194,5.209927,2.83555,3.079355,,,3.41613,3.657268,0.197731,-4.081141,4.486443,5.203604,2.815342,6.841633,,5.636924,4.773687,5.316953,3.642028,2.409869,6.154192,4.510611,6.434013,3.1025395,6.27316,-1.441245,,1.200701,-0.104499,0.028009,2.21891,2.900335,4.539077,5.482401,6.510514,1.52542,6.432288,3.889517,5.389656,5.285601,2.02484,2.181991,3.596651,5.675796,5.572864,5.428273,2.035155,6.331462,3.622725,3.298072,1.689174,3.560006,6.030484,3.030549,,2.923788,4.727382,5.967113,4.841537,5.276647,4.796622,3.852687,6.062736,2.548554,-1.565732,5.001948,5.495906,3.3937,3.094742,1.588182,6.054159,4.963924,3.230098,4.846959999999999,,3.625934,7.609126,5.273881,,5.486315,5.868094,5.956153,6.502281,2.111626,6.720548,5.5741,5.988185,5.238688,5.589255,6.350596,3.569519,6.15618,6.407343,4.61549,3.438641,2.742171,3.374652,5.063722,5.599451,5.833825,5.032538,4.057452,6.50793,6.126743,5.234566,6.510514,5.004942,7.203661,2.16435,-1.455623,5.563414,6.255277,2.372112,3.137622,4.237217
HPAC,9.24798,5.928572,5.045974,,6.230551,5.490458,5.116927,2.807388,2.715943,2.791216,8.157104,5.109366,3.7963810000000002,3.505974,10.042497,1.705566,0.566583,-3.617642,1.019493,-3.131041,0.099097,4.612168,5.261084,-0.457323,5.371513,10.958037,0.431152,1.002505,-1.463097,6.896668,5.946201,3.839695,4.227097,2.167,6.985013,-5.073825,,3.946615,0.553447,-2.1737184999999997,-1.156581,,4.224592,7.665005,,5.179716,3.821009,1.008285,3.690889,7.720303,2.02046,5.470538,-0.876018,0.044938,3.466268,5.135622,-3.095954,6.7316335,,7.128092,3.63772,0.21679,,3.332338,0.463964,,5.1031165,2.05339,4.252392,5.764726,6.200003,3.264577,3.065921,,,2.3658219999999996,2.297002,1.17475,-4.382803,2.630473,4.908276,0.609154,7.199574,,4.617309,5.811024,6.360685,3.590607,2.499771,4.185824,5.337446,6.678329,2.65571,6.754809,-0.876224,,1.723851,1.002378,1.369456,3.203685,2.067836,6.3223,4.438136,4.756243,1.212643,6.829148,1.438991,5.614956,5.317082,0.253113,-0.027123,5.878993,5.095069,5.484664,2.322615,4.840176,7.979008,4.326674,2.715354,2.398893,2.726224,5.762667,0.521971,,2.447352,2.908196,5.241635,5.403077,5.880042,6.214343,5.836973,6.153517,4.074876,-1.572715,2.419696,4.090006,4.586159,3.94532,2.867872,6.597943,1.629603,4.303898,5.65175,,2.997531,7.331343,3.267023,,5.477533,5.466876,6.950445,5.747079,3.632582,7.148606,2.20121,6.846415,2.865117,5.087743,3.944081,3.562102,6.221475,6.57427,5.707527000000001,5.393369,3.931998,3.568582,4.120242,4.394774,5.003969,6.011764,2.606564,5.505838,6.041435,6.834653,6.803476,2.560814,6.788726,0.983012,3.018256,5.140518,5.901803,5.021535,3.589711,6.056991
HSC-3,7.752901,3.410993,2.684473,,5.313529,4.057232,4.154733,0.833206,3.180832,0.728808,6.040657,-1.674617,6.0216145,2.181486,9.033765,-4.638445,-3.953424,-4.860689,-2.860376,-4.950379,-2.295639,3.71947,3.2453645,-5.631508,0.943166,8.898104,-0.23688,1.867889,-6.075333,4.512621,4.98736,0.427566,1.111022,2.136142,4.758978,-4.582688,,1.22569,-0.808832,-5.341613000000001,-0.824176,,2.531076,4.29313,,3.707349,4.099554,3.030301,2.312838,6.08587,-0.757056,4.741379,-3.098617,-4.598067,1.316463,2.56678,-5.727668,0.857773,,1.809312,2.982971,-2.374252,,1.628893,0.420901,,3.6991825,0.955072,3.142383,4.208546,3.834354,1.581905,2.143931,,,3.2824225,0.58715,-0.371091,-4.061593,2.88986,3.235622,0.065414,4.973394,,1.49127,3.246789,5.410701,1.974394,2.673338,4.578471,4.640231,5.414586,2.476668,5.009862,-3.13185,,0.589456,-1.847111,-0.561247,1.180518,0.678141,4.640614,3.372183,3.588946,0.927296,4.087915,1.02104,2.744841,2.580229,0.758677,2.307381,1.056917,5.280813,2.04492,3.166587,0.777796,4.480713,1.661622,1.660106,0.076065,4.493366,5.103336,0.876695,,1.649532,3.625391,4.109268,3.806294,4.63405,2.556399,3.974996,4.5396,0.873408,-3.654623,4.718433,4.299166,2.400697,3.015492,-5.75991,3.199195,1.433158,1.915922,2.5440110000000002,,3.508313,3.485809,2.784858,,5.41215,2.541739,4.023428,5.106542,2.190765,5.692731,5.025129,5.170619,4.307908,3.847619,5.011016,2.603932,4.764737,5.415732,3.431698,3.569841,-0.133461,2.246112,2.921965,4.347758,4.811886,4.539534,1.363085,5.168114,3.895285,4.125839,3.736339,2.220999,5.674968,1.019088,-4.0497,4.563398,4.776409,2.218787,2.49918,3.019811
HT,,5.469534,,4.969315,5.777565,3.682335,5.240813,,0.100218,0.722261,6.876178,,,,,,-1.788208,-6.102525,-1.806,-3.20544,-3.074698,,3.232803,-2.046099,4.168127,,-0.132956,3.057889,-5.708591,2.136542,5.662183,,2.401988,2.110141,5.67279,-5.39456,5.066524,,,-5.977668,-2.759168,1.738918,-0.606176,,3.192511,,3.678254,3.196618,5.777565,,-3.326251,4.935091,-3.546736,-5.514195,3.65142,2.125474,,,2.278951,,3.265249,0.066884,-6.593287,-1.392064,4.351652,5.296713,3.597892,4.060748,2.506061,5.776467,5.084418,1.793843,0.352582,5.215201,3.235791,4.548311,0.293008,-1.130732,-5.751366,2.953421,2.013531,-3.521326,5.577325,,4.699637,3.281777,,3.264053,2.642227,4.103337,-0.667067,5.777565,3.942747,5.39927,-2.139864,2.728745,0.945113,,0.414716,,0.49837,4.473172,4.779858,3.940652,2.100715,5.072395,3.106725,2.311265,1.29147,-0.980492,-0.886646,2.570706,5.143125,-0.021471,2.668236,1.354356,5.530189,0.211328,,,5.600249,5.388696,-1.379247,1.728013,0.817758,2.498995,5.770736,4.168127,,2.30001,,4.189727,-0.431785,-3.993802,3.792048,1.659684,,2.919395,1.664554,1.938748,0.096403,3.629621,0.542252,3.377549,-2.950925,3.005505,5.442233,2.781833,4.039817,2.52965,5.723801,3.214567,2.426538,-0.826492,4.884576,,0.417332,0.797206,,3.406493,2.586591,,2.701164,3.430244,-2.109637,,5.736071,,,,3.32545,5.671135,2.490532,3.135899,,1.753504,,2.836638,-3.029277,5.080367,4.20684,-0.170792,1.715671,2.829688
HT-1080,7.44392,4.952386,6.657035,,5.5162,5.883296,5.422457,1.681128,2.164036,2.157109,7.478034,1.983632,2.9981605,2.338095,9.882193,-4.506496,-0.968463,-3.093381,-1.352693,-3.94659,-0.134644,4.439885,4.469595,-3.01435,4.335115,9.860716,2.695066,-0.686295,-3.670119,5.793568,4.515993,2.948671,5.250902,2.309629,6.067788,-5.427294,,2.060424,1.508632,-3.155812,-1.507113,,4.576183,4.783446,,3.319718,3.544528,3.548554,3.771319,6.52522,2.543926,3.913071,-0.018207,-2.904078,2.775005,6.390106,-5.568447,3.8191315,,4.27431,3.76232,-0.588878,,3.687723,0.704567,,6.479105000000001,3.969376,3.652029,5.760158,5.168634,2.374919,4.986531,,,3.9884560000000002,3.620049,0.988952,-4.331217,2.706784,4.849572,-1.479389,4.813641,,5.963978,5.37751,5.976852,4.503913,2.702259,4.850668,5.469734,6.232689,2.7515675,6.082584,-0.17004,,0.860946,0.395169,0.068575,3.175831,3.402359,4.329511,4.281952,6.231829,4.689169,5.582199,3.869971,5.062125,6.172662,0.693341,2.573056,4.087151,6.05602,4.614489,1.127537,3.53764,4.531501,4.068574,5.36907,0.376111,2.352268,5.858531,3.196815,,1.738545,5.157563,4.380175,4.623251,5.209285,3.521188,4.992499,5.275811,4.380183,-0.02012,3.277605,4.509249,5.554194,2.743536,2.477889,5.414148,5.256013,2.045529,5.5193235000000005,,4.49148,7.057718,4.031312,,4.386309,5.814463,5.338935,5.925838,1.924846,6.40185,4.251584,6.232689,4.45673,4.304731,5.413417,1.794994,5.57471,5.995565,4.2720775,4.10921,2.29212,2.03481,3.56321,4.756602,4.983933,4.680982,3.988228,6.010379,5.590682,5.580765,4.807933,5.317009,6.836036,2.763065,-2.070006,4.267033,5.016379,3.454582,2.404627,4.547782
HT-1197,8.036823,4.128651,5.625983,,5.547779,5.788002,5.924214,3.315598,2.706501,1.57927,7.062377,4.473745,5.7287545,,9.133347,-1.629348,-1.333892,-1.530246,-1.325562,-0.777003,4.28929,4.567818,4.715783999999999,,4.028607,9.768811,2.854558,1.771287,-0.22503399999999996,5.804316,4.946252,2.833838,5.561295,3.274096,4.974762,-4.500987,,1.862871,0.887633,-4.2572535,-1.0799,,4.645418,6.597444,,1.82796,,3.023738,2.435991,5.868193,1.796824,6.437378,-2.143344,0.078965,2.479405,5.076689,-5.085994,2.4094115,,3.65005,,1.458798,,1.902182,3.266185,,5.5438600000000005,3.197917,5.550785,4.183877,4.014932,3.861219,-0.040661,,,4.9075635,2.795545,0.877591,-4.609348,2.154956,3.60606,3.368771,2.506439,,5.44223,4.28215,5.622047,4.986252,4.990461,4.305702,6.280593,5.245423,2.9844225,5.739289,-1.899945,,0.482803,-0.121331,2.53949,4.374992,1.591379,4.685606,4.241852,5.93147,4.865604,5.406173,3.68301,2.005132,6.162176,2.638809,4.779081,4.493156,5.197539,3.581333,3.373722,3.185688,5.509465,2.379229,2.804547,,5.28358,6.288334,2.541438,,2.10946,4.511647,4.002903,,,5.091106,2.718972,5.298461,0.05169,-1.930194,3.874634,2.557325,5.124313,1.80809,2.362197,4.313275,1.583215,3.437293,1.885609,,2.851428,6.341619,3.645481,,5.543612,3.406205,5.402488,6.148652,2.141089,5.707002,4.331844,6.172968,5.31326,4.645768,4.466981,2.692258,6.288589,6.036399,3.9439995000000003,3.647409,1.077435,3.315998,3.51661,5.545654,5.960796,,3.172274,5.977362,5.766642,4.545655,6.27566,,6.050398,1.948825,0.245424,5.562142,6.117818,4.099843,2.206105,6.718405
HT-144,7.605179,2.98328,4.154223,,5.30488,5.483549,4.563283,-0.61856,1.191298,1.582094,6.73817,3.68778,5.839012,2.182716,9.846057,-4.042512,-1.969075,-3.224633,-0.957618,-1.993056,2.419573,3.735987,3.7042915,-3.391903,3.07555,9.336901,-0.477759,-2.147249,-3.1590035000000003,5.350396,4.758983,2.403937,1.911608,1.288057,5.187611,-5.301234,,1.661752,0.51266,-4.2783005,-1.498544,,2.065187,4.600612,,1.628885,2.555413,3.073557,2.581642,6.137883,4.293016,5.485205,-2.826027,-4.644508,2.43496,2.926771,-5.406904,1.7990515,,3.440476,3.059012,-0.96294,,1.301393,-3.155886,,5.130904,2.340308,1.590765,4.395452,3.710648,2.062328,2.736647,,,-0.2013725,1.460685,1.116446,-3.227296,2.949541,3.789517,-0.360033,2.250504,,4.452578,4.845633,4.028092,1.867339,-0.243366,4.595422,5.131411,5.485205,0.1058215,5.15401,-1.207623,,0.918387,-1.323683,1.59982,1.390312,1.017486,4.52917,0.066077,4.443732,2.856615,5.481097,2.329894,3.544342,4.648126,1.227314,-1.862502,3.74981,3.909601,2.891929,3.561844,1.944364,5.323769,2.367588,1.045275,-0.136579,3.738661,4.500856,0.159761,,-1.513243,2.351891,-3.0689,3.875767,4.792058,3.691721,1.831739,4.949976,1.71492,-3.488765,5.103893,2.588373,5.316276,2.527097,2.111682,1.754185,2.081761,2.82842,0.46353600000000006,,3.96049,3.975012,2.957606,,5.021237,4.309468,4.899554,5.254598,2.25594,5.677404,2.60245,4.837219,0.935839,4.400248,3.664375,2.179801,5.252631,5.485205,2.2173675,4.526464,3.06822,2.969619,1.84983,4.46785,5.117888,5.071221,3.416009,5.293298,3.772374,3.714824,,2.571545,5.156658,1.961909,-3.119796,0.79342,4.794941,4.245709,0.700032,3.982199
HT115,,4.70919,4.60908,5.320381,5.405781,3.934888,4.904907,1.926313,1.344279,1.385402,6.467255,,0.397319,,,,-1.348443,-2.76576,0.428119,-3.451087,0.105427,3.708191,3.939056,-1.322411,2.913988,,-0.174242,1.816416,-3.4308725,5.172849,3.278369,3.067976,1.586161,2.716261,5.075811,-4.389777,4.809984,,1.772003,-2.551081,-1.878872,2.160789,2.216352,5.113996,4.195869,,4.464884,2.532851,4.240928,6.377381,2.273326,4.968227,0.512396,-1.749606,3.566277,2.452701,-4.302012,3.402607,1.540445,,2.48768,0.469998,1.55782,-0.574475,1.390968,3.862626,4.9073225,1.529183,3.554048,3.24711,1.971136,1.229132,3.355474,1.765145,2.543786,4.347884499999999,0.228199,2.557556,0.117642,3.778058,3.316918,-2.14443,5.530456,,2.847533,4.198183,4.115071,1.392056,1.671111,2.739788,5.598114,4.994668,3.277347,5.40166,-0.316088,-0.571395,0.637142,0.357232,1.190576,1.493269,2.197352,5.11702,4.674093,5.011433,0.117476,5.415394,0.052733,4.83011,4.255362,0.614471,2.165789,1.372461,5.273049,2.681863,0.43532,1.67962,5.239917,5.398337,2.529098,-0.889246,2.984046,5.244758,0.152772,3.75502,1.048338,3.240549,5.087527,3.637364,,4.395665,4.520653,4.255287,1.453826,-1.83263,3.388077,3.960381,4.040842,3.113238,4.541664,4.39436,2.491481,4.285105,4.053115,3.256092,4.050243,6.350239,3.339367,1.781897,5.415824,3.227033,5.168029,5.599436,2.420091,5.468824,3.783804,5.670439,3.443179,4.585695,3.520156,2.651673,5.415824,,2.334705,3.082945,1.211676,1.908296,4.786454,3.152237,4.009248,,1.743894,4.957389,5.376593,5.415824,5.710307,3.857893,5.408009,3.154599,-1.710969,3.54722,5.660966,2.620773,2.475041,1.880591
HUP-T3,9.308062,4.629997,6.363938,,6.261274,5.697342,6.207438,1.943235,2.924144,1.837054,7.588942,2.931272,1.7588005,4.794992,10.556268,-1.907441,-0.828944,-2.432303,-0.349765,-2.010604,1.084742,5.129257,4.9764995,-0.405384,4.83015,10.247382,1.498451,-1.861143,-1.939776,6.690082,6.868316,5.202928,5.686756,3.269034,6.227962,-5.073224,,3.806868,1.405621,-3.6386415,-1.293506,,4.615729,6.035052,,4.759696,5.309352,4.405895,4.755044,7.226322,-1.431134,6.942498,-0.506095,-1.448696,3.304711,3.779575,-4.204406,4.4793970000000005,,6.621437,5.333503,0.558861,,3.806366,0.394313,,4.7850255,5.900227,4.944956,5.678505,5.676502,3.238842,2.852418,,,3.4311005,2.736963,-0.051499,-4.60507,3.744444,5.387627,2.472593,6.441311,,3.890772,6.947928,6.735157,5.364865,2.325894,4.163945,6.880992,6.951987,2.495668,6.874495,0.63984,,2.02703,2.187548,0.127757,5.020811,2.079988,5.913918,6.251284,5.331786,3.260616,6.854491,3.649195,4.348851,6.951987,1.008662,1.751942,6.430372,5.227497,5.05657,3.100621,3.92695,6.98083,4.521165,4.564995,1.941633,5.679998,6.621671,1.987003,,2.942101,4.268827,6.784544,5.342549,5.536603,3.103634,5.538064,6.359448,2.364136,-0.560243,6.503095,4.681684,3.684623,6.495083,4.985076,6.596499,3.058434,1.757387,5.1147694999999995,,3.05502,3.56853,5.593791,,5.761347,3.719418,6.21644,6.554481,2.570169,6.358213,5.523187,5.341969,6.212383,3.70801,6.734551,3.154734,6.8774,6.599503,4.5972755,4.325236,2.722284,4.185903,6.170999,5.938145,5.7171,4.944619,4.086736,5.674687,4.732834,6.345129,5.015965,4.178465,7.288675,0.974729,-1.604478,6.235573,5.14664,4.115011,4.862881,5.620685
Hs 578T,7.278792,2.840818,6.399039,,4.444229,4.857219,5.180547,-0.445569,1.625553,0.485885,6.269943,3.563901,2.0574795,2.326684,10.164176,-4.817541,-0.686973,-5.841122,-0.328209,-5.150046,1.962251,3.385763,3.5248074999999996,-3.141879,4.146004,9.023665,0.600471,3.480325,-6.415198500000001,3.343552,3.775502,3.596228,2.655084,2.240222,5.253817,-6.011917,,0.49403,0.097311,-2.591383,-2.559438,,1.148258,5.071394,,1.08352,3.393274,3.081657,3.209733,5.794892,-2.584657,2.87074,-3.876006,-4.567079,3.305881,4.416939,-6.588443,2.974412,2.516828,4.284615,2.139525,-1.737231,-4.692851,-1.29592,1.423808,,5.4396425,1.473071,3.469197,5.899864,4.292082,0.91825,-0.578315,,,3.5220190000000002,1.454636,-0.534343,-0.842594,2.338228,0.639339,-4.414618,4.737415,0.391233,4.360058,4.763187,5.343102,2.854884,3.761095,5.404568,5.375441,5.812222,3.2441715,5.718678,-2.271641,2.448571,0.433902,-0.341249,3.285381,1.251097,-0.406263,4.300088,2.886961,5.719086,1.13589,5.379574,2.125822,1.673774,5.699004,-0.108244,2.16975,2.142185,5.236225,1.131688,0.340242,0.459862,5.338188,1.336319,-0.228643,-1.745256,5.535386,4.062318,0.463255,1.599608,1.767369,2.502295,5.848505,4.644218,4.867537,1.420576,1.282128,3.430487,-0.563248,-3.545081,5.988454,1.562649,1.393791,3.827015,2.040345,2.504586,1.259,2.317595,1.2726125,4.71907,1.901613,3.25366,3.548578,,5.029061,2.422265,5.385353,4.691622,2.656519,6.138668,4.012318,5.032934,2.755932,3.064511,5.225658,3.520403,4.793454,5.843977,4.1460145,2.802039,3.252783,2.052478,4.686765,3.89668,4.986593,4.617536,3.363863,4.322342,4.164035,4.157529,4.111524,0.235074,5.963954,1.870373,-3.013798,4.881467,2.889629,4.577601,2.059978,1.436495
Hs 746T,8.552361,4.289571,5.51383,,5.0321,7.279692,5.537043,1.394736,1.729573,0.73484,7.387999,3.094054,7.198217,4.16257,9.838466,-1.91169,-0.753361,-0.496292,-0.591253,-2.30781,3.451994,4.691846,4.7127485,-2.518181,3.864815,8.339861,-0.161905,2.815578,-2.501628,6.231428,6.129848,3.48437,3.277504,2.5001,4.851313,-5.736796,,1.212885,1.866466,-3.9778805000000004,-1.973759,,1.826095,4.977897,,2.329465,4.525245,3.6255,4.676638,6.825392,2.166025,5.091383,0.066641,-2.621782,4.772626,4.51732,-5.225629,4.554295,,6.321958,3.963127,-0.476945,,2.031677,0.420537,,6.367421,3.594875,3.816418,4.754357,5.581204,3.159568,2.232301,,,3.615984,2.483141,1.165642,-6.206866,1.775367,3.887325,0.490753,6.371061,,6.35746,6.214741,5.988026,0.029077,2.388884,5.723958,6.012194,6.192647,2.054328,5.925034,-1.503395,,0.765165,-0.56641,0.038375,3.78059,0.906931,4.26531,5.305826,2.220716,2.28431,4.822878,2.256852,3.493064,5.969577,1.455969,1.055478,5.938192,5.101967,2.337002,2.853356,3.653162,5.841866,2.596879,1.41894,0.739722,4.791356,6.302842,-1.534224,,1.066941,4.548346,4.379308,3.365875,5.52889,3.351137,2.981521,5.228994,0.954493,-0.53721,5.277918,3.189934,5.811991,2.467239,-0.048075,3.680162,2.933139,3.606058,2.6757295,,2.63182,2.3751,5.302591,,4.378644,5.369148,5.084395,6.4423,2.659419,6.678714,5.288479,5.94304,2.916575,5.172911,5.58765,-3.94374,4.66983,5.047201,3.4859155,4.137965,1.927426,2.400324,5.285018,5.613641,5.867957,6.159014,3.482171,5.790804,4.354335,4.834098,6.363152,1.946382,5.63887,4.499532,-2.636491,5.566179,5.644333,4.124925,1.937843,4.896937
Hs 939.T,,3.538494,,3.350033,5.986085,4.892547,5.519596,,0.825272,1.482761,5.661165,,,,,,-2.203461,-3.087191,-1.237675,-2.634612,1.699413,,3.409975,-1.904552,2.968484,,-0.193023,2.758532,-3.949306,2.066805,5.764005,5.117607,4.431375,2.080402,5.656072,-5.44017,4.578468,,,-5.368753,-2.078476,1.545928,1.504349,,3.632011,,3.11351,3.590065,5.785808,,4.053886,5.370504,-3.518057,-3.087631,3.46471,3.667348,,,2.270418,,4.679233,-1.695041,3.493679,-0.491221,-3.060895,2.80305,4.511059,1.982937,2.618712,5.447361,4.23136,1.703641,2.236209,4.325104,3.800285,-1.123162,2.670009,1.648459,-4.992655,2.030484,2.617651,0.175028,2.629507,,4.603459,4.005038,4.307286,3.790006,0.614607,5.767939,4.013918,5.988991,0.723167,5.431774,-2.691258,4.265613,1.927566,,0.692182,,0.889168,4.903856,-1.141277,2.756329,4.178069,5.259136,4.885685,2.838051,2.979569,3.33843,-0.55557,3.547752,3.794468,2.098434,3.073375,1.884453,5.828151,1.603295,,,4.445607,5.470181,1.264508,2.49413,-1.00006,2.043439,-2.203036,3.175542,,2.520329,,3.900952,2.34792,-3.984703,4.38586,2.997172,,2.620256,1.978791,4.537201,1.825934,4.772992,1.421252,3.867639,1.817644,3.044333,4.538029,2.718273,5.058357,2.841559,6.587454,5.092821,2.505684,5.206116,4.599491,,3.102986,5.349122,4.758133,3.686406,3.67814,,3.00443,5.19071,1.597776,,5.979833,,,,2.049086,5.988991,5.112001,4.60187,,1.968705,,2.633025,-3.473317,0.898124,5.039986,2.646092,2.116154,2.655058
HuCCT1,7.095059,3.389805,4.504347,,5.30975,3.143841,5.238565,3.330775,2.834309,1.033929,5.591008,3.14683,6.0207465,4.263616,11.088009,-3.524439,-1.146123,-4.120094,-0.812041,-3.817697,-0.192215,3.049204,4.7029725,-0.950651,2.015261,10.292035,0.2741,-1.602343,-1.5020155,6.204999,5.390308,1.561275,3.02409,2.270112,6.296931,-4.817968,,3.157919,0.761868,-2.7501585000000004,-2.107058,,2.307991,6.078631,,3.04242,3.480155,3.958149,3.707421,6.970783,-0.208115,5.730017,-1.287772,0.420998,4.208346,3.774462,-5.03646,4.640626,,4.66044,4.25992,1.600134,-1.364776,-0.045703,-0.73102,,5.384612,4.136471,4.149697,6.214245,4.175953,1.990426,4.612106,,,1.9463875,0.868183,-0.785574,-6.436319,3.534955,3.960852,1.387165,5.68685,1.420149,3.250074,4.302271,5.612899,2.604363,1.77859,6.001394,4.866629,6.352124,1.6135735,5.800259,-2.849102,,0.770657,0.864819,1.659147,2.187289,1.063645,4.73888,3.151463,4.744407,2.071097,4.502198,2.893291,3.612186,3.685188,-0.652105,1.103242,5.040246,6.217747,3.051106,2.14229,3.981004,6.141874,4.085347,1.877163,-1.035443,4.214376,5.888414,1.176935,,-0.734806,4.289439,4.097062,4.179484,4.592766,2.968454,3.835386,5.388397,6.096954,-1.854397,3.836337,6.352124,5.555525,3.687895,1.429337,4.89977,2.293405,3.090674,4.2794875,,2.368501,7.178566,3.95487,,5.348113,4.178827,5.750974,5.815793,1.699475,6.288716,4.924836,6.352124,3.625483,4.326473,5.48924,4.049365,3.752261,6.352124,4.4652465,4.371603,1.332187,3.889048,3.770844,5.658977,6.352124,5.085347,2.567425,6.350485,5.299578,4.649872,5.320739,1.015121,6.037787,2.243944,-1.681232,5.646914,6.352124,3.776299,2.330324,3.390892
HuH-7,6.43355,0.846625,2.576986,,6.152041,7.51902,6.759997,4.784998,5.638919,2.480757,7.711275,3.192791,7.1513565,5.129729,9.305736,-0.637405,1.236077,-0.720032,1.598949,-0.323774,3.439703,4.556375,4.5387835,-2.723741,4.439198,9.538373,4.403543,0.848894,0.09661649999999988,5.350659,4.468104,3.559164,5.362509,1.429254,6.187723,-3.074584,,2.690888,3.358756,-2.1247185,0.525317,,4.356864,6.787197,,4.646385,3.302851,3.772812,5.026393,6.757894,3.941637,6.177021,-1.638068,-0.135302,4.032004,4.747805,-3.197065,4.31468,,5.24387,2.323237,1.77371,,0.88813,1.21422,,6.541103,4.760846,4.614783,5.597306,3.092342,1.75024,4.051998,,,4.119445,4.806843,3.297374,0.025333,1.847846,3.187737,2.406573,5.367504,,4.527282,4.328887,5.58513,4.234213,3.538475,3.646306,6.039245,6.187188,3.4533855,5.173538,-0.17388,,2.165473,0.60074,-0.059747,4.053095,2.160776,4.358575,5.622432,5.59414,2.471088,4.912601,4.304423,4.818886,5.703592,3.65833,3.77375,4.488956,5.763621,4.577903,0.908871,3.40316,5.823654,4.520223,3.853829,2.987099,1.29466,4.990688,0.914745,,1.356129,4.228984,5.956352,2.941399,5.492308,3.552683,3.887423,6.226837,5.863031,0.350743,2.99284,4.660686,1.313453,1.965654,6.085542,6.138235,2.808153,-0.022734,3.5058100000000003,,4.244852,7.134522,3.362104,,5.616899,5.294572,6.139272,5.94421,2.050763,6.115378,3.218808,6.103432,5.404103,3.39671,3.702515,3.170161,5.410463,6.184062,4.570111,3.571284,2.460012,3.719595,5.028708,4.295139,5.689195,4.919888,3.90513,6.138722,6.068129,4.725508,6.153355,2.948972,5.246622,2.448821,-0.564359,4.188188,5.720662,4.534622,2.290198,5.956026
IGR-1,6.01314,3.67012,6.549329,,5.459371,6.142581,5.738967,1.800999,0.712668,0.722078,6.630991,1.689471,6.363806,3.026734,9.416645,-5.181385,-1.119343,-3.902787,-1.527244,-2.084563,2.33449,3.716529,3.6595505,-2.124374,3.721057,8.258116,-1.164054,-1.034239,-5.017845,5.325446,3.845012,2.643218,1.933459,2.341461,4.757536,-5.642453,,1.81794,1.99445,-4.029254,-1.337675,,3.445883,5.802451,,1.854838,2.601018,2.23996,2.039309,6.129758,4.204445,5.462684,-1.557152,-3.933815,3.133246,2.844523,-6.906606,3.247988,,5.120427,4.058789,0.896009,,2.575478,0.272536,,4.848570499999999,2.109273,5.215968,4.632701,4.191682,2.012127,4.768988,,,2.866476,2.088668,1.009669,-5.917242,1.815993,4.77921,-2.124986,4.938192,,4.764116,3.095127,5.425983,2.54862,2.881079,4.716711,5.236926,4.706974,2.5179315,5.182138,-2.41828,,0.476117,-0.802905,-1.262237,2.597332,3.082667,4.064482,2.835941,5.461744,3.49578,5.207475,2.166343,4.295459,4.852621,2.047081,2.139728,4.730075,5.311974,2.188469,2.077326,3.323484,4.780317,2.916917,2.383663,0.604022,3.293828,5.41083,1.643467,,2.744234,2.352252,2.004238,3.853246,4.769041,4.417618,4.185092,5.212715,2.923165,-1.778999,3.869667,4.311332,5.42411,1.062489,5.012934,4.52147,4.83955,2.735969,2.402203,,3.833935,6.240521,5.361641,,4.152727,5.066159,5.267224,5.204574,1.986845,5.319613,5.346932,5.462191,4.061067,4.701455,3.851484,1.723126,5.328261,4.956991,2.6039205,3.763385,1.934872,3.14283,2.322537,4.142576,5.359198,4.659782,2.978182,5.462664,4.316431,4.346743,5.004975,4.024195,5.590629,2.483903,-1.157047,3.497787,4.925853,3.971465,1.713466,2.924681
IGROV1,8.385934,2.503922,2.979105,,5.933554,3.371913,4.641998,-0.807681,1.509792,1.757641,7.069917,0.168401,5.9408575,3.705286,11.233137,-3.832969,-2.170484,-3.551582,-2.041438,-3.532434,-1.010788,3.99858,5.016245,-2.417152,0.730224,10.111241,-0.550663,-0.370471,-2.901837,5.41344,5.993946,-0.015639,0.347903,2.797982,5.108114,-4.762487,,0.884623,1.647732,-4.675034999999999,-1.326387,,4.102136,6.082396,,3.567596,2.938084,2.461625,3.8567,6.715869,-3.345955,4.614282,-3.401855,-3.638332,0.168833,1.938808,-4.712529,0.8347640000000001,,1.95841,4.373988,-0.735112,,-1.015924,-1.712715,,3.195171,3.53976,2.10073,4.796327,2.599895,0.009254,1.320315,,,1.555659,-1.124488,-1.118688,-4.031471,3.614114,1.492179,-2.448171,2.725706,,-0.119043,3.104633,5.130809,3.041569,0.520121,5.076707,6.030545,5.927388,0.418686,3.703796,-3.091953,,-1.075289,0.52662,0.09606,1.915002,-1.720633,3.855123,3.331728,5.425212,1.308113,5.308033,0.818335,-0.701728,0.261034,-0.980901,-0.300301,0.749712,3.333902,-0.082084,3.945417,1.070964,3.569426,-0.55182,0.423735,-1.76071,4.810113,4.762828,-0.536497,,-0.843626,2.351254,3.167607,4.257247,5.085837,2.893117,-0.197422,4.916681,1.704474,-2.885347,4.62452,2.317203,1.30328,2.757446,1.982991,2.187031,-3.112029,2.053127,-1.093589,,0.035174,3.642511,2.043123,,4.863319,-0.689528,4.761503,4.726018,2.990292,5.288194,3.677766,4.203827,1.160851,2.284816,3.826013,2.124094,4.339229,5.575059,3.2220285000000004,4.778236,-0.576755,2.010928,2.424106,4.850868,5.260903,5.677953,0.498506,4.064115,4.521447,3.034312,5.05756,2.346748,6.743471,0.346471,-3.572942,3.885088,5.333036,1.453399,0.480568,3.090325
IPC-298,,2.827226,,5.181676,4.243554,2.529927,5.522738,,0.183054,1.303039,6.00829,,,,,,-2.22901,-3.986882,-1.364898,-2.271927,-2.586294,,3.193756,-1.846195,2.601856,,-1.447008,1.750168,-5.33892,3.874649,5.220735,2.571032,2.49111,2.384246,5.006354,-4.885959,3.507737,,,-5.413809,-1.447552,1.784067,1.83827,,3.236421,,3.330152,2.956691,4.861878,,3.828705,5.483831,-3.452395,-3.028481,1.95888,1.88099,,,1.691743,,3.154817,-1.550653,-3.678006,-0.834338,-4.709648,2.447688,3.84186,1.685505,2.353585,4.459853,4.580505,2.192049,0.389308,4.230598,2.988851,-2.797881,1.526173,-0.782507,-5.641417,3.092568,2.112528,-0.568816,5.432476,,3.990056,2.821976,4.471008,3.191279,0.351157,4.877398,3.911263,4.160919,-0.261053,5.250805,-2.842069,3.307474,1.803981,,0.897944,,0.960142,5.436094,2.334228,3.161919,2.167642,4.082557,2.665859,5.186803,4.277086,-0.762031,-1.570196,4.008706,5.470645,3.082512,2.240099,1.782416,5.496341,3.291948,,,5.434143,4.67666,0.948646,3.094017,-2.81368,1.769192,2.267189,3.327477,,0.843581,,4.644622,0.890678,-4.216477,5.49237,1.004862,,2.055383,2.11118,2.706345,2.511505,2.873264,3.53158,3.603223,3.187887,2.878928,2.066136,1.449445,4.074937,3.07518,5.694175,4.075276,1.788154,4.001507,3.214414,,1.332757,2.531452,4.421623,2.968266,4.084349,,1.86906,3.474374,2.547107,,5.436515,,,,3.00481,5.475774,4.153126,3.212023,,1.512846,,3.277602,-3.411861,2.80996,2.783215,2.975765,2.887244,2.827086
JHH-4,8.137715,2.869314,2.449248,,5.947818,7.160913,4.612091,0.1867,1.396787,2.361739,7.178566,4.222654,5.995974,1.458503,10.622636,-3.528433,-3.168142,-0.75962,0.114982,-5.673802,-0.421548,4.527632,3.5533315,-3.660078,4.467017,10.216749,-0.370979,-0.95675,-2.1106949999999998,4.814316,3.30957,3.08579,3.486207,3.351325,5.818099,-4.661833,,1.834123,0.740586,-2.913775,-1.566563,,2.92153,6.191866,,4.610451,3.564792,2.736213,3.926551,6.245195,-1.424464,4.895109,-0.800912,-2.951829,2.468056,3.787854,-3.901881,2.9878065000000005,,3.09141,2.996645,3.530268,,1.933734,0.473095,,6.2879605000000005,2.151997,4.335599,4.720872,4.553808,1.317037,1.953481,,,3.923247,2.034495,0.992421,-0.189116,3.854234,2.710414,-0.589,5.487865,,3.87525,4.452587,4.695269,5.04708,3.528255,3.866895,5.701745,6.054731,3.3235785,5.929474,-1.16671,,1.314257,-1.747312,0.891084,3.616615,1.975483,4.491584,3.818595,5.208081,1.486017,5.350644,2.33476,4.241897,3.701347,1.778135,2.693136,2.112238,5.017955,3.25916,2.887054,3.163477,4.795696,5.095192,1.595838,-0.689322,2.840638,5.544156,-0.164676,,0.973279,2.612919,4.066489,4.376334,5.371726,4.260742,4.470581,4.082972,3.22443,-1.424809,3.330224,3.612658,3.007081,2.11776,4.642242,5.840178,2.69815,1.805775,4.4924935,,3.373697,6.735559,2.484114,,4.600537,5.648217,5.17805,5.610763,2.229847,5.955448,3.498248,6.039776,2.917281,2.340197,3.010147,2.013903,3.169723,6.126811,3.9897340000000003,4.858534,1.535497,3.521703,4.538531,4.990876,4.460382,5.346997,3.252028,5.956102,4.10316,5.032178,5.795996,1.840783,4.454667,2.141589,2.951079,3.866005,3.971248,3.268615,1.454333,6.158763
JHOS-2,,3.522979,,5.110848,4.735946,4.211956,5.685646,,2.214614,2.302179,5.778088,,,,,,-2.267596,-4.486821,-0.798117,-4.962086,-1.537661,,3.54063,-3.861153,3.112608,,-0.699777,2.855428,-4.731828,4.320191,4.692976,1.778147,4.329132,2.776339,5.488836,-5.345905,5.787611,,,-5.359073,-0.963356,1.768941,4.715166,,3.519397,,2.736634,3.151338,5.828463,,0.307688,5.281385,-1.204529,-3.401868,2.544094,4.67253,,,2.835885,,3.388412,-0.117056,-3.701129,1.845684,1.823053,5.59083,4.062429,3.01733,2.126747,4.82193,,2.673559,3.157926,3.948501,2.155116,3.897539,0.7353,1.493612,-6.271958,2.227863,2.362943,-1.468029,4.650808,,2.872707,5.853805,3.733438,3.891959,2.300995,4.229283,3.334372,5.838968,2.861363,5.408637,-1.766927,2.635171,1.408388,,-0.493312,,0.572935,3.752113,3.236512,0.108776,1.160325,5.001953,2.265425,3.419696,3.525345,0.766064,2.395244,4.158631,3.779617,3.705182,1.848708,0.796405,4.70455,3.146056,,,3.172322,5.34474,1.664215,2.754678,2.224404,2.657138,4.626437,3.421488,,2.600696,,5.74692,2.231283,-2.944394,5.652145,2.784299,,2.853848,-2.844997,5.832367,1.33966,5.291539,4.597838,4.713168,1.559451,4.002436,3.584512,2.826127,5.026402,2.778535,5.821588,5.776562,2.666267,5.737022,5.575721,,4.726959,3.305227,4.767513,3.547872,4.303863,,2.09823,5.080783,1.040026,,5.510208,,,,2.465819,5.848431,4.330034,4.449378,,2.633772,,3.101265,-2.604797,5.162345,5.22031,0.826004,2.0408,2.94627
JM1,,3.57812,,3.285431,4.060197,1.835998,3.869939,,-0.201538,0.254358,4.723481,,,,,,-5.023045,-3.729289,-2.504084,-4.155524,-4.844459,,0.751775,-5.422333,1.613991,,-1.712524,0.9114,-4.236484,2.853292,2.182363,3.745018,2.865737,1.484645,4.073823,-5.563869,4.052661,,,-6.519705,-1.943019,1.037077,4.073733,,3.237732,,2.262015,1.126454,3.979215,,1.530507,4.073823,-0.813979,-4.475912,2.217182,2.221841,,,0.321961,,2.079123,1.128168,-5.680061,1.771095,3.003555,3.660543,1.044016,0.268326,1.5293,3.766372,2.557358,2.837779,0.722058,1.821883,1.284808,3.575305,1.869284,-0.962677,-5.671592,-1.185677,2.487355,-3.963613,1.98936,,3.170477,1.734504,3.557637,1.888741,2.459948,3.501838,2.366489,4.073823,2.643152,4.069988,-0.500782,1.696298,1.256038,,-1.454544,,1.215873,2.483426,2.547285,4.058861,,3.763841,2.617574,4.02621,2.742671,-1.565288,3.052847,2.894478,2.941458,3.302935,-0.784058,-0.035529,3.368653,3.60822,,,1.632634,4.073823,0.371364,3.668281,3.56465,2.79499,2.40867,2.464386,,0.843955,,3.063413,2.036938,-4.374558,2.565818,1.902582,,-1.353553,1.84782,1.941038,3.272176,4.073823,3.312776,1.981638,3.268557,2.534737,2.754488,0.958376,3.617211,3.19721,3.682885,3.105818,0.684803,4.003907,2.315047,,0.534521,3.770794,2.882824,1.771238,4.026192,,1.639979,2.853015,1.328501,,3.792173,,,,1.46184,4.072136,3.056215,2.949903,,3.799517,,2.620591,-2.685971,3.021509,3.355757,0.055935,3.08987,1.229953
JURKAT,6.408661,2.97617,2.307028,,3.747296,3.667362,2.982032,-2.740327,0.063905,0.026869,5.603707,-1.87228,4.796048,1.872612,9.920134,-6.632786,-4.346346,-4.906594,-2.634728,-3.634945,-2.217993,2.591399,2.8028865,-5.724452,2.919397,8.79059,-2.469453,-3.181619,-5.285982,4.631707,3.858657,1.280405,2.528134,1.546797,4.429358,-5.431959,,0.318227,-1.787153,-4.442961,-0.869679,,1.844746,0.556961,,2.461772,3.070703,2.319164,2.259046,3.472625,1.443657,3.698361,-2.425531,-5.71037,0.470388,1.50782,-5.243615,1.921551,,1.230577,2.307722,0.43011,,-0.862577,2.798449,,3.676119,1.994532,2.358394,4.185103,3.90186,1.831798,1.441657,,,4.7169740000000004,0.897548,-1.166584,-4.512672,-0.873313,1.661598,-4.038054,3.596733,,4.641886,3.54497,4.568415,1.955454,2.618675,3.694113,3.75346,4.027496,2.8308790000000004,4.427396,-4.299441,,-0.469843,0.608098,-1.197258,1.140289,0.868181,2.578831,2.348988,4.625152,1.895897,3.790154,1.692639,-1.461319,2.791341,-0.659081,3.730388,1.222251,2.817903,0.257844,-0.240749,0.030191,4.020418,-2.028383,1.598427,0.649237,1.369466,4.431181,1.426422,,3.830779,2.755698,2.782214,2.596468,2.532798,1.734767,0.035261,3.541839,0.145151,-4.066601,2.395071,1.760359,2.609261,1.037179,,2.441157,0.699185,0.745919,-0.4499845,,1.07179,3.029303,2.927184,,4.312608,2.196422,4.263184,4.465402,1.619425,4.399898,2.786101,4.237916,1.480651,3.416663,2.649592,0.9926,3.794609,3.533112,2.7260264999999997,3.71713,1.600213,2.317808,3.357214,3.924081,4.242607,3.814213,2.172806,4.631575,1.197045,3.292541,0.68989,4.296575,4.518835,1.97983,-2.881013,3.93856,4.618812,-0.399745,1.745829,2.389953
JURL-MK1,7.033168,2.505726,-0.853602,,,2.094359,3.169307,-2.080779,0.292228,,3.345274,,4.859987,0.254656,9.44979,,-4.475528,,,-4.084083,-5.778405,2.322793,3.241769,-5.461956,,8.513591,-3.00415,-4.513988,-5.7575655,4.577879,4.589572,,2.683846,,2.700322,,,-0.649746,-0.940846,-4.476701,-1.677349,,,-1.430361,,,1.787004,2.010163,,4.842331,-8.069,4.58086,-4.356375,-5.628646,-5.066846,-1.504162,-6.363151,2.671404,,0.289197,-2.020323,-2.405319,,-0.909856,-3.503787,,2.1730665,0.548501,1.93476,3.434515,2.374535,,1.183009,,,-0.877904,0.583527,,,,1.443138,-3.682518,3.743464,,2.717134,1.203671,3.301903,-1.221467,-1.449512,2.917352,3.141064,2.792062,-0.638728,4.279196,,,,0.434368,,0.812723,1.355901,2.586014,3.166044,4.537685,-1.20693,3.522626,0.361047,,1.135243,-2.045433,-1.835969,1.415319,2.014714,2.106787,0.336916,-0.333999,2.538837,,-1.73348,-1.670129,3.840595,4.540019,-2.468591,,-2.046922,1.654466,1.66418,0.885083,1.728798,-0.806557,1.999015,3.390842,-1.064448,-3.597546,3.262396,1.965267,2.383381,,-3.346469,-0.273466,2.858976,,2.8098460000000003,,,2.87638,1.227817,,,3.377585,,3.443883,1.553297,4.405883,3.835164,2.337536,-2.417453,2.609639,5.284504,,4.376619,3.100867,2.509992,2.592112,,2.159934,2.432691,3.866176,4.592666,4.042081,1.989501,4.589672,,3.075801,3.276305,3.092333,4.096475,,-5.094273,3.78777,4.593182,,1.26729,1.719036
K-562,6.937503,4.461042,6.388758,,5.234168,5.180899,4.730286,2.586475,2.630706,0.747416,6.227907,1.946405,5.303618999999999,1.600662,10.554175,-5.264247,-1.763094,-3.704187,-0.461011,-0.647507,1.649721,3.729408,3.6458735,-3.734942,3.057827,9.47064,0.896524,-2.950648,-3.8993965,4.97068,5.298705,3.400236,2.239688,1.454525,5.054076,-4.259252,,1.274873,0.504272,-3.5160065000000005,-0.917678,,-3.444128,5.980993,,2.497167,2.751623,1.848746,2.829674,5.899335,-5.70066,4.784432,-1.329244,-3.594948,-1.887658,3.82238,-5.303858,4.350216,,3.484829,-0.146463,-1.071512,-4.971694,1.392067,0.906035,,4.501146,3.333952,3.819896,5.120689,3.347427,1.751866,3.108168,,,3.31541,2.039521,-0.67989,-5.580345,1.91914,3.559913,-1.446238,4.250107,-0.106209,4.499825,3.188531,5.335559,0.372622,2.542563,4.603518,5.338846,5.338846,2.65022,5.201598,-0.939635,,0.868532,1.724757,0.545139,3.048447,2.735003,3.786585,3.842413,5.338846,2.050588,3.803939,3.151979,4.237017,3.408552,-0.371235,2.02494,3.511474,4.91423,3.153568,1.904837,2.269065,3.867414,3.9796,3.471365,0.043645,2.29067,5.183793,-0.624047,,2.189809,2.836144,2.781319,4.067991,3.126,1.774915,3.646083,4.716153,2.42795,-2.299463,2.565018,3.651609,3.66845,2.274352,1.642825,3.609971,3.620613,2.476159,4.1225955,,5.164564,5.452574,3.279109,,4.55014,4.930056,4.85212,5.041517,2.317798,5.67541,3.060625,5.072546,4.638041,4.299227,3.361194,2.249312,4.196766,5.086233,2.6413885,3.565527,1.946935,2.867898,2.809584,3.597412,4.331079,4.095786,2.357302,5.321206,4.248628,4.69852,5.338846,2.02363,4.791684,2.403518,-2.747725,4.640583,5.03576,5.273245,2.752922,3.079077
KALS-1,8.51767,4.951796,7.208873,,5.839861,4.859883,6.258005,1.428492,4.127159,2.584643,6.843206,4.274488,6.609366,4.868644,11.371065,-2.730696,-0.592823,-3.582685,-0.667695,-3.929432,1.933523,4.551536,4.1258680000000005,-1.744827,4.298596,8.354586,-0.462189,,-3.3653545,6.195763,6.131867,4.065302,4.070632,3.648497,5.393319,-4.457322,,1.739523,0.712312,-3.0722955,-1.48989,,2.800108,6.837298,,5.344834,2.969308,3.843264,5.23939,6.789813,0.0802,5.132743,-2.8902,-2.522787,3.816538,4.554155,-5.021894,4.5530170000000005,,3.197508,3.359306,-0.043086,-3.047408,1.716708,0.267334,,4.9811365,2.868486,3.510619,5.664508,3.470067,2.0315,1.908094,,,3.4840585,2.282676,-0.782824,-6.041252,5.518487,3.022073,-0.82768,5.618748,2.657076,5.186981,5.042438,6.208819,3.783687,2.773553,5.285849,6.040591,6.221698,3.214728,5.598973,-2.62897,,1.686588,1.271817,1.770887,4.953664,1.393111,5.863735,4.330137,3.252498,2.440773,4.437987,4.79461,3.133643,6.089154,-0.148076,1.284696,3.426747,4.629775,2.960261,5.40937,1.77488,6.205613,2.667561,1.616773,-0.856549,6.073516,5.768766,1.94416,,1.172336,4.591481,6.197476,4.543547,4.498357,1.411709,3.674598,4.636373,1.874566,-1.444642,5.196602,3.371497,3.645463,3.390181,0.545204,4.228099,2.716697,3.748021,1.856676,,2.668483,3.453,3.683924,,6.225752,4.391844,6.047824,6.028949,3.02541,5.577469,5.302342,5.849537,3.031917,3.386423,4.846917,3.912065,3.963107,6.225752,4.3200555,3.354352,2.926799,2.770131,5.698814,4.408577,6.150706,5.707704,3.609026,5.872189,4.513494,4.221935,6.183607,2.281375,5.689362,3.717488,-2.01139,4.589598,4.533177,5.283976,2.626965,4.493214
KARPAS-422,7.486824,3.733866,3.756907,,5.282613,4.107097,4.230628,-1.695631,0.798054,0.770823,5.849667,1.727631,4.9791764999999995,2.511141,10.677932,-4.6967,-2.989384,-2.21999,-2.020632,-6.234888,-1.361403,2.603303,3.868748,-4.240735,3.770177,9.524765,-0.749596,-0.394339,-1.609259,5.379205,5.379615,2.901403,1.927387,2.060008,4.994548,-5.491326,,2.300903,-1.13159,-4.5612645,-1.592626,,3.22283,4.74502,,2.085915,4.290839,2.67316,2.896979,5.918505,0.595421,3.332806,-5.440608,-3.584281,2.352033,1.746174,-5.562048,3.9813875,,3.323548,3.192008,-0.577733,-5.726279,-1.864898,2.906549,,2.7217335,1.162276,2.376513,5.112873,4.540501,0.818326,-0.492876,,,4.0931795,1.394245,-1.03218,-6.054261,0.656069,1.548849,-0.572621,4.711469,1.165506,3.816013,3.976022,5.376271,1.723536,2.507434,4.717485,5.052987,5.335455,2.8856029999999997,4.855173,-2.639943,,0.911518,0.619594,0.592136,0.852761,0.247725,5.303239,5.694693,4.049815,3.503478,4.290716,4.099715,1.50202,1.426393,0.339211,2.743421,2.423359,2.767211,0.062179,1.29071,1.857186,5.374502,1.16058,0.211258,-1.337582,3.834464,3.190052,1.56184,,4.006238,1.522379,1.704074,1.685435,3.049713,1.96217,0.379125,5.048996,0.421052,-3.871863,3.807386,0.777952,3.902848,1.203266,0.504684,3.407669,0.888162,2.608871,0.9464665,,0.160475,3.224532,2.566972,,4.464308,3.178805,5.082031,4.475243,1.848445,5.2558,4.09196,5.241137,2.628237,3.431754,4.797725,2.913446,2.42755,5.379615,2.2522089999999997,2.815389,1.768837,2.960646,3.385435,3.078743,4.522445,3.771816,2.707847,4.139121,1.846997,3.845884,-1.281562,0.663978,5.077712,4.123863,-2.750538,4.686467,2.699375,4.190235,2.478389,2.997933
KATO III,9.330579,-0.023,8.025733,,6.279088,3.233654,4.601451,4.333524,2.734677,1.799717,7.946441,3.188611,4.269247,3.46349,12.069066,-0.520246,2.260041,-0.677096,2.348701,0.208334,4.941904,5.309177,4.545567500000001,-0.411201,5.261237,10.894231,-0.197577,-1.14593,-1.439678,6.366614,6.94243,4.023011,5.152249,2.335156,6.938937,-3.550458,,2.878919,2.193745,-1.8087295,-1.10613,,4.677592,7.327972,,4.563847,4.101333,3.322388,3.512084,7.551106,2.159329,6.576006,0.171127,0.459452,3.550769,2.946557,-5.686056,4.9139885,,7.017568,0.985163,0.2492,-4.117304,3.957853,1.654734,,5.801413,4.679044,4.045712,6.057808,5.721084,-0.323616,3.323174,,,5.621724,5.132526,1.402022,-4.805087,4.293507,4.935091,1.476302,7.35641,1.902832,4.646947,5.284174,6.948545,3.488966,3.216277,5.250746,5.209277,3.8379,1.3506019999999999,5.219741,2.043022,,3.306186,0.785002,3.560845,3.916842,3.555834,4.364809,5.737135,5.960584,1.416583,5.256953,1.385201,4.040335,1.818182,3.111457,1.247104,5.433441,6.278015,4.421797,2.498569,1.554143,2.070305,3.063087,3.54947,2.153236,2.880964,6.532357,-0.577928,,2.2288,4.540033,5.12641,5.018278,6.117848,3.280683,2.993548,5.26163,4.59202,-0.94485,3.532421,5.144245,-0.412509,2.799048,3.293834,5.339197,4.881119,-2.318545,3.052981,,5.484917,5.930183,1.466964,,5.237374,5.20708,4.86135,7.198777,3.451968,7.434912,5.206542,6.938743,6.161739,5.606693,4.409619,4.442788,5.956287,6.788266,3.8915355,5.737622,3.806461,2.791364,5.24235,4.819058,5.917686,5.555625,3.673226,5.590912,4.735141,6.246695,6.293126,3.381371,6.702214,1.402607,1.034762,5.56756,5.784393,5.420934,2.256037,4.460254
KCL-22,6.41983,3.790345,2.767493,,4.279674,3.139935,3.486241,0.14835,0.91398,0.755897,5.527779,-2.032553,4.597122499999999,1.61467,9.899711,-6.096782,-3.023849,-4.226076,-1.896168,-1.819934,-3.44159,2.789692,2.5089705,-4.40699,3.191422,8.666665,-1.237389,-3.373539,-5.3665005,4.826623,4.821108,2.036112,3.601267,1.892586,3.702457,-5.609309,,0.312042,-0.129429,-5.008252000000001,-1.93754,,-3.932337,3.090623,,2.902271,1.293661,1.407641,3.30405,5.195003,-7.017962,3.522839,-2.946474,-5.173874,-2.820667,1.528899,-5.461653,1.560754,,1.357657,-0.640064,-1.572873,,-0.600256,-0.635937,,3.1896164999999996,0.916622,1.368002,4.154399,2.460684,1.857543,0.94021,,,2.4412659999999997,1.278999,-1.519062,-3.461861,0.574205,0.929827,-3.246161,3.776908,,4.365057,1.680863,4.754993,0.348293,1.899129,3.095909,4.704954,4.098778,1.9829215,4.60032,-3.201013,,0.287563,-0.539765,-1.214923,0.469179,1.10963,3.263394,3.884513,4.720354,2.206741,4.680079,2.404383,3.503708,2.871713,-0.56487,1.201055,3.511417,2.653644,1.926495,0.70404,0.359003,3.154652,3.320365,0.052337,-1.500051,3.608829,4.719288,-0.583281,,0.238164,2.315641,2.783927,2.244539,1.690419,1.278794,3.62265,3.533571,-0.592603,-3.806823,3.103786,1.98763,3.031486,1.831112,-4.41129,1.243242,2.689414,0.262443,2.3550705,,4.081552,2.287264,1.964221,,3.7964,3.139995,4.824262,4.448211,2.129382,4.426643,4.171331,4.804349,1.562482,2.304622,3.628565,0.988895,3.722497,4.163508,2.9055365,4.175986,2.088118,1.524377,3.727691,3.534429,2.936217,3.750927,2.367864,4.667777,3.555644,3.596865,1.143206,2.54701,4.167531,2.262663,-3.701351,3.86639,3.462435,2.196708,1.914165,2.258318
KM12,7.48155,5.24825,4.660134,,5.255531,2.714077,4.484986,-0.746259,2.120298,1.402226,6.747973,0.621846,4.85213,2.251582,9.945787,-5.654984,-2.015512,-4.263838,-2.504244,-4.624241,-0.962353,4.018487,4.4369265,-3.180342,3.069888,9.289812,-3.258487,-2.808472,-4.6509205,3.587609,6.135774,2.259568,2.728722,1.884049,5.572265,-5.61762,,1.351999,-0.356402,-5.500902,-1.731335,,2.938043,6.404547,,3.038299,2.674559,2.064445,2.816177,5.916746,4.605338,4.893782,-3.309932,-5.058048,0.48443,0.567063,-6.178527,3.527863,,3.364418,1.970573,-1.562949,,0.946222,-1.4881,2.898109,4.0600594999999995,2.331376,5.307338,4.484274,3.663903,2.34673,1.571587,,,3.477521,1.2923,-2.255353,-3.244188,1.452942,2.996415,-2.154204,6.247731,,5.764853,4.101574,5.335584,-0.721186,0.838503,4.620308,2.805435,5.600354,0.944892,5.715131,-2.390784,,0.448674,0.533109,-0.689455,5.733286,1.640387,4.517653,5.441087,5.693402,0.885577,4.572331,-2.318055,1.447255,4.69399,-0.799109,0.20581,2.696875,5.358683,2.671406,2.359663,5.728549,5.134039,0.556575,5.732924,-1.638297,5.477819,5.600732,-2.331196,,-0.205051,1.030593,3.022664,3.037224,2.954755,3.923809,0.939248,5.209416,2.068559,-3.6178,4.448583,1.92165,5.733286,1.446233,1.983102,3.966472,2.227418,-1.593209,2.4061605,,5.468847,6.530915,0.902467,,3.941274,5.372211,5.165526,5.281589,1.937378,5.574523,4.742714,5.695841,1.421165,0.921902,4.763583,1.212644,5.346518,5.733286,3.2534805,3.367647,2.574602,2.151495,2.707677,4.38809,5.680827,5.332414,2.409274,5.573871,4.875337,4.936761,5.66733,4.05758,4.956651,-2.780034,-1.140689,3.204461,4.340005,2.48555,2.648056,3.404244
KMRC-1,8.200777,3.471084,,,6.00914,7.021279,,,,2.648852,7.964392,1.316013,,3.105714,9.925538,-2.308018,-1.309548,-0.372961,-0.240488,-3.573115,-2.238606,,3.709951,-3.26643,4.23308,10.286437,1.574829,0.533959,-3.550029,5.759327,5.455733,3.99767,2.785912,4.492585,6.033048,-5.389263,,0.91305,,-1.326269,-1.647493,,4.326695,,,3.84423,3.387684,,3.705779,,-0.580273,5.884232,-3.034625,-0.993217,3.006415,4.3069,,5.763143,,4.580838,2.920145,0.169667,-3.389656,1.579465,2.580369,,4.877631,6.143485,,6.002992,4.874385,0.899576,,,,4.989425,2.799797,0.639496,-4.609493,3.417704,3.955461,2.104466,4.04867,1.93696,4.324127,4.020086,6.107883,3.276397,2.737421,6.143508,,6.144732,4.265382,5.762647,-1.296511,,1.695359,0.756506,2.816706,,1.220292,4.690436,5.280417,,3.49408,5.498171,5.014627,1.825815,,2.831749,4.120497,2.666788,,3.008663,2.956998,,,1.617598,,1.039187,,,2.546053,,3.219226,,5.147626,4.489094,5.437632,5.186835,,6.284005,4.675485,,5.025751,,,2.722818,,5.640194,2.513208,3.20462,1.532868,,0.152897,,,,4.836586,5.16058,5.554282,5.662565,1.756894,6.55181,,,,,,4.233418,5.362871,6.144732,5.069152,5.347905,0.986635,,,,,4.42892,3.052261,,4.316371,5.556371,,2.317284,,2.647368,-1.325763,4.127453,,4.505114,1.149886,5.855149
KMRC-20,7.558625,5.080892,0.47467,,5.848791,5.235144,5.198978,-0.787696,2.14695,1.568242,7.075865,1.347782,5.7816395,3.00248,10.801228,-3.61611,-2.916808,-2.460702,-0.607514,-2.560155,-2.108442,4.280335,4.4992015,-2.82423,3.848402,7.278359,-0.016022,-0.296044,-2.8469455000000004,4.672496,4.807841,2.14411,2.559675,2.554009,5.731291,-5.147102,,0.650813,1.036319,-2.860613,-1.351635,,3.356439,6.492157,,4.4862,3.874145,3.279732,3.733308,6.707988,-0.31119,4.700472,-1.027094,-2.48164,2.033929,4.346325,-4.590521,2.265437,,2.163699,3.441096,-0.607538,,2.039698,3.088142,,3.794142,2.681839,4.08032,5.920544,4.027829,2.043365,2.896817,,,4.6799335,1.808407,-0.14143,-6.10549,3.208254,4.851303,0.557271,6.058535,,4.297433,5.227899,5.389374,3.091406,4.527854,5.140928,5.76575,5.947669,4.259866,4.981045,-1.582257,,1.316694,0.247682,-0.915179,2.925348,1.748124,5.028895,4.990508,4.47266,1.343813,4.542647,2.786206,5.33227,5.236647,0.516065,4.796013,3.351284,5.590267,3.351718,4.760286,2.620012,4.82119,3.409442,2.2085,0.786199,4.21144,4.626666,0.77801,,3.863431,3.988553,4.679432,4.275547,3.812209,2.899824,4.619835,5.891263,2.653605,-1.647159,4.638119,3.562309,3.943311,2.740997,2.458161,4.297768,3.514474,1.864362,4.202113499999999,,3.362198,3.265947,4.246423,,4.606895,4.836779,5.536515,5.36831,2.272435,5.924205,5.15496,4.499667,2.904027,3.159313,4.416358,2.512669,5.448461,4.288977,3.9301554999999997,3.57958,3.318531,2.497159,4.05615,4.968638,5.862751,5.57912,3.76082,5.712031,5.668145,5.928987,5.994325,5.187249,6.02871,1.715076,0.615268,5.172115,3.89368,3.724947,1.558026,4.281336
KMS-11,,1.033209,,4.813351,5.166541,2.402338,4.179291,,0.02037,0.243611,5.42482,,,,,,-1.033006,-5.415214,-1.003311,-3.564877,0.434206,,3.015094,-1.039467,3.447618,,-0.910075,2.914616,-6.132025,1.899632,3.309282,3.702675,1.279411,1.34097,4.598595,-6.062349,4.721718,,,-5.091966,-1.986476,0.796457,1.544945,,2.164711,,3.407794,2.359444,4.560775,,1.012662,3.682409,-3.437648,-5.054333,2.205228,2.445943,,,-0.134082,,0.712147,-2.635306,-5.593522,-1.194058,2.588881,4.364035,2.453065,1.41431,1.027163,5.229935,4.176243,0.625945,-2.030195,2.612783,1.685026,3.248486,0.896755,-1.048289,-4.669357,2.457679,1.828102,-3.626981,4.694563,,3.360353,2.23244,4.594824,1.133608,2.235915,0.832496,3.682688,4.686501,2.771829,4.562961,-3.397966,2.535381,0.094387,,-1.267139,,-0.935755,4.531165,4.41112,4.80583,-0.81761,4.545343,-2.347984,1.304464,3.035802,-0.84495,2.698525,1.890719,3.846194,-0.4706,1.981835,-0.620495,3.868703,1.535749,,,4.67652,5.324213,-0.255543,2.30131,2.970366,1.391555,3.745865,2.204673,,2.130477,,2.863016,-1.582714,-4.696966,4.69324,-0.224682,,2.176982,1.917112,2.745034,-1.534061,1.093749,0.852748,3.67625,1.708451,1.316494,3.398689,2.195034,3.890627,0.004015,5.066506,3.188158,1.524973,3.391532,3.593253,,2.24484,2.803682,3.62141,2.841641,4.207051,,2.771771,1.955319,1.576469,,4.855784,,,,1.905341,5.341508,2.250562,2.889753,,1.359876,,-0.859806,-4.560259,4.648361,2.221582,3.366812,4.67661,2.075634
KNS-62,7.926306,4.273073,6.316883,,4.999729,4.254684,5.277831,2.625525,3.051344,1.935139,7.304146,1.738118,0.8161625,1.200392,10.483776,-3.280617,-1.864321,-2.862512,-0.60139,-1.381638,0.172241,3.902783,4.4906555,-3.540334,3.199834,9.376679,1.753097,-0.524551,-0.8427274999999999,4.809134,4.782726,3.255774,4.156466,3.105883,5.757944,-4.54856,,1.041957,2.701872,-2.923371,-0.916059,,3.216066,6.439132,,1.932779,3.524389,2.684058,3.532271,6.529699,2.999517,5.49623,-0.947589,-2.371205,3.923246,3.45531,-4.632212,4.655226,,3.438,3.901713,-0.395585,-3.014807,1.176915,-0.029286,,4.664289,4.890786,4.758011,5.967201,4.116465,3.896636,3.594161,,,2.8642555,2.35975,0.739956,-3.208818,3.21295,3.692168,0.365207,4.653444,1.40728,4.854821,4.908868,5.45712,3.939425,1.574746,5.355371,5.38165,5.853402,1.495664,5.205803,-0.660165,,1.751073,0.686587,1.360884,1.983225,1.862354,4.187999,3.938879,5.683229,2.574355,5.532477,5.413995,1.376943,5.622875,1.85252,0.837722,4.679909,4.591638,3.181441,2.930153,3.585738,5.409311,1.095748,2.636561,0.383275,3.295144,5.413843,2.892897,,1.161611,4.605153,5.99323,3.418813,4.843669,3.698712,0.643156,5.618973,2.048418,-2.480134,3.288093,3.784099,4.68677,2.289633,3.528333,4.997383,2.793263,3.380127,0.064805,,4.633903,6.91205,4.048907,,5.004712,4.176642,4.530091,4.951746,1.302531,6.009272,3.916906,5.218593,4.027006,3.140267,4.651053,3.550817,4.979066,5.418679,3.7696454999999998,3.734248,2.206487,1.719639,3.543155,3.770971,5.130526,4.316195,2.845691,5.50217,4.820887,3.040817,4.726077,0.317408,6.063016,4.079542,-2.993741,4.862509,5.449182,5.324286,2.887421,4.509339
KNS-81,,6.381765,,6.384651,5.874443,4.246464,5.782274,,3.335888,2.769711,7.326195,,,,,,-1.236733,-0.981524,1.42083,-1.020997,1.123197,,4.023334,-1.397488,3.144473,,2.224015,1.696611,-2.552102,4.624302,6.296045,6.029249,4.297015,3.461509,6.212571,-5.366798,4.698029,,,-4.5026,-1.882563,2.855163,4.944024,,6.065853,,3.159943,2.865557,6.295543,,3.278313,6.38546,-0.895979,-0.435115,4.632671,5.051871,,,3.935362,,3.82113,1.032233,-2.314118,0.448717,4.073092,5.806483,4.652749,4.487131,2.708375,5.778673,5.690691,3.419921,5.173537,6.382331,3.995078,3.555743,2.856543,3.650429,-6.378283,0.77164,3.496436,0.500092,3.271378,,5.151259,5.168263,4.921889,4.452809,3.643781,6.358605,4.185783,6.38546,4.177688,6.332428,-1.577524,3.436063,2.824072,,1.631169,,1.968274,5.869617,4.300326,4.866983,3.948428,4.914382,3.440307,3.978034,3.920226,4.978442,3.599102,3.889756,6.375088,3.952184,0.06735,3.075064,6.30366,2.850564,,,5.076675,5.713866,1.25818,3.668819,3.86386,5.072899,5.673068,4.530597,,5.571097,,4.426788,6.385081,-0.837904,5.765063,4.263148,,3.266333,4.486897,4.248349,3.319683,5.03847,4.190932,3.169436,3.888299,4.00735,5.673268,2.601596,4.613193,3.296533,6.38546,6.074943,3.191557,5.803518,4.783389,,5.093396,3.912009,5.145317,4.082875,6.384689,,2.625295,6.375928,2.871655,,6.38506,,,,2.921327,6.025607,6.07505,3.872758,,3.147468,,6.036394,-1.968758,5.692313,5.566808,4.015495,3.665335,4.249736
KOPN-8,7.331859,2.391788,1.771978,,3.370194,2.440509,4.085113,-4.273783,-0.213421,0.125529,4.086132,-3.383841,5.9042185,0.669764,8.654183,-5.925066,-4.931236,-4.634929,-4.457142,-4.255118,-6.336669,2.923994,2.969344,-6.535948,3.225476,8.996461,-2.39727,,-6.0294655,4.816428,3.894196,0.841448,1.992338,1.21779,3.541513,-5.725382,,-0.29313,-3.06499,-5.626796,-1.553107,,1.626602,0.923574,,1.944586,2.310874,2.244669,2.669714,5.431397,2.039611,2.817777,-2.069346,-4.976678,0.613144,0.695424,-6.057981,1.5776625,,0.373018,0.984284,-2.186373,,-0.514636,-1.703875,,0.50224,0.501774,2.548595,3.037345,2.021752,1.727722,-0.467193,,,3.453753,0.682099,-1.681312,-5.768717,-2.635469,1.777468,-3.345494,1.924483,,2.456278,2.345001,3.100796,0.93361,1.411088,3.247694,4.838654,4.074724,1.2058244999999999,4.050905,-2.459918,,0.297,-1.448558,-1.48537,0.887405,1.706528,1.09218,3.649302,,-2.770057,3.770246,0.251813,3.603785,4.837078,-0.751713,1.374511,2.569066,0.678389,2.138726,-1.773717,-0.503621,4.417657,1.874753,2.502886,-0.070049,4.371319,4.524558,-0.441184,,1.079792,2.969286,3.37872,2.206477,1.656876,1.63206,3.634681,3.45888,-0.746316,-3.418358,3.394483,0.530174,3.749139,-3.16279,0.264667,0.908742,2.317678,0.831681,3.0584995,,2.336389,1.604017,2.428068,,3.710832,2.638307,3.004255,3.133432,1.619678,4.33293,2.917518,4.838278,0.228216,1.968108,3.753137,0.349562,3.707675,4.072493,2.212593,2.233324,1.690225,-0.37239,2.622176,4.056457,3.820066,3.585638,2.350571,4.322733,2.769028,3.649169,-1.32007,3.523477,5.22915,1.83159,-4.539685,4.145507,3.335501,-2.802334,1.549211,0.984193
KP-N-RT-BM-1,,3.718507,,4.351381,4.808422,3.173364,4.834538,,-0.009559,1.072954,6.05197,,,,,,-3.999017,-2.355736,0.072446,-2.853876,0.031936,,2.963185,-1.649789,3.462202,,0.266318,1.375438,-3.947937,3.749716,5.247458,3.620446,0.962452,2.042466,5.431263,-4.487574,5.395857,,,,-1.073461,2.558853,0.828346,,3.441245,,2.977035,3.179987,4.684887,,3.871028,5.340538,0.842696,-3.522564,3.479001,4.571739,,,0.371664,,1.281353,-0.341764,-5.848926,3.185445,3.786274,3.761015,3.712091,1.34355,0.360908,3.980134,4.301058,4.052469,3.565272,5.133173,1.688825,3.171611,2.396067,0.169849,-3.12617,-2.773951,4.45941,-1.814043,1.192439,,1.92511,3.492632,4.477423,2.52073,2.467503,2.169648,4.35062,4.174889,3.43896,5.339569,1.743761,2.23151,2.459641,,1.222556,,1.009458,2.07321,5.486005,5.362244,1.882573,5.326681,-0.441568,3.173254,4.341191,1.049638,0.957623,3.780338,2.686645,3.222039,-3.867404,1.372235,3.165556,2.970179,,,5.636466,3.664492,1.469264,4.198413,5.172554,2.063506,5.028125,2.492164,,1.960858,,4.910257,2.167424,-0.971952,4.561105,3.705407,,-2.684003,1.845268,2.235488,1.892758,3.412447,4.066509,3.86656,3.7097,2.978531,4.524077,2.388951,4.63102,3.025476,4.980286,2.84604,2.209558,3.827489,5.399189,,1.25852,2.156517,5.57987,3.504551,5.659666,,3.459793,4.546241,1.461264,,5.039548,,,,2.925202,5.841392,3.648427,4.242894,,5.487372,,1.161036,-2.670076,4.794883,2.919042,-1.588332,3.359885,2.273916
KP-N-YN,8.440275,3.236829,3.085005,,6.15691,4.382437,4.880798,1.064882,1.15226,0.738113,7.439346,0.333967,6.4378744999999995,,11.148681,-2.218663,-2.622703,-3.844452,-1.554939,-1.134682,-2.390695,4.419494,4.2352695,,4.373978,10.312167,-1.657377,-1.020926,-0.8142304999999999,5.738246,5.989774,3.303751,4.134879,3.173377,6.263167,-4.206061,,,0.729897,-0.648394,-1.375065,,4.642514,4.73726,,2.326603,,2.95647,5.219166,6.877837,4.685786,5.317936,,,3.623903,3.380212,-5.252561,3.6005435,,1.756772,,1.994459,,2.661321,1.104007,,4.6742895,2.204585,3.082172,5.031201,3.674948,2.44338,6.263312,,,3.730165,2.2887,-2.045348,-6.19202,-3.082551,5.839543,-3.371176,2.528685,1.213143,5.733794,3.284863,6.043357,2.260587,,2.850581,4.987838,6.263312,3.7862595,5.674257,-1.565161,,2.22938,1.348042,0.108231,5.110495,1.931209,3.321205,6.221111,5.458155,0.573144,5.263274,0.607085,5.286252,5.070496,-1.057632,3.178254,,2.865825,3.621156,-1.442545,2.231126,4.082275,4.546179,4.459422,2.439197,3.550528,5.454783,0.893467,,2.716888,2.925723,5.781108,,4.806064,0.212263,3.415584,6.18162,2.35466,2.506153,4.401428,6.247791,3.793641,-3.268547,1.626745,,1.925827,2.077488,4.073405,,4.638779,3.024066,3.448065,,5.117862,3.932451,6.133319,5.314036,1.640372,5.884644,3.851151,5.21578,2.388176,6.178741,6.15138,3.166208,4.328149,6.075207,4.47563,3.953164,2.393883,2.420246,5.505407,4.07764,4.187949,,3.349182,4.644649,3.908832,,6.263312,,6.605393,3.376208,-1.64006,5.489103,5.542058,0.960869,,3.748326
KU-19-19,7.791776,3.631496,5.034876,,5.037528,2.622445,4.257751,0.359271,0.912189,-0.196866,6.558901,-1.405245,3.90171,2.449129,8.854538,-4.359944,-3.41716,-4.089923,-2.557897,-3.173378,-3.228657,3.677894,3.434672,-4.397813,2.832339,9.349001,-0.623828,-3.537781,-5.429178,4.274558,3.617691,1.776624,3.44363,1.459862,4.220042,-4.808657,,1.194162,-0.720291,-5.368395,-1.004534,,2.053724,4.487738,,2.01735,2.999017,2.719019,3.665043,5.929183,0.34451,4.813704,-1.156998,-4.157134,1.825154,2.224074,-6.903398,1.8478845,,2.809083,2.607747,-1.179505,,0.814815,-2.705189,,2.7252665,1.176028,2.434877,5.074258,3.122062,2.259988,-0.321743,,,0.170248,1.884321,-0.595264,-3.791864,1.535863,2.429579,-2.355782,2.507417,,4.850684,2.578828,5.254337,2.551167,-1.645644,4.367408,4.657226,5.298571,-0.8494995000000001,5.296425,-2.015667,,0.680108,-0.161037,-0.932643,0.381783,2.293157,3.528343,4.358838,4.596911,0.728106,5.274946,1.940763,3.217509,4.953737,-0.41253,-1.778687,2.835841,3.172995,3.538751,4.53439,0.755055,5.088016,2.873084,2.047738,-0.109037,5.034968,4.758163,0.927565,,-1.269253,1.604296,2.612094,3.195605,4.284138,3.383354,3.124356,4.519443,-0.316474,-4.228016,3.942755,1.319388,4.337275,1.990205,1.346572,3.133448,4.261391,2.758094,2.718315,,4.345471,5.65246,3.813214,,4.025239,4.818079,4.176242,5.27098,1.349833,5.457796,4.033203,5.255726,0.800634,3.107849,4.375515,2.685835,4.959863,5.236017,3.6206315,2.437141,2.890537,1.635734,2.203726,3.721296,4.836659,4.804169,2.921182,4.779276,2.853371,4.672991,5.298571,4.060178,4.748423,2.121706,-3.857726,1.200115,3.826608,2.94911,3.339141,3.312215
KU812,7.488634,2.106009,-0.455371,,4.091101,4.661492,3.851518,-1.311148,0.880114,0.663757,4.129025,-3.323672,4.506543499999999,1.364252,8.370946,-6.074676,-3.197846,-4.680258,-1.310104,-2.917161,-3.834843,2.907704,2.4152655,-3.101068,3.177315,8.804558,-0.649892,-1.252858,-5.6411575,4.768338,4.945802,0.811739,3.295279,1.122411,4.008079,-5.392502,,-0.0267,-1.155232,-5.0857795,-1.709863,,-6.486436,0.595995,,4.085449,1.172608,2.007773,2.424344,4.738071,-8.563891,3.39816,-3.697573,-5.234689,-4.870268,1.436362,-5.717066,2.9421385,,1.282148,-2.193546,-1.140956,-6.267558,0.190801,-3.62085,,2.494732,1.221685,1.737638,4.996131,2.461747,0.416137,-0.954986,,,-0.545563,0.943904,-1.909986,-3.577608,0.806657,2.343961,-3.620779,3.291156,0.043491,3.392343,2.635238,3.794245,-1.176461,-0.748962,2.906671,3.271103,4.997993,-0.6254195,4.474502,-2.447896,,0.608519,-0.044179,-0.429119,1.155192,1.629373,3.337602,2.961408,2.988964,-1.693604,3.563687,1.888545,3.530589,1.209105,-0.905676,-1.395321,0.517993,1.449374,1.872295,1.361023,-0.133296,3.609384,3.464843,-1.036481,-1.151703,3.316556,4.42696,-2.603876,,-2.305328,2.29875,1.542608,1.752347,2.552558,1.85174,1.836982,4.970393,-0.990648,-3.774371,2.688179,0.734514,2.495812,1.208494,1.872264,0.398678,3.43913,2.692109,2.1601345,,4.840093,4.071488,1.094803,,4.274373,4.078237,4.610433,5.259316,1.905484,4.94168,2.86813,2.689754,0.778624,2.209758,3.849516,2.695408,4.187503,4.727539,2.5713935,2.491804,1.137189,-1.069652,2.681552,3.252919,3.188761,3.31248,0.880275,4.992917,2.613811,2.756997,-2.210385,2.46022,3.980504,1.60995,-4.051062,3.024608,3.62005,0.551957,2.501309,2.632932
KYM-1,7.630899,2.520398,-2.478306,,4.825684,3.464507,4.355961,0.288848,1.97407,0.547343,5.599635,0.042512,-0.758894,1.617723,10.302647,-6.127369,-4.648701,-5.258672,-3.178024,-2.095778,-4.276087,3.301241,3.8618945,-4.905436,3.327358,7.987754,-0.447921,-2.915668,-5.8071635,5.047943,5.09937,3.3218,2.48347,1.964586,3.772436,-4.754904,,-0.338207,-1.036305,-5.8454155,-1.541854,,3.392604,5.825611,,1.540039,2.710548,2.292316,2.430289,5.823222,2.81862,2.973074,-2.906425,-4.872674,3.002793,1.136002,-5.88365,0.8679555,,0.637146,2.445792,-1.407529,-5.486185,-0.533865,2.827727,,1.071301,5.141886,3.346277,4.482008,3.119083,1.345163,-0.42665,,,4.1922455,1.493409,-2.681084,-6.191639,2.336492,1.98341,-3.989646,0.753792,2.113154,4.688178,2.989727,5.136733,1.278713,2.99994,3.687047,4.068229,5.138166,2.735989,4.451205,-2.774404,,-0.160388,-1.071219,-0.155418,0.896727,0.707177,2.208025,3.550726,-0.130257,-0.350428,4.077019,1.691644,2.447914,4.261272,-0.505023,3.047368,5.074964,1.784667,1.851775,2.341166,1.489555,4.523619,2.461645,0.58888,-1.299697,2.482454,5.141886,0.47831,,2.80214,2.304994,4.544,1.392397,3.637832,-0.439675,3.136049,4.022971,-1.275478,-3.502191,3.062317,1.366167,3.457682,1.551392,-6.195072,2.637222,1.901128,2.141792,2.7062185000000003,,2.670345,2.749781,3.66119,,4.153982,3.410969,4.412577,4.324672,1.961714,5.315372,3.153904,3.897447,2.273453,4.158501,3.27739,2.739681,4.601097,5.141886,3.1808899999999998,4.515069,1.036757,1.202783,2.055817,2.723546,4.145597,3.908398,2.623902,4.632829,3.711959,4.141229,5.128341,0.359946,5.835033,2.577655,-3.220354,4.261641,3.471849,-0.393262,1.19249,1.821104
KYSE-150,7.851674,2.522406,,,5.623329,3.256173,,,,1.096776,6.496011,3.142724,,2.167049,9.548804,-4.885647,-2.695714,-4.059034,-1.473416,-2.653148,-0.484531,,2.933228,-3.520796,1.360855,8.875011,-0.623571,,-6.245796,4.463529,5.588731,0.763461,1.038024,2.11938,5.607019,-5.558754,,0.855274,,-5.474059,-2.342251,,1.451442,,,2.03304,2.607156,,3.704742,,1.316235,5.55133,-2.784255,-5.133905,1.561579,2.252,,-0.297757,,3.24363,2.473667,-3.085541,,-0.480623,1.136057,,3.278344,0.821137,,4.260066,3.93546,1.866512,,,,3.479341,0.721572,0.852797,-6.13488,2.582802,2.426458,-3.399539,5.33312,,2.343034,2.87496,4.945932,1.445052,1.788638,3.875913,,5.636576,2.0610885,5.266659,-3.3085,,0.715328,-1.957487,-0.263523,,0.269903,4.31174,3.523813,,1.13363,5.124128,1.801795,2.491635,,0.669398,0.860158,4.183353,,1.952564,3.894586,,,3.251651,,-0.617141,,,1.126987,,1.325458,,4.94597,4.024093,2.014789,4.55544,,4.271533,1.189157,,4.997914,,,2.175684,,3.601179,0.355875,2.688405,2.597157,,4.159067,,,,3.750234,2.281701,5.502507,5.581701,2.122679,4.908758,,,,,,1.701251,5.537341,5.636576,1.542119,3.43129,0.696143,,,,,5.099468,2.009069,,4.370793,3.308814,,3.028208,,0.966078,-3.994034,4.943368,,3.806174,1.711712,2.117164
KYSE-180,7.542587,4.307284,5.095703,,4.851576,2.319233,5.002379,-0.333836,3.380545,2.1903,5.563219,2.517573,3.31882,3.286096,8.619198,-4.771532,-1.119159,-4.842383,-1.105068,-2.717145,1.004983,3.499339,3.1635785,-3.190523,1.852189,8.746403,1.06773,-3.707817,-5.8680354999999995,5.024391,4.793513,0.967621,2.495772,2.237552,5.110156,-5.187045,,0.904852,0.075581,-5.1934955,-1.225674,,2.631083,5.30469,,2.746093,2.515702,1.635047,3.954714,5.288964,-0.244153,5.106348,-2.437697,-4.59712,1.442981,4.176805,-5.344293,1.9555065,,2.59974,3.735371,-2.283658,,0.872432,2.64983,,3.045779,2.980169,2.253088,4.054428,3.644941,1.639712,3.117472,,,4.398611000000001,0.878215,-1.012914,-3.901481,2.980433,2.978695,-2.271801,4.915094,,1.30215,4.143979,3.824965,2.481382,3.327267,3.770597,4.908461,5.112353,3.3353595,5.024241,-2.069602,,1.049852,0.155496,0.233863,0.949918,1.314141,4.465254,4.057583,4.282802,2.741344,4.87354,3.042403,2.372326,2.242806,-0.325045,2.341366,2.841152,5.030434,3.170678,2.373153,2.627317,4.534322,2.582514,1.689158,-0.103684,3.394007,4.918705,1.158011,,4.012446,3.027983,4.985816,3.502915,3.316373,3.394983,2.282931,5.06198,3.21469,-3.750156,3.628455,3.955779,2.645313,2.490652,1.931764,2.596343,0.678484,2.062567,1.5937955000000001,,4.335927,6.060471,3.100217,,4.699605,3.276568,3.904864,4.627416,1.655991,4.819682,4.940759,5.112079,1.302388,2.779053,5.076341,1.421927,4.955827,5.112353,2.9369275000000004,4.140832,0.772436,1.303357,3.482602,3.744793,5.049273,5.112353,0.730859,5.027821,4.945547,3.373586,1.453574,3.858134,5.776239,1.897281,-3.042799,4.326201,5.09137,3.803932,2.110288,3.419829
KYSE-520,9.403414,4.126284,7.063526,,6.420209,6.376076,6.923417,2.02438,5.306087,2.962801,7.998098,5.989993,6.61958,4.882626,11.375145,-1.97413,1.801564,-0.479508,1.58869,-2.774569,5.78816,5.314428,5.5316355,0.203319,0.977268,9.944842,0.411476,-2.189485,-1.1488615,6.644378,6.597949,-0.177388,1.142093,4.466054,6.11904,-5.0243,,4.154679,3.503179,-2.1424255,-1.628921,,5.15888,7.193128,,3.190491,4.952198,2.970047,3.943926,7.536466,-1.134586,6.988456,-2.176728,-1.189632,2.088762,5.982811,-3.443708,4.079913,,7.329048,6.301194,-0.830386,,0.08099,0.082857,,6.1442265,2.872892,4.134978,6.094154,5.623114,1.613376,4.39625,,,3.3176505,0.204052,0.087891,-2.999438,2.226484,3.507929,0.779474,7.311204,,0.656614,3.850293,5.928561,3.74737,3.717559,3.476213,5.897523,6.995005,3.280989,6.282049,-1.167456,,1.095616,0.702744,2.052459,4.488983,0.796424,6.106305,7.027766,5.843292,2.707229,6.741928,2.548546,2.889082,2.666674,1.933188,2.465532,5.105503,4.403169,3.288295,3.595973,2.654306,6.316993,2.956337,2.480389,0.326188,5.496497,6.610704,1.267756,,0.880357,4.049412,7.000928,4.871466,4.738828,4.719848,4.301642,5.486907,2.244922,0.413484,6.317468,5.487872,2.754364,3.103309,6.640405,6.294619,1.516787,2.844685,3.0843055,,2.796077,6.001204,5.600811,,5.288637,3.687011,5.182372,7.68516,2.188984,6.246727,6.499322,5.848739,3.351311,5.380666,6.526829,2.967752,6.108007,6.969112,4.535636,4.188185,-0.729894,3.316406,5.903019,5.655964,6.729585,6.966425,0.627325,6.816695,6.088917,3.732041,7.000684,3.333894,6.299768,1.507469,-2.561946,5.957266,6.615302,5.640712,4.838947,6.618435
KYSE-70,8.909437,5.340044,6.775371,,5.809958,5.617588,5.536068,5.16318,4.723939,1.792599,6.74713,4.776476,4.2921255,4.096194,11.588236,-1.875893,0.92763,-1.620596,1.550846,-2.403204,4.895699,4.887134,4.784398,-0.231337,4.240801,9.925091,0.666648,-2.219141,0.5725800000000001,6.563285,6.228215,3.434684,3.562062,3.725753,4.800365,-4.264512,,3.875288,5.231391,-1.82673,0.290795,,5.113423,4.458313,,2.526598,4.35149,3.565865,3.977077,7.066895,2.7248,6.579229,0.275366,-0.083826,3.604121,5.146184,-4.80918,4.349804,,6.470607,4.369509,0.571212,-5.132405,2.269854,3.074896,,6.616105,3.199395,5.924257,5.931373,5.131575,2.922297,4.385687,,,6.067195,3.377719,1.050725,-0.04585,3.874298,4.459095,2.654111,6.909441,1.841882,5.994534,4.754514,6.321656,4.159533,4.65709,5.360074,6.56415,6.544995,4.130033,6.053572,0.072292,,1.94147,1.2931,1.328684,4.864506,2.616481,5.093741,4.685893,5.829271,3.837177,5.735211,4.647788,3.684685,6.554626,1.176458,4.514323,6.588603,5.631192,4.106991,2.822903,3.165329,6.081005,4.157169,3.765038,2.024036,4.764762,5.9984,3.133325,,3.791962,4.479336,6.936269,4.97436,5.490594,4.4444,3.511603,4.148807,3.518388,-1.015652,5.079728,5.849236,6.461475,3.012313,4.951964,6.043805,2.433298,4.05591,4.192495,,5.099169,6.180288,4.717909,,5.211706,2.940203,4.842485,4.782832,2.925748,6.584575,5.864064,6.568228,4.818194,5.180333,5.356552,4.686476,6.636735,6.847099,5.1601855,5.077103,2.141219,3.312384,5.157212,5.346343,6.238227,4.329921,3.024735,5.789588,3.845142,6.047001,6.453798,3.476729,6.862409,3.297143,-0.646972,5.082375,4.658176,4.538878,3.94396,5.368586
L-363,6.906142,3.691841,4.67698,,3.836998,3.417319,4.316019,1.003205,0.875051,0.472624,5.649007,2.803499,5.2288945,2.586099,9.247586,-6.226444,-1.353335,-4.849584,-1.292936,-4.001894,-1.052836,2.343251,2.2554175,-2.508288,2.676705,8.403003,-1.671275,1.398881,-4.8800045,4.034676,4.412625,2.376159,3.145946,2.018832,2.801285,-4.903587,,2.047662,-0.101503,-3.664348,-1.867361,,1.471081,4.818848,,2.358322,1.739797,0.569921,2.065111,4.838333,1.759058,4.412706,-4.601,-4.906905,1.10316,2.479827,-5.716784,3.1012755,,2.029704,2.875319,-1.764062,-3.75648,,3.38008,,4.343104,1.96085,1.625203,4.412936,2.571184,2.031603,1.020787,,,4.0534775,1.502708,-2.185536,-5.603191,1.748528,2.816335,-4.222187,3.946204,-0.172197,3.835273,2.668395,3.558371,1.586731,2.311555,1.530781,4.412862,4.407492,1.1610035,3.898612,-2.307783,,-0.598367,0.882319,-0.802421,0.299569,0.706577,4.503652,2.884577,3.356094,3.959101,4.081354,-0.171199,2.550965,4.412936,-0.931163,3.815447,2.514753,4.044881,1.120556,2.410174,0.068378,3.059333,1.522897,0.381277,-1.774208,4.131524,3.160968,1.053396,,3.14425,1.546149,2.510061,2.803499,2.00694,,1.098111,4.204298,-0.092262,-3.961196,3.291466,1.833353,4.412936,0.686986,1.432423,2.725496,0.422609,2.023294,0.7289764999999999,,2.953867,2.638868,3.343465,,2.746893,1.601971,4.079445,3.321875,1.408667,3.813087,3.701086,4.412936,1.045038,2.670501,3.189344,1.368173,4.30855,4.412936,1.7794949999999998,3.350216,1.27216,0.760772,1.560683,2.610924,3.068652,3.612654,2.141872,3.857898,2.642802,4.399817,-1.617263,1.67377,4.564487,-0.730222,-3.864064,3.250805,3.889814,4.336022,2.14046,2.540475
L-428,7.354747,2.990166,4.257608,,4.694809,3.917973,4.359843,-1.771038,1.002449,0.549467,6.141705,-0.938309,5.643139,3.447094,9.148864,-5.576175,-3.451263,-2.432936,-3.58821,-1.849791,-4.93848,3.240512,3.621008,-2.149665,2.648271,8.735354,-1.100021,-2.601704,-3.7317225,4.54931,4.860113,0.722241,2.429167,1.619084,4.253129,-5.323005,,2.094979,-2.655888,-3.6288675,-1.049363,,1.79389,2.492799,,1.660257,1.856474,1.557119,2.364499,5.554689,2.551389,3.493986,-3.627354,-4.058443,1.479593,2.830215,-5.152071,2.726601,,1.322952,2.215572,0.579578,,-3.463551,3.240241,,4.4841359999999995,1.678977,2.537758,3.865473,2.906224,1.695713,1.895203,,,4.7472245,1.064541,-0.619444,-3.30478,0.133447,1.997583,-2.333457,4.746668,,4.021288,2.630792,4.516927,2.130874,3.255256,3.365462,4.697039,4.668668,2.4744925,4.663295,-2.788199,,0.336046,-0.277071,0.620114,2.23242,2.039025,3.886635,2.876997,3.816755,2.929143,4.425372,2.417592,4.55152,4.590963,-1.283688,3.835269,4.841375,3.325397,3.1775,-0.765372,3.162121,4.699624,2.950443,2.213419,-0.625543,4.577415,3.90263,2.080265,,4.554219,3.533389,4.210533,3.07785,1.857595,1.189331,3.50157,3.868738,-0.165924,-2.848671,3.680095,2.874115,4.861155,1.850141,1.76471,3.470593,3.256561,0.853184,3.3360805,,3.056564,2.908609,2.548577,,3.285268,4.337193,4.513052,3.413833,1.842189,5.024951,2.771474,3.608563,1.608189,2.486616,3.422217,0.978374,4.045291,4.107036,2.5718065,4.460371,2.059919,0.88047,4.57148,3.172,4.286619,3.530084,2.347022,4.083452,4.213153,4.741992,4.633605,3.668808,5.244484,1.330277,-2.773654,3.689425,3.051914,1.778172,2.657293,2.013702
LAMA-84,5.432633,2.721733,1.227375,,4.238231,2.827535,3.675857,-1.237757,0.710988,0.428963,4.591609,-2.653037,4.5785,1.50946,9.569948,-5.221092,-4.053065,-3.844978,-1.225194,-2.774201,-3.828364,2.530644,1.5394625,-3.03871,2.912754,7.805737,-1.452974,-3.448264,-4.947177,3.483857,4.522192,1.415981,3.343647,1.217257,3.27626,-5.538583,,0.174314,-1.576546,-5.175487,-2.034767,,-5.802433,-2.293911,,2.969514,2.173644,0.945108,2.519795,4.651599,-8.267077,3.142342,-3.491481,-4.147837,-4.724975,1.251463,-6.187363,3.0157,,1.329829,-1.872653,-1.515878,-6.515041,0.55569,-2.166811,,2.3330555,2.042936,2.500733,4.522192,2.574527,0.985386,-0.926537,,,0.8892705000000001,0.937189,-1.991655,-3.906448,0.754489,2.768097,-4.219008,3.260703,1.149756,3.308647,2.285634,4.050814,-0.559557,0.167364,3.950514,3.420331,4.522192,0.2640445,4.033605,-2.634878,,0.510398,1.050932,-1.304267,1.102935,2.061997,3.245034,2.339748,4.071229,-1.116105,3.108678,0.880178,4.294388,0.877623,-0.899269,-0.52444,2.470472,3.213545,2.602744,-0.046837,-0.103629,2.853012,3.376074,1.814514,-0.772768,3.737483,4.284772,-2.13485,,-1.092918,1.498025,0.376118,2.202642,3.471802,0.32535,2.876035,3.346746,-0.010595,-3.715156,2.626434,0.445023,2.15612,1.946422,-2.29694,1.446517,3.11409,1.966003,3.0136779999999996,,4.522192,2.959797,1.737284,,3.575717,3.615696,4.504229,4.506238,1.786061,4.678133,2.837019,3.613161,0.897516,1.82342,2.866611,1.191442,3.185652,4.522192,2.0153049999999997,3.547432,1.699704,1.382754,1.312926,2.691284,4.076632,3.984619,1.732107,4.371722,2.174738,2.556865,4.510988,3.58354,3.674405,1.633075,-4.031261,3.815329,3.646311,2.288695,1.237877,2.291028
LCLC-103H,8.556477,4.156751,6.725422,,6.056603,4.613619,4.985722,-0.576184,0.755455,1.677919,6.432696,3.748331,6.334369499999999,4.215937,9.717345,-3.897813,-0.942811,-3.285795,-0.022241,-2.717447,1.760837,4.489082,4.9392689999999995,-2.39488,4.477998,9.236795,0.105647,-3.093984,-4.2464575,4.889318,5.855772,3.940077,4.351681,3.237524,5.829163,-4.716213,,2.413091,1.122018,-3.0581125,-1.275093,,3.866061,5.104546,,2.823889,3.237348,2.766994,4.648916,6.803897,1.056699,5.989396,-0.300543,-3.463756,3.438494,4.341846,-6.009923,3.1918110000000004,,3.947801,3.266596,2.421946,-3.661019,1.717625,3.646172,,4.899445999999999,2.444351,2.84191,6.030044,3.869816,2.416777,2.520063,,,6.089845,2.32406,0.318188,-5.82683,4.036115,3.346301,-2.811571,5.079805,1.06315,6.156879,4.161323,4.899543,2.873735,4.833765,4.390415,6.110749,6.110749,4.1492845,5.909454,-1.023428,,1.279022,0.017557,-0.54693,1.904073,1.759425,5.459323,3.89013,3.626336,1.17844,5.243198,3.169204,5.023615,6.096787,0.805664,4.150322,5.280968,5.266999,3.101013,3.379478,0.70566,5.221817,3.647274,1.842142,0.403391,4.893379,5.677368,1.769729,,4.017719,1.293877,4.839706,3.91101,4.746569,4.164014,4.906777,5.251383,2.899629,-3.271226,4.172472,3.213653,4.007178,3.775222,0.300835,4.930426,1.985123,3.183671,3.5917519999999996,,3.144673,2.9075,4.02048,,5.946009,3.310661,5.956457,6.050149,2.48703,6.394921,4.049923,5.807391,3.084045,3.085365,4.086327,2.936837,5.474309,6.110749,3.1091795,4.075073,2.810847,2.188789,2.933665,3.620912,4.98119,4.43113,4.160903,5.264366,5.194804,5.042582,5.445817,1.866644,6.045659,3.100308,-1.416491,5.333934,4.037733,5.709822,2.730916,4.255314
LCLC-97TM1,7.241836,3.276538,6.560815,,5.46356,3.731432,5.281427,0.547087,1.598736,1.839801,6.869409,1.693565,6.4398409999999995,1.240009,10.469584,-4.279166,-1.891571,-3.856522,-0.208453,-1.628103,0.013648,3.759858,3.6489785,-3.397542,3.839078,9.00945,-0.188224,-2.813007,-4.223168,4.371009,5.350875,3.530458,2.863102,1.809491,5.276588,-4.790086,,3.980319,0.371167,-3.692077,-1.377405,,3.413462,5.030386,,2.281838,2.758106,2.60296,4.809573,5.82356,3.258583,5.46356,-0.811569,-4.173342,2.299716,3.948044,-5.993358,2.189963,,3.032679,2.457102,-0.375419,,2.165964,-0.580422,,4.9556915,1.988899,2.914057,5.282829,3.961229,3.558767,0.803921,,,2.0005995,1.160413,0.072155,-5.314493,4.426477,2.372358,-3.000411,5.714581,,5.035856,4.116445,4.641212,1.791393,2.264508,2.427825,5.33954,5.46356,2.202561,5.454861,-0.97663,,1.20825,0.667538,2.453329,1.666947,1.566185,4.062934,4.988908,5.31653,0.540307,4.88334,0.281949,4.292749,4.917159,-0.30888,0.779039,4.731575,5.068906,2.952083,4.514232,1.603265,4.680425,3.562113,3.63984,1.077026,4.735538,4.954093,1.7072,,0.663824,2.484905,4.671872,3.826198,3.241232,4.577576,3.89667,4.360362,0.258917,-3.038542,3.901561,2.269778,4.101685,3.076314,2.784424,3.272141,1.805604,2.840719,2.6853435,,3.562024,6.440678,4.524996,,5.46356,2.40403,5.462122,5.465763,1.472995,5.144986,5.158548,5.059724,2.03459,3.758249,4.762354,2.559317,5.46356,5.436913,3.1878114999999996,3.060055,3.134062,2.440094,4.003621,4.40023,5.249293,4.818253,3.432844,5.001033,3.773073,5.416173,5.415582,2.51189,4.750043,1.32519,-1.623293,3.160501,4.995374,5.204276,3.529208,3.020028
LN-229,6.916245,5.505826,7.137689,,5.491992,6.989018,4.843888,2.853773,5.075315,3.193169,7.468952,4.30369,6.8949075,3.477214,9.307071,-2.192476,-0.295973,-0.77638,-0.522554,-1.454206,5.058181,4.386159,4.5101925000000005,-1.313742,3.07327,9.620709,1.707128,0.721946,-1.782114,5.745176,4.69844,1.660324,4.386785,3.469234,5.891145,-5.270484,,3.529629,3.799686,-2.9910024999999996,-1.371732,,4.382473,6.545185,,3.810941,3.45141,1.526304,3.87993,5.59177,3.28717,6.131376,-0.253339,-1.743669,2.858851,5.828178,-4.425762,4.764253500000001,,5.679823,4.509191,-0.659287,,2.772417,1.510688,,5.799144500000001,5.542243,3.819501,4.913633,4.051848,4.051207,3.493485,,,4.4402669999999995,2.343561,-0.524736,-4.067489,2.999774,5.605593,-0.953658,6.017112,,3.098373,5.401539,4.629766,5.076678,5.426805,4.453857,4.595299,6.478965,3.5387535000000003,5.514226,0.246458,,1.824477,0.809041,-0.154692,3.973419,3.37153,4.899876,5.806924,4.810176,3.817096,5.933717,4.493329,5.525001,4.467211,1.612657,3.130428,4.47542,4.437069,5.512143,2.649938,3.748399,3.892131,4.170486,4.263081,2.606016,4.846973,5.993767,2.941207,,2.058314,4.551586,5.906236,4.521938,5.305876,2.302459,3.397235,4.84076,2.891913,0.138465,4.508906,4.130221,6.131376,2.51678,3.950634,6.021752,4.402762,1.871757,4.735844,,4.370906,5.77478,4.913845,,4.932638,4.527547,5.402817,5.656954,1.829959,5.589938,5.135452,6.04971,3.566408,4.77901,5.671249,2.598553,6.06009,6.452715,4.8404625,3.833465,1.353568,3.447429,5.761722,5.394847,5.279099,5.701525,2.786572,5.077366,5.286748,4.408784,6.114591,3.91074,5.002199,3.032035,-2.010528,5.05243,3.802938,4.054128,2.81211,5.10435
LOX IMVI,7.341157,1.608368,4.636308,,3.120978,3.322402,4.63763,-2.400146,0.459804,0.978689,4.642066,0.183506,4.653888,1.765941,9.712909,-4.679957,-2.713818,-4.300278,-2.601806,-4.468237,-2.684153,3.786752,3.819083,-4.253165,3.783188,9.047591,-1.189443,-3.265709,-4.87202,5.39619,5.218432,3.415164,2.520427,2.520846,5.336218,-5.490384,,0.690757,-0.485452,-5.962649,-1.486607,,3.621628,5.225991,,1.708571,2.563851,2.473302,2.05847,5.945947,-1.881135,5.39619,-2.68913,-4.183547,1.197038,2.17351,-6.440238,0.986102,,2.303944,2.796888,-2.667185,-3.076917,-0.414924,-1.568982,,3.08238,2.440706,1.938478,4.495088,3.517405,1.217823,-0.746113,,,1.0286355,1.234435,-0.407151,-6.17633,1.680445,2.56391,-2.456463,1.77502,0.507065,4.663673,3.369161,5.39619,1.578516,-0.2414,4.07907,5.327782,5.395044,0.7340285,5.027515,-2.935881,,0.562047,-0.626602,-2.843588,0.774221,0.491068,2.954964,2.336714,5.023352,1.335973,4.298309,2.88128,2.668406,3.823684,0.307537,-0.935519,2.698734,2.581537,2.761394,2.650725,0.145046,4.903242,1.528691,0.251153,-1.126169,5.375009,4.88326,0.289574,,-0.702744,0.731237,1.33831,1.292836,2.060979,2.915819,4.161731,4.560007,0.084021,-4.161837,5.025253,0.972062,1.727703,2.616424,0.792691,2.547045,1.44551,2.356154,1.93001,,2.807559,2.794164,3.601683,,4.711372,2.654295,5.376164,4.971196,2.088641,5.725261,3.750997,5.318973,0.57729,3.247524,4.587671,3.019974,5.392187,5.39619,2.2480235000000004,3.681976,2.828926,2.467486,2.191997,3.816456,4.518438,1.252219,3.178482,4.888506,2.86314,3.895022,5.395294,3.264426,4.999811,0.844676,-4.324414,2.32501,4.864491,0.89019,1.629048,3.239774
LP-1,,4.396016,3.769625,4.625217,4.753212,6.133914,4.331022,3.396995,0.962444,0.666792,5.706217,,5.5830605,,,,0.631205,-4.157373,1.091618,-0.959721,3.94419,3.31561,3.0165395,-0.569417,3.231604,,1.630854,2.962735,-2.984405,2.890464,5.486455,4.952908,3.200463,1.356614,5.475719,-5.404143,4.938657,,3.825168,-2.784752,-1.946113,1.525019,5.204784,5.748663,4.858624,,2.63943,3.291862,4.626014,6.131688,2.820939,5.476149,-0.443539,-3.86944,3.861171,4.440001,-4.857986,2.575558,2.701548,,3.446022,2.569255,-4.594702,2.981684,4.539439,3.473723,5.8314415,4.39284,1.930371,5.465551,4.79252,5.028641,0.686385,3.553302,3.902473,5.723696,3.688778,1.361081,-4.823162,3.10245,2.5857,-2.214994,5.3264,,4.593686,2.969277,4.504196,3.727289,2.973353,3.059129,5.300395,5.486455,3.911328,5.240376,-0.847977,1.895164,1.105511,-0.019182,0.274751,1.233476,2.320719,3.730889,4.668959,5.460818,3.92023,3.992043,2.445597,4.836991,5.329306,0.483563,4.608931,2.699387,5.357868,3.20157,1.97686,1.702523,4.873493,3.560455,2.312285,,1.427289,5.154275,2.139306,4.59634,5.033209,4.496018,3.733275,3.85234,,3.497914,3.615819,2.818458,0.616778,-3.994852,1.896499,1.70909,6.004113,2.450626,2.440157,3.544087,3.794666,4.354181,4.095308,2.295239,4.050637,2.989434,3.511465,1.86197,3.666543,4.005432,5.187821,5.031166,2.480611,6.087414,2.903651,5.946598,5.148379,5.770675,3.028688,2.006424,4.229902,,3.49614,2.533396,3.021917,3.117103,5.834651,4.01788,5.400733,,1.861213,5.823764,4.31929,4.397555,-1.975845,5.45653,3.940171,1.520343,-1.064626,4.421659,3.939056,4.977642,3.71606,4.03263
LS 180,8.246201,4.849082,2.589556,,5.790755,4.394066,5.581708,0.977289,2.893662,1.829321,7.16266,0.922659,3.5789125000000004,2.381871,9.746839,-2.893686,-3.015675,-1.854995,-0.724629,-2.225183,-2.064599,3.913479,4.4930445,-3.630851,3.464614,9.800466,0.051947,1.453067,-2.236223,6.156403,5.831047,2.381066,3.498284,3.498643,6.160039,-3.709051,,0.640868,1.279473,-4.4511,-1.03386,,3.476862,4.408142,,4.484845,2.831798,3.16374,3.765178,5.933194,4.751926,6.185335,-2.549156,-2.7206,3.374652,1.889729,-3.85512,2.569159,,3.009499,5.338069,-0.550611,-4.60552,1.344078,-1.144414,2.304748,2.27965,3.423974,3.376225,6.124305,3.594235,2.69746,3.578491,,,2.2524745,1.940703,0.379303,-2.597196,5.134222,2.793328,-1.03988,1.583385,1.364985,2.90459,3.465775,6.110745,2.865113,2.127554,4.758365,5.911693,6.188121,1.5495245,5.948417,-2.112277,,1.556477,0.221857,1.012901,2.414748,0.950512,4.70702,6.189868,5.458597,2.564234,6.003784,2.449399,3.33467,5.588181,0.72468,1.090196,4.143572,3.92996,3.15353,2.673617,3.02817,5.347988,3.29207,1.806111,-0.422811,4.860677,6.009332,1.921821,,1.184969,5.279617,5.714511,4.204236,5.388323,3.953394,4.441016,6.447158,2.773431,-2.158199,4.465085,5.186331,3.526362,1.358134,5.535517,3.655715,0.888037,5.327839,3.015609,,3.388936,5.06372,5.659524,,5.435908,3.188041,4.57002,5.505822,3.13692,5.678279,6.157671,4.451485,5.210768,3.906946,5.892074,3.642004,5.929888,6.139293,4.8595135,3.724079,1.856695,3.154635,4.574367,5.226508,5.95897,4.827353,2.367869,5.188827,5.257709,4.152754,5.462135,3.63238,6.783839,3.591313,-1.299927,4.941717,5.866002,1.86108,2.112266,3.906959
LS411N,8.61428,4.680394,4.214146,,6.156722,3.651063,6.15904,1.299837,2.870723,0.892593,6.883091,1.35212,4.645722,3.341645,10.500092,-3.7835,-0.272077,-2.665902,-0.129017,-2.762082,0.372975,4.58964,4.9313185,-1.755288,4.475801,9.842545,0.14208,-2.216081,-1.1342320000000001,6.149563,6.475381,4.49629,4.73074,1.306186,6.012614,-4.056579,,1.655304,1.52659,-4.518288999999999,-1.004321,,3.76658,4.689729,,2.39102,4.700863,3.869185,2.95006,6.62311,4.887732,6.169606,-3.735718,-2.213834,4.345483,3.420587,-5.126513,5.923698,,5.039483,4.02339,-1.295475,,3.479729,-2.017347,2.956651,3.2087645,3.920556,2.713959,4.96939,5.056986,2.612352,2.074711,,,0.4778835,1.618992,-1.063572,-3.033701,1.524967,4.518414,0.499292,6.978086,,6.671254,5.363439,5.613885,2.06248,0.325395,3.727111,5.697704,6.186711,-0.007963499999999998,5.381516,-2.301344,,1.564897,0.34007,0.271184,2.138334,1.74039,6.454397,2.108086,6.148585,3.926142,5.799153,1.860554,1.888357,6.187326,-0.295115,-0.661689,1.887927,5.042623,3.883515,1.850946,2.984418,6.193738,1.353811,0.211872,-0.965938,3.431816,6.124469,0.400198,,-0.020827,3.238206,2.113392,4.010806,5.074166,1.497443,1.800434,5.911325,1.980577,-3.238431,5.175119,2.75125,4.552084,3.297437,2.947386,3.798355,2.108761,4.553753,0.408249,,5.300222,4.737903,4.72809,,6.199715,5.230909,5.693891,6.635624,2.740615,6.568779,5.383248,4.385958,3.46015,4.16601,5.088121,3.77089,5.294943,6.198184,4.6970615,4.760949,3.102881,3.810032,5.260424,5.340483,5.682622,4.856229,4.302284,5.989617,4.989059,6.18119,5.847471,4.32508,4.98511,0.533948,-3.203262,4.381134,6.095511,4.460192,2.445686,5.896472
LS513,7.897742,3.513854,2.479972,,,1.741203,5.066468,0.385878,1.351785,,7.234704,,5.589061,3.381085,8.989408,,-3.160381,,,-2.235158,-3.242431,4.522372,6.005409,-4.529141,,8.468679,0.026582,-0.861642,-3.7098079999999998,5.345918,3.047829,,1.372071,,5.495238,,,0.646246,1.353552,-3.76034,-1.429095,,,3.534679,,,2.611389,3.43242,,6.783444,2.263929,5.762823,-1.200407,-3.521446,3.325262,1.205295,-4.321915,1.7759065,,2.913017,2.512948,-1.885372,-3.872584,0.227261,-3.223866,1.328769,1.7765365,1.746415,2.135703,,3.005772,,2.017113,,,-0.10844900000000002,-0.259303,0.694971,,,3.19025,-0.930004,1.406451,4.461315,1.632029,3.284318,5.530851,1.277507,-0.153943,1.593148,4.920291,5.762823,,5.026188,,,,0.52263,,0.995047,0.294359,3.812752,5.056716,5.521506,0.252526,4.614374,-1.113207,,4.811698,-0.595333,0.022566,4.442433,3.769882,0.824893,2.150364,2.629876,5.217815,,1.282775,-0.137949,4.415649,4.953273,,,-1.826439,2.476641,4.403442,1.616959,4.468166,,1.406006,4.884923,1.468207,-2.884994,4.446855,3.169583,4.485033,,4.827195,2.798352,0.328001,3.997208,1.2892925,,,3.393198,3.552378,,,3.149919,,5.849029,1.774821,5.129507,5.411494,3.668501,1.943571,4.498962,4.241337,,,5.647139,3.152375,4.401931,,1.684031,3.225217,4.702902,5.167873,3.638446,1.44667,5.728807,,4.440431,6.135776,4.79963,6.556679,,-3.737177,3.3083,5.328376,,0.799414,2.571684
LU65,8.794744,3.457914,4.995234,,5.924064,3.824963,4.270464,1.258836,3.075426,3.210311,7.097637,3.019101,5.2366835,4.008057,11.361544,-4.805676,-2.260707,-3.044706,-0.928176,-3.141296,0.69294,3.980228,3.146795,-3.43596,1.602859,10.43981,-1.329592,,-3.677351,6.293463,6.281378,2.802807,4.318371,2.902993,6.108749,-2.802126,,3.02201,-0.094422,-4.5427745,-1.264908,,3.344845,5.916511,,6.056621,4.38652,-0.406436,5.238236,5.411097,5.154686,6.234672,-3.771364,-3.506876,3.012704,4.992931,-5.131978,1.8215154999999998,,3.761234,4.01073,-1.464427,-3.825833,-0.580101,-2.455582,,3.728562,3.420984,3.179326,6.309284,3.8234,2.68665,2.486824,,,-0.235926,1.85723,-0.957396,-4.302606,4.844729,3.268444,-1.75316,5.397962,0.945917,3.553307,2.511447,5.076684,1.622108,-0.362729,3.305179,6.298321,6.266481,0.701917,5.806004,-1.898094,,1.412555,0.27488,0.249609,1.979985,1.074344,6.278453,5.843269,3.488437,4.151631,4.290063,1.189094,3.963387,6.240926,0.019723,-1.689007,2.469821,3.053968,2.938553,4.155819,2.567084,2.54747,2.338973,0.624306,-1.537461,4.886377,5.649026,0.942647,,-1.243765,2.565369,3.204822,4.028207,4.984506,2.916485,1.927898,6.027072,1.864385,-2.822016,4.82346,3.109048,6.099163,3.998772,0.597067,4.076209,0.289326,3.475348,1.6143375,,5.902425,6.05467,3.539219,,6.083506,2.051322,4.990175,6.18738,3.267866,6.043258,5.178487,5.184195,3.105358,3.845347,4.889635,3.65206,5.722789,6.212508,3.3173255,5.50072,3.329962,3.992396,2.407721,5.273762,5.679589,4.969416,3.644712,6.309284,3.799744,4.040784,6.30703,0.68883,5.219539,0.506398,-3.27139,3.659878,5.75747,3.529524,2.047094,4.539249
LU99,8.879825,4.152336,3.973574,,5.88613,6.001673,5.124419,-1.16257,2.541984,1.925908,7.282773,0.055425,3.508259,2.977808,11.626333,-1.802961,-2.334768,0.40235,-1.234855,-3.231614,-1.718871,5.111812,4.5126255,-3.818186,6.036974,10.894201,-1.035544,-1.591786,-1.4072645,6.835937,5.364148,3.031517,5.935716,3.039646,6.388323,-1.342168,,1.29681,0.551915,-2.9997725,-0.367742,,5.793477,4.211096,,2.993172,4.640368,3.650087,4.880348,7.448475,0.919367,6.907591,-0.327197,-1.307189,2.772036,3.658403,-5.153735,1.3916979999999999,,4.321808,3.593091,-1.68979,,-0.109654,-0.378088,,5.4028165,3.843703,3.192346,2.911371,3.021382,2.445649,5.45161,,,3.5906279999999997,2.406436,0.476329,-4.102706,4.572934,6.355043,-0.045248,3.758753,,5.033726,4.449246,6.076217,2.710304,2.138917,3.392321,3.109737,6.913203,2.5145105,5.459962,-0.994824,,1.35438,0.730959,0.230455,4.176594,1.745122,3.335819,5.637613,6.434378,1.358569,6.513806,0.348575,3.260347,4.005566,1.454064,1.547086,5.517669,6.154534,3.773023,2.992435,2.028629,5.231426,2.37883,1.750792,0.34157,3.590061,6.894477,1.347878,,0.097929,4.230249,3.824413,4.591404,6.05855,4.472788,2.440175,4.811063,3.036092,-2.329455,4.638263,6.228292,6.870113,2.858218,4.449119,7.724545,1.69754,2.06771,3.7319585,,3.284581,7.458787,4.132914,,4.831807,3.047324,5.63748,6.652416,3.819137,7.666525,5.935417,6.914659,3.459155,6.096288,6.242567,2.363911,5.519991,6.914659,4.692204,5.05869,2.292317,4.38536,4.945357,5.790243,6.202076,5.053464,5.435104,6.861012,6.535287,7.422521,6.89808,2.317706,6.884626,0.691378,-2.797917,4.146794,6.834282,1.728058,4.814943,4.591574
LoVo,8.584118,2.468422,2.034265,,4.839327,2.588446,5.393926,1.99921,1.821289,0.42055,7.711827,-0.402456,6.14578,0.878323,9.199778,-4.551854,-3.043928,-2.176762,-1.030776,-3.870364,-2.81442,4.010515,3.1574265,-3.190831,1.616146,9.975751,-2.636622,1.805965,-4.8251715,6.057756,4.464741,0.938734,3.690629,2.908755,5.784118,-4.229094,,0.468617,0.057349,-4.3821615000000005,-1.425983,,3.740719,5.013865,,5.831207,3.296184,3.509016,2.993215,6.291847,-0.166235,3.492446,-4.005762,-5.042099,2.410226,1.357022,-4.833548,1.106628,,3.407848,2.236352,-1.036235,-5.391203,-2.034643,-1.150773,2.715739,2.827637,5.347043,3.605229,4.452439,3.43632,1.319057,1.516285,,,1.80452,1.130698,-1.440508,-0.864765,2.885017,1.026325,-2.83235,0.977623,3.103564,1.132442,4.878191,5.626725,0.968015,-1.583661,4.864531,5.57786,5.971442,0.6366674999999999,6.10395,-3.073697,,0.407324,-0.092062,1.104276,3.48482,-1.249975,4.702572,3.019516,5.00959,3.476736,4.561172,0.669821,2.074433,2.748271,-0.661619,0.301665,0.962251,4.816862,0.124024,1.86922,3.052916,5.651427,1.413929,0.533331,-2.430865,4.752647,4.452059,0.792541,,0.061322,4.266712,2.169869,1.724431,4.074937,3.192076,0.648996,4.993626,-0.723701,-2.159977,5.521165,2.795592,3.63824,3.428461,3.672418,1.54273,0.838071,2.295657,0.46416299999999994,,0.161132,7.105327,3.281409,,3.855861,3.265925,4.886684,5.223183,2.346819,5.84777,4.059212,5.165917,3.027767,4.374763,5.11696,3.645143,4.145396,6.115863,3.7888555,4.518827,-0.53022,1.867154,2.858395,4.447995,5.227698,3.58459,1.433445,5.552721,6.092826,1.82408,4.272566,3.766785,6.274994,3.174752,-2.612952,2.900391,5.913283,4.19311,2.042183,3.613968
Loucy,7.325814,1.913599,4.272806,,4.63038,4.166628,4.279646,-0.411167,-0.094147,-0.242169,5.359997,-1.005535,5.756526,1.724667,9.965008,-5.342081,-1.800191,-4.50428,-1.567552,-2.807544,-0.360202,3.192748,2.9142609999999998,-4.863663,2.798819,7.608747,-1.704087,0.266502,-5.48291,5.146178,5.14995,1.003471,2.676327,2.246651,4.199159,-6.326402,,2.261175,-0.677702,-4.014047,-2.385518,,1.389574,4.136659,,2.272187,3.241985,1.841253,2.122492,4.712605,2.338629,4.209974,-3.542377,-5.010373,1.199528,1.388875,-6.878982,2.784065,,1.740205,0.819861,0.557739,-6.807383,-0.125045,1.818041,,3.5544755,-0.183654,1.580649,4.832609,1.839593,1.226845,0.289723,,,4.6530575,0.20167,-1.596712,-1.543133,-3.150489,2.041288,-5.151287,2.926965,-0.776238,3.980222,2.250188,5.148155,0.924831,1.986405,3.601092,4.832609,4.791323,0.6506825,4.133078,-1.775131,,0.347579,-0.413349,0.490492,0.701608,0.629943,3.703491,3.728112,4.45292,-1.384732,3.108873,0.407946,0.260814,3.605774,-1.394828,3.391512,0.959544,3.221838,-0.093659,-3.296607,-0.065035,4.260946,-0.348949,1.882169,-0.132895,4.832609,2.580302,-0.889485,,2.735786,1.443482,3.396938,3.135323,1.720497,1.024348,0.563808,3.159315,-0.48336,-4.287098,3.224983,1.327999,1.8458,-3.98484,-0.230027,1.602533,-0.073944,1.23577,-0.9076925,,3.888218,1.794063,2.488738,,3.943374,2.675641,3.088774,3.96096,1.40914,4.997344,3.951207,4.612575,1.388076,1.817488,4.196029,2.206156,2.784845,3.761074,2.904194,3.644327,1.14416,1.415511,2.0829,4.07033,4.257618,4.770601,2.176556,4.831879,2.631875,4.482264,0.71344,1.78888,5.36325,2.974129,-4.698084,3.320222,3.689655,4.590814,1.939357,2.242298
MCF7,7.795855,6.172561,7.360653,,5.430848,3.627995,5.54,3.123964,3.625943,1.316832,7.377854,3.815011,0.36758349999999995,2.142033,9.588572,-2.066605,-1.84227,-2.691037,0.011686,-1.441453,0.185126,4.43148,1.4823760000000001,-3.441641,4.588078,10.033029,2.226308,0.213112,-2.045827,4.560811,4.3709,4.058467,2.342267,1.82766,6.211602,-4.979465,,0.575237,4.021917,-2.999026,-1.522305,,2.442312,6.307513,,3.853803,3.300777,3.172263,2.691604,6.767961,4.730117,5.353555,-4.497967,-2.344718,4.364155,4.008466,-4.591198,4.3865085,3.393763,4.600365,3.199839,-0.24566,,-0.070936,4.928956,,5.416474,4.013101,5.154266,4.658975,4.950938,3.747169,1.941568,,,5.913705,3.232603,1.92126,-5.697533,3.182304,1.958707,-0.979757,2.738315,,5.794469,4.288092,5.992867,3.984103,3.719097,3.163133,5.99708,6.242403,3.9827529999999998,5.732295,0.47681,2.67504,0.723808,0.606982,0.343058,3.163239,-0.394167,5.333266,6.067137,5.944036,4.081386,5.71954,2.12003,3.11903,6.21404,3.010834,5.260274,2.777494,5.665131,2.619112,2.138467,5.486831,5.518054,3.726027,5.008889,-0.780754,3.273692,6.062449,1.265441,2.388781,4.115603,5.682548,4.47599,3.402097,5.356963,5.303395,5.027987,6.202299,0.46772,-1.209648,4.465583,3.083619,4.334571,3.114911,-0.596303,5.538688,1.244235,2.37406,1.689397,4.429098,3.128466,6.875959,5.139766,,4.430524,2.24978,2.570747,6.07191,3.033094,6.335703,3.676895,6.013383,5.323035,5.684712,4.429633,1.393347,5.367185,6.160449,4.16693,3.350785,2.675189,3.548545,5.788143,5.26389,5.424189,6.430509,3.719637,5.40972,5.626385,4.964841,0.854651,1.725232,4.37013,3.918289,-2.268572,4.417671,5.986469,4.350561,2.85307,3.360032
MDA-MB-157,8.009686,4.152312,4.581736,,4.675444,3.488838,4.428937,2.330516,2.855751,1.742381,7.21208,3.814448,2.548889,2.448079,10.247313,-4.243682,-1.172609,-2.05196,-0.357197,-2.619761,-1.319572,3.898991,4.0728025,-1.820222,4.086141,9.41763,-0.366487,0.116751,-2.559091,5.608024,6.24036,3.425414,4.026822,2.637598,5.240011,-5.46093,,2.397631,-0.42219,-2.9598195,-1.251659,,5.233585,4.011859,,3.806408,2.77988,3.047947,4.504233,6.396648,3.619962,6.493019,-0.726481,-1.427938,4.106649,4.093996,-5.221379,4.6198179999999995,4.17702,5.337535,3.083174,0.66784,-4.599352,2.442679,3.206754,,6.164833,3.510733,3.74407,5.003854,4.158929,3.230191,2.726705,,,5.449649,3.60103,-1.982229,-3.507387,3.564403,3.315548,0.869423,4.947723,1.328523,3.385317,4.903616,4.985902,3.861388,4.259415,4.409375,5.705591,5.716087,1.781714,5.135189,-0.57235,3.336857,1.33577,-0.087531,-0.863055,1.690407,2.585057,4.338651,5.948192,5.052003,2.449843,4.87359,3.82782,4.505152,5.657076,0.760373,3.873036,4.277043,4.74965,4.390329,1.874309,2.424901,5.457672,3.650891,3.21293,1.16392,1.958325,5.196471,1.24849,5.466728,3.698993,5.267768,6.55674,4.606189,3.830038,0.988851,4.255374,3.806596,3.927825,-3.723464,3.117654,3.4504,3.189522,3.127626,3.482522,2.80667,3.829321,2.48857,4.275931999999999,4.215593,4.760299,5.167063,5.044825,,5.615818,4.299744,4.343805,5.667269,2.500277,6.031055,4.319581,5.663824,1.678751,4.872039,3.123136,3.413501,4.809977,5.716087,3.833992,3.468065,2.998234,2.464012,4.27619,4.338503,5.42843,4.965686,3.328131,5.64311,3.479222,5.612484,0.334843,1.931683,5.632626,3.125681,-2.000688,4.457778,5.314449,4.811066,3.934525,5.40874
MDA-MB-175-VII,9.282546,6.91853,,,7.216548,6.327298,,,3.85606,1.556777,9.326389,-0.280554,,4.300789,12.265135,-2.611383,-1.112029,0.674738,0.235816,0.337676,1.518687,,5.284763,-2.17177,-0.442874,11.289763,0.506614,4.853549,-2.674542,4.602167,7.368252,0.138023,-1.779767,2.019831,6.952505,-4.970609,,3.95998,,-3.608142,-0.986441,,2.919055,,,0.985296,4.984271,,6.164488,,6.537855,7.315265,0.935282,1.610469,5.629708,4.693277,,6.792243,7.35878,5.540888,5.173506,-0.388068,0.909327,1.908476,1.13183,,7.312918,3.895059,,6.756875,6.319565,3.581282,,,,5.089454,-3.963192,1.435105,-2.56683,4.321468,5.826268,3.226285,4.138426,5.630207,-1.857859,6.503127,7.140208,6.499202,4.135326,7.006155,,7.403896,2.3946035,7.004729,-2.605744,4.073833,0.174985,0.692937,2.105892,,0.055746,6.496301,5.437101,,4.511984,7.115322,6.871392,1.187677,,2.447491,1.820029,3.041306,,0.489509,3.030868,,,0.941849,,0.293543,,,2.369162,3.702392,2.885965,,8.349033,5.686605,6.7144,6.467124,,7.44657,4.420817,,5.163851,,,5.288814,,6.812524,-0.391325,4.76868,0.717801,4.326199,2.305221,,,,5.910034,1.863276,7.143339,6.63756,3.97853,7.974378,,,,,,5.416232,7.587416,7.407547,5.112208,6.077066,-1.89645,,,,,6.90631,1.95666,,6.720896,5.430015,,1.629571,,4.507553,-2.918134,6.350074,,3.675672,2.967533,3.928107
MDA-MB-231,7.664462,3.339745,4.693738,,5.573717,4.37314,5.123132,-0.691453,1.725672,0.931818,6.362859,1.072319,6.4820765,2.793226,9.903197,-3.721995,-2.117922,-2.420997,-1.854198,-4.527419,0.360563,3.976046,4.3483719999999995,-3.707783,3.832433,9.386559,0.013757,3.282899,-1.0086199999999999,4.173053,5.250366,3.225899,2.650707,1.987774,5.582633,-5.768815,,1.632655,0.227017,-4.014981499999999,-1.674471,,2.219435,-0.556441,,2.202836,3.121621,3.187885,4.38258,6.23565,0.110852,4.691279,-3.300868,-2.49938,2.463018,2.955033,-5.894741,3.498545,2.909617,3.757228,3.306965,1.655127,-4.508599,0.801646,-0.068557,,4.720144,3.265635,2.706397,5.396273,3.543207,2.495507,2.696302,,,3.595259,1.705282,0.389277,-5.680036,1.597941,2.192987,-1.022446,5.666631,1.414227,4.292429,3.981362,4.795672,2.497011,1.897285,5.306014,5.058453,5.585484,2.516826,5.256342,-2.03141,3.400678,1.664225,0.444982,0.788661,1.232819,2.036338,4.388864,5.904167,4.844773,1.588931,5.347324,3.264202,4.862305,4.229404,0.964533,0.966482,2.624816,3.062588,3.810832,0.912864,2.162369,4.714039,4.711197,2.189234,-0.713686,4.41877,5.521349,1.627578,3.519606,0.67865,4.01168,4.567252,3.644657,4.680312,3.94616,4.272283,4.669595,0.964653,-3.347778,4.806578,2.124456,4.613923,3.454595,3.364327,3.541615,3.056324,2.076737,3.57201,5.522704,4.599654,2.939776,4.311332,,4.468732,4.403162,4.525882,5.203989,1.31962,5.459771,4.784919,5.25905,0.943062,3.062829,5.897566,2.824849,5.195863,5.46327,3.7326445,2.959067,2.416985,3.199592,4.375312,4.476801,5.577579,4.182422,2.891931,5.530227,3.333257,3.364838,5.179879,1.553252,6.267278,2.974383,-3.425182,3.482103,5.535762,3.569127,2.89086,3.199076
MDA-MB-361,6.883694,4.343925,6.507671,,5.020808,6.172487,5.585249,3.591268,-0.185975,1.148375,6.41545,2.782184,-0.9899375,4.061805,9.728491,-5.912251,-0.998459,-1.829118,1.344776,-2.613268,2.685112,3.79899,2.2648,-4.030705,3.046576,9.380823,-1.006652,0.386112,-4.8287955,4.106018,5.73947,2.314119,2.610331,2.339912,4.619471,-4.215006,,1.777654,2.721303,-2.597876,-0.401254,,4.356549,4.072471,,3.982193,2.625092,2.086298,3.063908,5.855222,2.124647,4.971437,-2.705821,-5.645091,1.208593,2.936495,-5.365257,4.4064085,3.83131,4.337986,4.084031,-3.11997,,0.402369,3.201283,,4.865322,3.264442,4.986499,4.364724,2.864555,3.251811,2.131132,,,4.626456,0.273645,-0.447371,-1.451471,2.672835,2.343994,1.241429,5.574305,,1.638593,4.647495,5.290574,3.103315,4.335438,3.923337,4.899738,5.382884,3.4194655000000003,5.218918,-2.001338,3.093074,0.173949,0.775223,0.921763,2.01317,-0.670292,4.354306,5.445356,4.341236,3.489574,4.184133,1.560075,1.729168,4.861019,1.273406,4.034383,3.477169,4.651182,0.782329,1.728314,0.6599,4.46508,2.12137,0.692876,-1.079435,4.168469,4.085385,1.405304,2.572935,2.699399,4.441029,5.724103,3.95424,4.677466,0.160727,0.887004,4.361117,0.941157,-3.416448,3.892057,2.54832,3.565516,2.004473,3.627195,1.835442,-2.627532,2.273936,0.1283915,3.393992,1.956018,2.626083,4.121069,,5.253086,-0.035977,4.13749,4.654679,1.629932,5.052749,3.900146,4.866173,2.691169,4.488733,3.867001,1.770557,5.213575,4.775056,4.0053635,3.125587,0.971199,2.782146,4.362542,4.454434,5.304243,4.835832,1.924734,5.007897,4.084181,3.678555,-0.021124,0.646393,5.644991,3.48865,-4.081479,4.702387,4.215828,5.205063,2.479255,3.735874
MDA-MB-436,8.628779,5.613869,6.687057,,5.991013,5.027657,5.241076,1.295151,4.170117,3.074384,6.789914,4.502811,5.096821,2.706473,11.304055,-1.551155,-1.257174,-2.114033,0.459475,-1.641793,0.56864,4.656357,3.5179085,-2.611118,4.656436,9.253626,1.658319,2.119971,-0.9022865000000001,6.334876,6.516601,3.945477,4.756155,2.717678,6.186758,-5.737488,,2.77146,1.279894,-2.2304725000000003,-1.577823,,3.762075,6.667071,,3.241508,3.512652,3.725384,3.972224,6.192869,4.500248,5.282866,-1.420241,-1.631723,4.296132,4.956269,-4.63508,4.431252000000001,4.251041,3.940329,3.807564,1.432531,1.091169,2.093492,3.225782,,5.0549335,6.290385,3.827759,5.477079,4.333205,4.355187,4.682841,,,5.637154000000001,4.348121,2.334934,-5.632914,3.952765,3.81459,3.18625,6.896531,1.634423,5.065809,5.40619,6.330071,5.858879,4.05221,4.507531,5.822615,6.330071,2.290264,5.724533,0.894477,6.134961,2.228316,0.893558,3.415935,4.604449,1.957756,5.292571,6.289732,5.543694,4.41266,4.975036,6.290538,4.906957,5.068433,2.148705,3.848794,5.616697,5.92481,4.702928,3.272886,4.876268,6.018261,3.986003,2.805136,0.577684,2.967034,5.830868,3.93862,2.731499,3.774924,6.166239,5.274291,4.890706,5.636924,3.800081,4.943385,4.7604,4.322297,-0.223987,3.301317,5.271626,5.726886,4.076855,5.245304,6.068417,2.957502,3.774705,4.1016735,4.534315,3.405099,5.594539,4.491446,,4.556698,4.787777,5.5003,6.227638,2.089979,6.392917,5.325683,6.08107,5.60484,5.628291,5.134679,3.751176,5.608614,6.330071,5.0677305,4.908557,2.545879,3.260105,6.230738,5.375181,6.15348,6.266075,2.662429,6.216441,4.858328,5.125924,6.179191,2.350811,4.569579,4.254438,-1.055352,5.291783,6.152623,3.896117,4.710315,3.706756
MDA-MB-453,6.93542,2.294421,6.654323,,5.366668,3.486193,4.077021,0.440334,0.920836,-0.398372,7.617428,1.473045,-0.33420649999999996,2.082408,9.461281,-3.687263,-1.875994,-3.423225,-0.404266,-1.986796,0.143419,3.963428,2.6307720000000003,-3.703285,1.803451,8.258624,-0.380667,0.642081,-2.869993,4.397756,6.281272,2.954144,1.196423,1.833124,3.502495,-5.065409,,1.824658,2.000932,-3.026756,-0.869099,,2.516426,5.287056,,1.988061,2.466245,1.80056,3.160738,6.273957,3.927734,5.178649,-5.101987,-3.470203,3.88068,2.468669,-6.377954,3.9905869999999997,3.99173,4.375997,1.999886,-3.306606,-5.350677,-1.900256,2.340595,,3.69251,2.659301,2.995505,3.728969,4.570283,2.634172,-0.643237,,,4.970148999999999,1.31167,-0.551063,-4.824548,5.074122,2.688302,-1.094341,5.680646,1.791609,2.585393,3.808758,5.154883,3.437427,1.971008,3.476273,5.327703,4.81844,0.773481,5.051042,-3.136411,1.48655,0.831867,0.576677,2.531226,3.030912,-0.542573,4.828695,5.004932,3.07785,3.7094,5.474162,4.026896,1.742043,0.925413,1.321134,2.631142,2.035478,2.91824,-0.187575,2.435695,1.537301,2.693006,1.671585,0.761997,-2.041661,1.328991,5.55455,2.508463,0.898864,2.68052,2.603873,3.499823,2.911284,3.982083,3.320143,-0.051276,5.522338,-1.543731,-2.95442,2.216059,0.85411,2.541921,3.398154,0.815197,4.262705,-2.3478,2.141925,-0.25904150000000004,2.617882,2.898507,2.096508,2.598343,,5.028518,0.357483,5.532585,4.807087,2.182063,4.49932,3.384914,5.609114,0.359787,5.513269,3.183102,3.249886,5.097825,4.779392,2.75439,5.288415,1.230222,2.481056,3.917345,3.547419,4.002276,4.654827,3.34978,4.842082,3.528077,3.61796,3.524457,0.364769,6.279621,4.002167,-4.069109,4.526068,3.605928,5.22817,2.498189,2.972847
MDA-MB-468,6.118684,5.259658,2.598351,,4.561216,4.996551,3.399275,-0.715445,2.144176,1.639626,6.21106,3.79701,0.11312599999999999,0.890835,10.093728,-4.319647,-2.512764,-4.07495,-1.206953,-3.723727,-1.799283,3.990319,2.835067,-4.862179,1.829448,8.852232,-1.146315,3.132127,-5.562512,5.522785,4.532451,1.838553,1.309285,1.536305,5.120615,-6.172005,,1.547091,-0.280855,-4.525198,-1.907847,,1.777734,6.089812,,1.824781,1.971656,2.462772,3.451884,4.950247,1.644981,4.135068,-3.985506,-2.589535,2.256903,4.578123,-5.830278,2.466188,1.127883,1.329274,0.869938,1.034821,-4.369221,0.431968,1.358728,,3.326993,1.107465,2.390012,3.918849,3.827529,1.890549,2.255283,,,3.9371245,0.175353,0.332601,-5.96664,2.328686,2.067146,,4.820248,0.986111,1.143327,3.866116,5.299888,1.601547,2.879537,3.491208,5.45843,5.599757,0.7443500000000001,4.908544,-2.318403,1.897429,1.184915,-0.123561,0.284027,0.842247,1.299852,3.506114,3.271107,4.676684,-1.823356,4.412755,0.558042,2.923288,1.528797,0.973819,2.957772,3.148876,4.184028,2.75657,1.288035,1.251688,5.491855,2.544959,0.86226,-1.238411,1.81185,4.358756,0.927917,2.110441,2.392541,2.782421,3.432955,5.05674,4.406281,3.816183,3.101092,2.915092,3.735444,-4.294291,2.527668,4.18304,3.037496,2.114802,-0.398778,5.004252,2.218857,3.29295,2.9396275000000003,2.517438,2.095396,2.56773,2.616232,,3.632095,4.443571,5.2087,5.032871,2.521282,5.966174,2.539991,5.35036,2.469566,2.948224,2.947082,3.209852,5.046854,5.474646,4.2106765,4.120816,0.677481,2.767603,4.921721,4.011519,4.205124,4.124789,1.115455,5.302865,4.073877,3.417527,1.635177,1.166531,4.122713,2.424257,-2.806108,4.869108,4.473488,3.297753,1.358773,1.669465
MDST8,7.829245,3.758724,4.439817,,5.075459,3.926274,4.484085,1.912642,1.066572,1.08869,6.528183,-0.790921,5.022803,2.266256,9.256252,-6.604929,-3.738061,-4.38309,-2.895667,-5.00334,-2.870109,3.842918,3.3708929999999997,-5.423686,3.644002,8.570497,-0.539764,-2.958231,-4.8722069999999995,5.216036,4.49536,2.587737,3.929629,2.130245,5.452687,-5.457649,,0.674796,1.748172,-5.550744,-1.697148,,3.44967,3.755485,,3.674118,2.900246,3.097776,3.684402,5.906222,2.80903,4.294761,-5.526375,-5.879288,2.30132,2.246557,-6.213157,2.7086094999999997,,2.344333,3.326954,-1.729089,,,-2.992731,1.482733,3.8129625000000003,1.35633,2.849865,,3.317943,1.824807,4.814405,,,-0.18015550000000002,1.903239,-1.940235,-6.02967,0.42783,2.328983,-2.27211,2.211704,,5.344119,2.645488,5.011727,1.573142,0.457705,3.295054,5.465337,5.479571,0.087316,5.091044,-3.428908,,0.37355,-0.103657,-0.430516,2.50909,1.09313,3.732284,2.193347,5.3699,3.017332,4.546005,0.730618,2.069276,5.431211,0.839497,-1.504716,2.353424,4.661678,2.17124,0.584747,2.264624,5.090265,1.982129,0.694082,-1.782341,3.951368,5.427153,,,-2.028896,4.417769,0.951531,2.399334,4.070397,,4.231211,4.878741,2.29697,-2.937376,4.196852,5.114645,5.278352,2.037238,2.001124,3.178663,2.09693,3.39263,1.880048,,2.916499,4.742726,3.896032,,4.93363,4.764788,4.814445,5.732901,2.314098,5.476886,4.090876,4.985117,4.743771,4.389977,4.774953,2.315593,,5.384079,2.989679,4.629163,1.954236,2.903551,4.71872,4.682358,4.681392,3.78032,2.628286,5.428246,3.996806,3.807499,5.426815,3.715067,5.214003,2.33025,-3.473779,2.563221,5.214381,1.182935,2.115865,4.761782
ME-1,6.350486,2.617772,4.50306,,4.63707,5.802172,5.241291,2.470754,1.882487,0.746912,5.150002,0.419811,6.100879000000001,1.758588,10.497847,-3.443927,-1.770861,-2.414972,0.465575,-2.195012,-0.829808,3.561426,3.9449215,-4.132652,3.62709,9.394846,0.996352,1.637672,-0.669357,5.010221,5.225741,2.588179,4.817031,1.900965,5.169713,-5.461645,,3.496198,2.452759,-2.4600325,-1.101772,,2.572228,1.918304,,2.97328,3.2769,2.754384,3.381425,5.870654,3.422208,4.23173,-1.191976,-1.571537,1.541933,3.752606,-4.46984,4.79347,,3.342123,3.165448,1.870868,-4.546121,1.134302,-0.075472,,5.063737,4.735367,3.434345,4.994386,3.0671,2.596635,2.47667,,,2.411735,1.203575,0.332199,-1.363404,-3.593188,4.099957,,4.772682,0.766543,5.316845,4.01987,5.040891,3.543075,2.814812,4.576908,5.100582,5.079814,2.0179739999999997,4.666985,-0.808386,,2.585268,3.180191,1.62313,1.48804,3.441379,3.933539,4.941098,5.228323,4.468081,4.44241,4.97122,4.765207,5.238122,0.574549,2.110202,2.335234,4.842832,4.846012,-3.354188,3.419289,4.883621,3.9204,2.753778,-0.523865,3.936717,5.237728,2.757092,,1.900344,3.580229,3.224388,3.628684,3.669558,3.290768,3.565211,3.833728,1.372924,-2.722435,4.777595,2.883805,3.993677,-5.226023,-1.053635,4.655906,5.248458,2.424166,4.817609,,5.141149,3.121431,4.339512,,4.093308,4.842023,4.55086,4.901614,2.109533,4.895848,5.238122,5.14284,4.544975,4.820312,5.830948,2.934903,5.23058,4.465685,3.316218,3.468172,1.352197,2.369696,5.227907,4.535848,5.232583,4.933319,2.586114,5.238122,3.789667,5.237352,-0.641809,2.424094,5.840172,3.236124,1.138336,4.339723,4.294442,2.989708,2.363094,3.991982
MEL-HO,,2.91957,,5.28131,5.576519,3.69802,5.039798,,0.286309,0.422872,4.954692,,,,,,-1.191314,-2.179609,-0.549495,-1.031861,1.234173,,3.272698,-1.377436,3.264985,,0.904988,1.095974,-4.137508,2.980855,5.576744,4.135731,1.996921,2.446599,5.356038,-4.670678,3.705231,,,-5.398937,-1.253437,1.341247,1.829087,,4.459074,,3.887509,2.902664,4.029362,,2.858558,5.580735,-2.901984,-2.4028,3.201976,3.061762,,,2.886899,,3.731057,1.371189,-2.52199,-0.861087,-3.690601,4.267003,3.925687,1.776355,3.309985,5.017138,4.53346,2.036117,2.1662,5.580735,2.782354,-1.350166,3.139123,1.604472,-1.477237,2.036981,1.33673,0.620093,3.332723,,3.54785,2.395412,4.303384,2.760547,0.508305,5.128845,2.678691,5.310866,-0.091014,5.548453,-2.506381,3.442261,1.65117,,0.735046,,0.667136,5.743645,-0.421413,3.3574,4.044801,3.727564,4.810181,2.49085,2.85851,3.490184,-1.619553,4.089278,4.678762,1.014636,1.398069,3.974396,5.224062,1.790017,,,5.3234,5.470989,0.863636,2.624952,-1.980229,1.818158,-2.609678,3.941349,,4.259103,,3.326282,2.368011,-3.507191,4.293268,2.016535,,2.099778,2.385025,3.711704,1.450459,2.437237,1.403528,4.019084,1.678419,2.819115,3.672648,2.133452,4.348394,3.6765,5.574497,5.233329,2.34183,5.045273,3.558016,,3.174583,4.299023,4.655942,3.27815,4.274184,,2.272545,4.28145,1.105897,,4.707333,,,,2.132141,5.580735,4.368578,4.256157,,1.654669,,3.752487,-1.257871,-0.230053,4.382983,3.517611,3.099253,3.42587
MEL-JUSO,7.612557,4.476655,6.239067,,5.805988,4.999858,6.0812,1.73181,2.080472,2.439555,5.764661,2.305201,6.2694985,3.376057,10.099909,-0.764292,-0.742579,-1.147198,-0.584429,-1.683035,1.705475,4.147473,3.712741,-3.256201,4.126488,8.682029,0.60864,-2.246249,-0.552759,5.263043,5.530861,4.174587,4.093779,2.845241,5.44141,-4.030997,,3.791035,2.303646,-3.4066590000000003,-0.758633,,3.66336,4.12567,,3.055828,4.41526,3.245034,4.154822,5.490093,4.100343,5.807034,-1.632391,-0.853089,3.954939,4.460007,-6.1488,3.3863135,,3.761015,3.601047,-0.411721,,2.489603,-0.05401,,4.676471,2.284459,4.683475,4.497765,4.750127,3.211883,3.539772,,,2.9906165,2.889414,1.583881,-4.608862,4.080511,4.400055,0.094508,3.752968,,5.539973,3.431631,5.27488,3.14932,3.274563,4.447588,5.216083,5.807034,2.5811900000000003,5.406469,0.043299,,1.752853,0.939728,1.740643,3.111349,2.377222,5.274047,5.753852,5.556762,2.718912,5.273441,4.226408,5.257851,5.478213,1.007057,1.415647,5.156344,3.965882,4.66002,3.024606,4.506725,4.964664,5.448601,2.772351,0.469393,3.220126,5.321858,2.833644,,1.340237,3.072255,4.310835,3.729195,4.37128,3.279912,4.263472,5.284579,3.577036,-2.802625,4.006034,3.778351,5.736581,3.229098,2.079987,5.065674,3.069026,3.296087,4.033516,,5.557084,5.322339,4.110277,,5.641075,5.124717,5.807034,5.780319,1.726227,4.611917,5.280074,5.655937,4.215134,4.803262,5.532204,2.249033,4.801728,5.747354,3.671979,5.448795,2.474511,3.473036,3.587038,5.07358,5.021246,5.775475,3.761317,5.592618,4.628456,3.846292,5.014901,3.443509,5.529325,3.260637,-1.126478,5.087232,5.545629,5.308847,3.406594,5.239164
MFE-296,8.134155,3.779542,6.764043,,5.682996,6.961926,5.086196,2.127422,3.446305,2.925354,6.094019,4.028165,0.2860195,3.061273,10.144787,-3.321165,-2.01077,-1.219916,0.445361,-1.191575,2.279084,3.755711,3.5783585,-4.687762,3.956817,9.054517,2.832268,1.191641,0.07737599999999989,5.613892,5.053042,2.566385,5.946662,2.326318,5.679495,-3.579356,,3.633081,1.597326,-2.4794975,-0.552467,,3.998832,6.250558,,4.607511,3.498052,2.609992,3.268539,6.263224,3.182627,4.867051,-0.526769,-1.894652,3.680469,4.567627,-4.636037,3.541503,,4.896575,2.544542,0.695914,,3.126009,3.74586,,5.0812764999999995,5.674696,3.692526,4.72728,3.783813,3.650449,5.407269,,,4.689385,3.635276,1.180648,-2.752198,3.235795,2.924816,-0.64536,4.649243,,4.602363,3.636616,5.569417,4.939342,4.89239,5.021243,4.293257,5.687839,3.5913725000000003,5.685277,1.382283,,1.904656,0.126373,-0.215325,2.206308,2.694814,4.159856,5.421246,4.28493,3.044155,5.661537,5.42496,2.844847,5.56478,2.492293,3.047966,4.41492,4.807856,4.118111,1.627958,4.033609,4.238639,2.711675,3.159486,2.765683,1.496121,4.608275,1.546174,,3.774663,5.663677,4.572749,4.078401,4.858235,1.624917,4.347618,5.939927,5.003041,-0.363356,2.994628,4.96924,4.96456,2.428253,4.43236,5.572954,3.017911,1.602188,1.5688304999999998,,4.675798,5.456173,4.248455,,4.304667,4.792042,5.48881,5.210452,2.443614,5.258746,4.257674,5.674435,2.947291,4.742792,3.881861,1.108599,3.766908,5.30184,4.38292,4.173787,2.030872,2.909965,3.325118,3.697374,4.740517,5.03898,2.740747,5.487222,5.674702,5.287084,4.377163,1.265503,5.341952,3.075594,-0.386656,4.435,4.551059,3.698399,3.709607,5.473957
MG-63,7.734983,4.839138,6.955167,,5.669436,4.442263,5.233556,0.837105,5.114363,2.369447,6.305004,0.627299,2.1675635,1.540094,8.734715,-5.374187,-3.38936,-3.616909,-0.847705,-3.260368,-2.747856,4.227647,3.8348649999999997,-0.881265,4.077693,8.667162,-0.168949,1.076584,-4.816571,3.901304,5.854573,3.277004,3.299366,3.181383,5.318056,-5.857799,,1.641502,0.517861,-3.5246215,-2.053543,,4.125984,6.423663,,3.690168,3.27973,3.395134,3.84958,6.349214,0.081113,5.46243,-2.734699,-4.345345,2.897398,3.586021,-5.123704,2.867509,,2.515355,3.301541,1.006944,-6.884492,1.17774,1.558621,,5.2143865,5.62451,4.396359,4.315266,4.073971,2.607397,0.774601,,,5.0307794999999995,2.123301,0.62648,-4.047979,3.589794,3.645336,-2.815589,5.335069,0.641177,4.78864,4.45287,5.223482,2.547079,2.306057,5.3691,5.71395,5.771761,3.3980179999999995,5.169174,-3.230224,,0.638076,0.967271,-0.896225,2.967545,0.544067,4.239128,5.007223,5.690168,-0.508075,4.675598,2.173166,4.078009,5.489342,1.09443,3.631777,3.111505,3.935691,3.027565,2.228323,1.538125,5.714262,2.62166,0.676791,-0.914518,4.551912,5.480979,0.481272,,2.583429,3.496818,5.465924,3.47325,4.107673,3.913919,3.837577,4.11233,1.299981,-2.248584,4.696869,3.088101,3.03355,1.529736,4.806038,5.56408,1.091692,2.476175,3.678082,,3.538734,3.715263,4.641684,,4.455665,3.388273,5.009765,4.979534,1.722206,6.003075,4.77295,5.520697,5.147131,3.943219,5.843723,3.472438,5.084786,5.856555,4.6257675,4.027697,3.42693,3.100127,4.508501,4.893891,5.063443,4.40846,3.035924,5.245482,4.291868,4.256959,5.302665,4.416626,5.929195,1.907786,-2.609869,5.060552,4.478785,2.313242,3.439128,3.654005
MHH-NB-11,,3.498768,,4.526096,4.81823,1.48181,5.00355,,-0.746961,0.405494,5.753568,,,,,,-5.260783,-3.967997,-2.584363,-2.460079,-4.765724,,2.552909,-5.945338,2.337019,,-1.246057,2.330692,-5.282383,3.718596,4.763922,3.939175,3.680801,1.962317,4.553716,-4.922139,4.497987,,,-6.566106,-1.039374,1.756,4.030856,,2.733205,,3.034482,2.624934,4.802773,,1.53974,4.928307,-1.136993,-4.030048,3.307402,3.567501,,,-1.714874,,0.359234,0.704334,-2.118944,2.601153,1.242576,3.928232,1.200307,0.843932,-0.001455,4.663693,2.952154,1.900695,2.738937,3.798877,1.285701,2.720041,2.465276,-1.237774,0.841013,-1.073186,2.817397,-2.737795,0.852616,,3.818454,3.013523,4.746032,0.888283,2.384163,2.370939,3.873657,4.796464,2.499393,4.926645,0.176286,0.537419,0.405997,,-0.448984,,2.40046,2.278995,4.471947,4.248159,-3.465622,4.282809,-1.355894,3.44561,3.374245,-0.542138,2.116558,1.894608,2.007154,2.833398,-0.685555,-0.735422,4.259461,2.596389,,,3.85999,4.297569,-0.114505,3.183477,2.192082,2.038851,3.506653,2.38972,,1.008616,,3.39846,2.195923,-0.178196,4.629782,3.456551,,0.379281,4.832063,3.447718,1.72966,2.417095,3.634734,3.497601,2.882628,3.876884,4.38778,1.429049,4.434034,2.768691,4.128744,4.37611,1.791772,4.848747,4.429122,,0.745638,3.160848,4.243739,2.556347,3.946778,,2.100877,4.928477,0.530381,,4.59102,,,,1.646295,4.918704,3.296052,1.91753,,4.461379,,1.156992,-3.049496,4.23533,4.776532,-2.481669,1.739468,1.117013
MKN-45,8.297769,4.54,4.291489,,6.23883,3.785692,4.922157,-1.262406,3.323373,2.498693,7.939803,0.917482,2.968379,2.370448,10.458706,-3.35971,-2.25211,-3.551304,-1.169988,-1.009411,1.382462,4.648364,4.8423625,-0.386585,4.692637,9.120658,2.541997,-1.980923,-3.08392,5.773567,5.432268,4.677545,3.843156,3.221352,6.252198,-4.639559,,3.688921,1.386805,-4.149443,-1.284861,,2.37752,5.655688,,4.820704,5.007654,2.723115,4.746454,6.816144,4.174122,3.528107,0.076851,-2.163151,4.665141,3.981057,-3.652846,5.626107,,4.859562,4.921175,-1.261627,-5.105199,4.006593,-0.556546,,2.5390059999999997,3.723527,2.716994,6.289073,5.095799,3.156897,2.304688,,,2.222632,2.889857,-1.161593,-3.360374,6.186862,2.831419,1.150161,2.257804,-0.101877,6.730462,5.229679,5.361102,-2.030693,1.822974,6.534883,6.217269,6.300083,1.383939,4.910219,-2.009918,,1.112142,-0.387432,-0.20054,2.150679,1.122923,5.355787,5.577686,6.023518,2.343772,4.552008,1.232198,2.66892,6.303123,0.343217,0.083386,3.344568,4.556367,2.426364,6.066062,3.977705,5.743943,2.188992,0.930075,2.321522,5.0701,6.082683,-3.332403,,0.876494,2.061661,3.891069,3.486212,5.600384,0.628184,2.097846,5.983062,3.906666,-3.426211,4.935144,3.29873,5.718176,3.507744,3.041774,2.917518,2.312786,3.613795,1.0247725,,3.716651,3.836263,5.072336,,5.504641,3.163629,5.404707,6.097589,2.655629,5.726284,5.232041,5.784048,0.621527,4.612791,4.726631,-4.723908,6.30076,6.301077,3.970316,4.91834,3.988849,3.463837,3.716849,4.739955,5.592347,4.36923,3.996729,6.19126,4.463585,4.201908,6.309179,1.652026,6.409712,4.459308,-1.907201,5.396644,5.717426,3.878491,2.299148,3.379393
MKN1,,4.988701,5.038637,,6.129569,5.341705,6.059449,-0.012193,3.13553,2.043269,6.644716,4.630093,4.3753985,3.438568,,-2.164551,-0.938488,-2.005082,-2.006745,-2.48917,0.184638,4.629524,3.938937,-0.749433,3.099706,,1.060628,,-4.029859,4.89416,5.021353,2.155902,2.591763,4.711203,6.297232,-5.057832,,2.294214,-1.468138,-2.7625295,-1.829113,,4.468492,4.630431,,2.708923,2.501928,3.490598,3.794774,6.544466,0.027692,5.920125,-0.847418,-2.382506,1.790348,4.76141,-5.279726,3.3700615000000003,,3.534209,2.715847,1.869243,-3.613854,1.199971,2.611049,,4.359958,,3.898128,5.019893,5.065523,1.477833,0.783548,,,4.986623,0.870129,-0.988214,-5.814533,3.59201,,-1.085472,6.083677,1.441982,2.308915,4.302535,6.136056,2.469723,4.351977,4.240764,6.027349,6.310738,1.7975979999999998,6.019227,-1.995694,,0.866256,0.900641,4.195569,2.073463,0.000766,5.38678,5.140677,5.859899,0.630321,5.325425,2.699468,3.430293,4.549744,-0.164972,3.126078,2.882255,5.245206,3.020416,2.601054,2.560799,5.142519,2.558859,1.264119,-0.745916,4.60151,6.235364,1.282077,,3.822924,2.919711,5.239579,4.468572,4.933755,2.993676,2.816537,4.251372,2.195602,-2.217238,4.648221,1.682759,2.760945,3.201284,1.731766,2.87854,-0.405045,3.705737,2.71118,,2.957505,3.419526,4.734649,,4.46738,1.544633,4.783463,5.516133,,6.599774,4.719236,5.749726,2.816258,3.573398,4.96358,4.008153,5.124475,6.310738,4.257592,,1.738011,3.410581,2.932482,5.507232,5.858634,4.442321,2.083144,6.201699,3.601112,5.08622,5.399609,2.038345,4.858077,1.888935,-0.600982,,4.879886,6.052571,2.397205,5.370755
MKN7,,5.672045,,5.403491,6.254204,6.704897,7.868476,,0.671573,2.098369,7.360113,4.498801,,,,1.143409,1.048572,-1.806796,0.531155,-2.106415,4.061866,,3.340966,-0.097441,3.010171,,2.507495,3.612743,-3.069522,3.144238,6.54371,3.666721,2.071877,4.347463,6.399519,-4.907885,5.977529,,,-3.649882,-1.600937,3.236852,3.836291,,6.021309,4.836197,3.127143,4.140153,5.167468,,1.020603,6.562782,-0.928459,-2.455378,4.393251,5.619787,,,5.439479,5.527629,5.223755,3.012252,-3.464002,1.471333,2.337528,6.135781,6.20712,3.625296,3.376141,4.852704,5.855222,2.998389,5.361952,5.415644,4.080518,3.647843,1.95968,0.208689,-3.959469,1.884038,4.119896,0.606955,6.719739,,3.616955,5.017488,4.552315,4.592628,3.148791,5.040406,4.937331,6.540595,3.895176,6.241157,-0.047456,4.641119,2.28468,,3.336803,,2.513503,5.493526,3.89885,3.923439,3.140201,6.188573,2.796051,4.527401,3.644413,1.003881,3.121567,5.454981,5.483835,3.310748,2.678678,1.902145,5.893734,3.471624,,,6.211004,6.533069,1.490314,4.956146,2.581537,4.681472,6.163159,4.162323,,1.653519,,4.297832,3.341693,-1.561076,5.438236,5.919796,,3.784958,2.458768,1.839888,3.210429,6.532116,4.792347,4.402955,3.185286,3.013185,6.258322,3.574201,5.826058,3.86896,5.667709,5.702113,2.931215,6.793286,5.261221,,2.87473,4.226081,4.273824,4.638247,5.132951,,3.861099,5.539816,0.972761,,6.546869,,,,2.529048,6.537473,5.465475,2.756601,,3.440278,,2.985591,0.679306,5.438101,5.672883,5.208017,4.178314,4.041652
MM1-S,6.486528,3.063759,2.257846,,4.37814,3.688409,4.533891,-3.842847,-0.358511,0.453428,4.901009,2.829771,4.626086,3.25558,9.316959,-5.444509,-3.797156,-4.831981,-2.598263,-3.843409,-3.170332,2.194833,2.2726040000000003,-5.294142,2.809203,8.597636,-1.728989,-2.977543,-5.103574,4.431445,4.426035,2.416852,3.454022,1.888936,2.002463,-5.81109,,1.909725,-2.037189,-4.0911715,-1.942447,,2.383723,3.037817,,1.640756,2.978012,1.429217,2.846914,5.123231,2.616314,4.439209,-3.423994,-4.820645,1.097155,3.532236,-5.291306,2.1528955,,1.735258,2.426791,-0.380623,,-0.296839,1.488774,,2.6816955,2.802622,1.791653,4.248099,2.486356,2.18604,1.022434,,,3.5190910000000004,1.492399,-0.539572,-5.67808,-1.141422,2.329801,-3.291592,1.57501,,3.675469,1.678455,4.098541,1.645449,2.371604,-0.870074,3.137623,4.438498,2.0895200000000003,4.012612,-2.965561,,-0.073745,0.682258,-0.283524,0.401765,-0.937089,2.754378,4.308777,4.303186,4.21203,3.694295,-3.20939,-0.920908,4.017924,-0.515819,2.619776,1.868194,4.281629,-1.259602,-0.603906,3.45892,3.918829,-1.450879,-0.655794,-1.747812,1.990933,4.187817,0.378625,,2.088779,1.641204,1.866438,2.829771,2.835262,1.180213,-0.652162,3.513826,-0.958937,-3.819876,2.110318,1.551062,4.438303,0.780591,0.795989,3.047144,-2.047938,1.596226,-1.8277335000000001,,0.885357,2.189486,2.597051,,4.335335,0.227577,3.396843,3.411269,1.443477,3.679387,2.489617,4.350787,2.100352,4.43913,2.965629,1.185536,4.439209,4.283822,2.5223105,2.584178,0.862097,2.060424,2.888811,3.191661,3.166656,4.108091,2.098592,4.438931,2.759164,3.914971,1.821641,0.494465,3.882072,-1.332073,-3.713881,3.746062,2.943809,1.330904,1.922358,3.046435
MOLM-13,6.392501,2.469186,0.036296,,4.009301,-0.00069,2.626391,-5.016271,-0.775709,-0.925841,4.081828,-2.239314,3.7219935,0.24164,9.387243,-6.348979,-4.890003,-5.896063,-4.594981,-6.182643,-4.664509,1.558443,2.3330995,-6.537461,1.053025,7.766717,-4.991305,-4.426487,-6.4909685,3.722457,3.504729,0.167648,2.400169,-5.47321,2.963331,-5.986802,,-1.2484,-4.129882,-7.356721,-1.961173,,0.971198,1.410068,,2.654852,2.333649,1.597485,2.091233,4.688067,-0.279461,4.161328,-4.536417,-6.025957,-0.175857,-1.412694,-6.337036,-0.094687,,0.117777,-0.216832,-1.986117,,-6.100819,-1.500049,,0.12663549999999998,-0.865842,1.212042,3.377572,1.062321,1.348834,-1.474109,,,1.483603,0.488698,-5.885914,-4.588891,-4.164004,1.427577,-3.980439,-0.867722,,2.548399,0.390974,3.984222,0.051476,0.124716,2.78738,4.161328,2.22127,0.5623374999999999,3.15722,-4.034742,,-0.392013,-1.399027,-3.048084,-0.404312,-0.266002,2.037451,2.870757,2.834691,-3.382373,3.483529,0.071168,1.679231,0.174456,-1.983065,-0.414569,1.685219,0.665638,1.073777,-1.815644,-1.22012,1.888243,0.009706,-0.792414,-2.19947,3.344757,3.594447,-5.850523,,-0.788906,0.325814,1.8261,0.927944,1.51264,-1.075815,1.756127,3.068682,-2.182382,-4.184078,0.44739,-0.105131,-2.981363,-5.781803,-3.675784,0.344709,0.816954,-1.254704,1.1535115,,1.703873,2.203626,-1.871255,,3.261793,2.131114,3.638094,3.420512,1.160057,3.16429,2.129051,3.824214,-1.762352,-0.416449,3.451205,0.6097,2.643126,2.285848,2.0688695,1.851109,-0.414849,1.567264,0.455668,3.378604,4.15067,3.724049,1.573621,4.158413,1.99383,2.845499,-2.78214,,4.667684,-2.118883,-4.877104,2.594503,2.783619,-1.100475,1.374546,0.337405
MSTO-211H,7.590794,3.494522,3.643533,,3.820593,6.179917,5.317663,-1.435564,0.935098,1.164039,6.44273,-1.214629,4.745338,2.448646,10.944893,-0.086552,-2.666425,-1.90753,-0.418457,-1.496438,-0.955529,4.055894,3.1299349999999997,-3.036107,1.516733,8.361937,0.568421,-1.439456,-0.821577,5.421314,5.724558,2.40471,4.61591,1.648623,4.295719,-3.929894,,1.785381,-0.330233,-3.5071145,-0.83583,,4.02176,4.236302,,2.651197,2.153196,2.796061,2.43333,5.449766,4.096456,4.482657,-0.833403,1.206451,2.661051,4.378395,-5.607655,2.735468,,3.898608,3.277932,0.605625,-2.311082,3.501037,0.854812,,4.773122,3.900088,3.123947,3.907554,4.999781,2.379704,4.845512,,,3.5467674999999996,4.290478,-0.251112,-2.572555,0.484042,3.424872,3.509434,4.949179,1.861856,3.882876,5.052651,4.69069,4.824373,4.825887,3.922936,4.794004,5.81193,2.1261985,5.812019,-0.475039,,2.347799,0.682972,0.671441,1.669867,2.118723,5.046008,3.510475,4.958928,2.832827,4.748512,3.738451,3.920693,3.93599,2.611904,1.829384,5.385175,3.212614,4.8307,-2.120861,1.494027,4.454719,4.062044,0.114483,2.364011,5.351391,5.717732,1.505202,,3.210135,2.35528,4.580102,3.841267,4.844307,2.349691,2.170075,4.760974,5.77703,-3.066042,3.459218,5.692716,0.475139,2.984999,3.096751,5.63535,3.221063,0.710901,3.7862135,,3.217147,6.394338,4.247827,,3.812998,4.880798,5.52614,4.652004,2.329922,4.813641,4.31202,4.763445,2.397582,3.138159,4.285935,3.499037,3.407837,5.812019,3.3944915,5.306453,1.416285,3.50844,5.511044,5.039113,5.504453,4.735061,2.718706,5.805244,3.096997,4.749559,3.898286,2.681793,6.135007,1.004899,-2.354741,5.036513,5.799873,3.564657,4.856717,5.812019
NALM-6,6.922481,2.297323,1.070599,,3.926794,2.339071,3.55623,-4.015299,0.079741,0.778797,4.091637,-3.713139,5.783397000000001,1.966572,10.020172,-5.800837,-4.839854,-4.882941,-3.787816,-4.649318,-5.25155,3.135168,3.479366,-5.56094,2.680188,8.328214,-2.30517,-3.589567,-5.4483065,4.715786,3.181681,2.697502,2.033546,2.172662,4.498972,-5.362801,,-0.682213,-2.441967,-6.417263999999999,-1.462166,,2.006348,-0.288981,,3.995121,1.850583,1.538756,2.436391,2.52458,-0.336485,3.74711,-2.816967,-5.696938,1.617868,0.39543,-6.253882,1.5450845,,0.504128,-0.057645,0.659619,-7.546061,0.051331,1.263436,,0.88622,-0.749388,2.023494,4.744606,2.510594,1.313905,-1.095937,,,3.3902635000000005,0.727928,-2.07253,-6.085842,-0.262834,1.73614,-4.796422,0.718652,-0.098312,3.156009,2.696317,3.904162,-0.281473,2.017523,3.386858,4.744606,4.744606,1.0027465,4.728351,-2.537578,,-0.005524,-1.271639,-1.161081,0.325906,-1.78357,1.521762,4.261396,4.376049,-2.226122,3.899954,-0.012068,0.915901,3.053362,-0.637539,1.934793,1.754945,0.740411,-0.723063,-1.100036,0.086367,2.987669,0.538273,1.991231,-0.573724,3.858799,4.217035,-0.884089,,2.026796,-0.037872,3.565031,1.700743,1.861304,2.068923,0.197527,3.415399,-0.797486,-4.221251,2.913908,0.225744,2.673769,-0.965478,0.537307,0.578052,-2.199108,2.165054,-0.1607555,,0.077274,1.743072,2.23442,,3.012915,1.020661,4.35659,3.555161,1.746431,4.728417,2.973255,4.737093,-0.334188,1.527928,3.172497,2.413317,1.917987,4.744606,2.500839,2.270489,0.844149,2.439973,2.603281,3.537168,4.1836,2.721488,1.812064,4.737039,2.505114,1.943091,3.69932,2.745008,5.401416,1.172622,-3.97653,3.10065,3.256372,-1.178219,1.672011,1.70374
NAMALWA,6.176031,2.662736,2.486194,,4.607103,3.015935,3.216805,-2.667359,-0.226023,0.389694,5.356713,-3.068213,5.723712,0.370594,9.311872,-5.808379,-4.954537,-5.088043,-3.866443,-2.20416,-4.925051,3.016006,3.6040229999999998,-6.464814,2.859167,7.520582,-1.82272,,-5.9541085,4.612975,4.615667,2.064284,2.868717,1.834087,4.442063,-5.665382,,-0.880041,-2.845378,-5.340592,-1.93611,,2.410963,1.99142,,2.772419,2.981843,0.555307,2.96888,5.318591,0.553217,4.062094,-3.806953,-5.327803,1.09391,1.919853,-5.944861,2.347989,,-0.597402,0.971835,0.035225,-7.076549,0.166117,2.548338,,1.0376785,1.037369,1.945262,4.432271,2.907821,1.116724,-2.020181,,,4.0226935,0.902223,-2.007441,-5.824722,3.212254,1.710726,-4.759233,4.41658,1.089049,3.056296,2.894459,3.655164,0.821339,1.88539,2.933831,4.625444,4.611522,2.1794125,3.745401,-3.043291,,0.251297,-0.634043,-2.025038,1.228873,-0.255147,2.388979,2.7508,2.939954,-1.040691,3.566461,1.115995,1.975376,1.941227,-1.072434,2.739067,2.304931,0.652648,1.547832,2.465983,-0.55465,3.977806,1.691712,1.632495,0.071936,4.129932,2.630874,0.611989,,2.615135,0.213434,2.077289,3.016006,3.477399,1.616303,1.349735,3.240467,0.310819,-4.18563,2.792113,-1.121575,3.189315,0.894619,0.179312,1.486649,-0.191384,1.258134,0.913742,,1.734605,1.421377,2.096266,,3.86939,1.651313,4.416134,3.367437,1.629256,4.158762,1.948828,3.497658,0.901568,1.006085,2.734894,0.819289,4.190285,4.625444,1.663372,2.320834,1.021101,1.68056,1.883197,2.383249,2.799847,4.454521,2.575794,2.863992,2.17952,1.713594,-1.692606,1.108477,5.318591,1.410213,-4.164589,2.368458,1.850525,-1.217082,1.8896,2.223086
NB-1,6.255296,4.279845,1.666075,,4.670257,2.818394,5.515979,-2.197012,1.767845,0.678254,6.338847,-1.10539,5.5279175,1.883011,10.255097,-5.646987,-4.445893,-3.783285,-2.109354,-1.885003,-2.969588,3.050856,3.4488459999999996,-6.525849,3.054391,8.704986,-0.577984,0.446593,-5.142074,5.104152,4.873083,3.297008,4.341215,3.568657,5.271133,-3.941076,,-0.782271,-1.858185,-4.7817989999999995,-0.942835,,3.434074,5.895426,,1.902833,2.40448,1.995372,3.446893,5.746101,2.644976,4.74559,-2.627566,-3.69104,3.223334,2.594534,-4.650678,2.8641699999999997,,1.697201,0.04097,0.107098,-7.471231,1.505451,-0.043257,,3.240694,1.295018,2.325601,3.806009,3.073894,2.02973,1.703906,,,2.416564,1.880539,-0.038999,-0.812369,4.150365,3.597105,-3.996195,1.450212,0.028165,3.446591,3.242483,5.008529,1.012716,1.83323,0.849336,4.265033,5.272149,0.3692895,4.17283,-1.242858,,-0.532867,0.775574,-0.762161,1.338284,1.115876,2.156743,5.328309,4.836555,-2.918582,3.752543,-1.632302,4.876553,5.265126,0.355173,1.618447,2.614691,1.287701,3.043019,2.861308,-0.871428,4.684888,3.838376,1.521716,1.169052,4.679246,3.5073,-0.192845,,1.133894,3.076807,4.577337,2.509645,4.244972,2.544515,3.574062,5.509051,1.80361,-3.939417,3.61755,2.846382,3.623289,2.192812,4.635534,5.016263,1.44257,1.746029,4.439864,,3.541156,3.51648,3.534183,,4.08619,2.759285,4.810407,5.046086,1.685735,4.933595,3.143658,3.943815,3.308666,3.231291,3.969835,2.020132,3.980577,5.272149,3.5684804999999997,2.88756,1.749787,2.521927,3.721445,3.248036,4.64049,4.469299,2.650902,5.257504,2.280623,3.603938,4.050413,1.260477,5.389037,-0.546126,-2.480641,4.535948,3.418658,-0.930796,1.437286,2.590614
NCI-H1048,6.578377,5.503423,2.653207,,4.146397,3.43072,4.170472,-1.721059,3.096103,3.026945,6.204498,0.472677,6.0143705,2.720811,9.170717,-4.703754,-4.366197,-1.501765,-2.419618,-2.870212,-2.860624,3.176212,2.860861,-6.211187,3.784189,8.262648,-1.17128,-1.395681,-4.317359,5.40599,4.5896,3.612648,5.114397,2.485853,5.134623,-4.402542,,1.48883,-1.633358,-3.9275444999999998,-0.746575,,3.764526,3.007413,,4.369299,2.954308,2.850935,3.131731,4.867379,3.263936,5.396366,-1.075795,-4.251538,3.439263,4.784847,-4.034887,1.9862335,,1.96382,1.302592,-0.794976,,1.167865,2.64987,,4.9270435,1.219798,3.458994,3.81896,3.4818,3.119105,5.300637,,,4.8342375,2.185585,1.026292,-4.166169,-1.497486,4.357954,-3.281798,4.776343,,5.590619,2.919486,5.380541,2.364532,4.562826,4.599275,3.818037,5.752758,3.1013645,5.629053,-0.427982,,0.214844,0.955444,-2.318398,2.398873,0.824825,2.774288,5.166468,3.91667,-0.722817,5.37292,0.898582,2.650608,5.256401,0.099382,3.753769,5.398572,3.31273,3.000984,-2.871803,0.83272,4.558984,2.067602,2.179653,2.334223,2.731042,5.083952,-0.04575,,4.137236,5.374987,5.339396,3.796552,4.712843,4.030697,2.291686,4.318917,2.823901,-2.900672,2.707941,5.405398,3.736202,-0.871175,2.078788,4.863307,1.243775,2.186668,2.199358,,2.449947,4.867771,3.361157,,3.418955,2.275334,4.545317,4.976719,1.77061,4.95131,3.817539,5.078349,4.710182,5.342464,3.979841,0.861417,4.803179,5.543569,4.2464835,4.412575,1.579578,2.467589,5.384888,4.088942,4.633601,5.370032,2.766489,4.800506,5.015763,4.283761,4.557972,3.103922,4.27868,2.911451,-1.845995,4.958248,5.047171,0.081678,1.938534,3.059709
NCI-H1092,7.819186,5.709385,5.479431,,6.138625,6.775367,6.402921,1.747352,1.496537,0.914195,7.072323,4.550287,6.964734999999999,5.21109,9.93116,-1.841678,-0.639442,-0.765162,1.485899,-0.644734,4.711271,3.838413,4.8723485,-2.192954,3.529051,6.988544,1.660915,0.538379,-1.4603125000000001,5.825122,5.822058,2.574041,5.512075,2.661378,3.997536,-4.884608,,1.15857,2.031914,-1.7908385,-1.429061,,4.11281,6.85087,,3.395689,4.891159,3.771706,4.211952,6.855807,4.611441,6.113228,-0.911391,-2.529172,2.962883,5.236733,-5.029386,6.0722085,,4.898828,3.393702,2.495556,,3.015014,3.789172,,5.305804,4.887611,4.256663,4.242711,5.843658,3.929558,6.123897,,,6.4194045,3.132601,2.434393,-1.635957,-0.215908,5.412056,-0.702843,6.186854,,4.446259,5.635599,5.649772,4.629042,5.209497,4.233599,6.159123,5.770609,3.5111795,6.019279,0.980553,,1.506758,1.330083,2.992843,3.217819,3.415997,5.635696,6.438491,4.600567,1.761769,5.963218,3.782938,6.078859,6.042629,1.824011,5.145482,4.8165,5.662803,5.10018,0.3821,4.466881,6.067813,5.621489,5.493013,2.047061,4.70663,6.138204,2.283554,,6.395645,4.230894,5.927708,4.477017,4.534795,4.134312,4.884262,5.028538,3.968975,-1.043952,5.537756,5.6799,5.397795,-0.104134,2.131137,6.141248,4.157664,3.240662,4.43419,,5.47601,3.301017,5.514562,,5.133951,5.169349,5.789874,6.391545,3.146102,5.862957,4.702981,6.12203,5.053451,5.08823,4.662331,3.328785,4.613588,4.040689,4.4120225,5.873598,2.283343,3.273152,5.195422,4.162262,5.429578,5.264862,3.770021,4.569334,5.476057,5.978868,2.39563,4.230534,6.459338,3.111868,-1.759522,5.469513,5.034818,4.698515,3.759946,5.488564
NCI-H1105,,4.201955,,4.347346,5.413249,4.689059,5.269566,,-0.507533,0.622045,5.2181,,,,,,-4.793972,-3.004552,-0.062701,-2.031489,-1.642397,,3.390499,-5.719149,3.125405,,-0.081304,2.649276,-3.743549,4.533803,5.965602,5.127234,4.953851,2.602097,5.304973,-4.594264,4.359787,,,-4.549221,-1.276072,2.50032,4.594573,,4.639462,,,2.259911,5.846539,,3.889739,5.946959,-0.091089,-2.803131,2.563665,5.054457,,,0.325581,,2.315489,3.479149,-1.324031,2.503007,4.079659,4.680333,2.804809,2.296274,3.466601,5.370376,4.263074,5.436495,3.276029,6.005694,2.418978,4.413544,3.019823,1.731855,-4.308609,-2.083501,3.673245,-1.254305,5.392048,,3.568182,3.613253,4.561075,3.208557,4.900255,3.990368,5.060214,5.955447,5.237582,5.430376,0.046914,2.412997,3.100607,,-0.057261,,3.594476,2.495303,4.785401,4.881591,0.896281,4.045064,1.611325,5.031182,4.721476,0.281551,5.279692,2.742864,2.860858,3.517244,-1.987847,2.22371,5.455743,4.119806,,,3.283666,5.568845,2.66156,4.717499,4.863355,4.912836,5.187592,4.396256,,3.716116,,4.55416,3.063235,-3.426836,3.599847,3.294836,,-0.375549,2.250188,4.841862,3.507504,5.949311,3.621611,2.911597,5.414945,5.905481,3.79096,1.316277,5.125492,4.103309,5.48261,4.317968,2.708928,5.110894,4.937954,,4.025085,5.526792,4.078951,3.693,5.238451,,3.411709,3.958246,3.26801,,5.378837,,,,2.925137,6.005633,5.036546,4.464663,,3.338671,,3.292965,-0.5755,5.133738,5.507256,0.554355,4.140568,3.477221
NCI-H1341,7.099413,4.186201,,,4.293896,5.174987,,,,0.963081,6.846057,1.135028,,2.326517,9.57399,-1.560893,-3.020549,-2.518605,-0.446477,-3.055723,-1.967558,,2.671177,-5.113193,3.304706,9.509499,-1.537799,-1.925069,-3.82695,5.427991,3.480959,0.656621,4.209775,2.098241,4.617181,-4.360812,,0.697152,,-4.203427,-0.728753,,3.806121,,,3.533008,3.592866,,3.608066,,3.461493,3.919724,-1.235937,-1.573247,3.375283,5.017346,,3.816954,,1.022023,2.282247,-1.272214,,0.932306,2.091861,,3.046348,5.02272,,4.947458,4.738467,4.14519,,,,4.949857,1.864366,-0.792164,-4.506025,-0.732693,1.891511,-2.597733,5.548047,,4.522232,3.496854,4.76386,1.699743,3.198301,4.922067,,3.41701,3.8285195000000005,4.742833,-1.032357,,1.830419,-0.950784,1.026786,,1.285126,3.048461,5.122189,,0.018923,4.671247,-0.163993,4.147573,,-0.073693,3.612667,4.87273,,2.676655,-1.750058,,,3.022011,,-0.434157,,,0.109938,,3.280505,,5.22201,3.74673,4.254594,1.671651,,4.619336,1.48869,,3.565674,,,0.266039,,3.647605,1.731267,0.748504,2.863671,,2.541534,,,,5.275391,3.852176,4.802218,5.317466,2.107712,5.393447,,,,,,0.543472,4.24088,3.976839,5.424617,3.305574,1.723656,,,,,4.33433,2.527829,,4.889694,5.428426,,3.406664,,1.95699,0.022335,4.559392,,1.643503,2.541355,4.246526
NCI-H1435,7.038095,4.326363,3.626035,,4.868369,6.083408,5.286594,3.758719,5.001148,1.950716,5.319093,3.444339,3.6936665,3.988874,8.507769,0.185147,-0.931806,-1.8457,2.076164,-1.152263,2.45928,3.45826,3.486477,-3.130009,3.205247,8.120575,1.282823,1.486668,0.4507645,5.048422,4.701617,3.074526,3.703627,4.458029,5.067698,-1.14691,,3.005214,2.17793,-1.3987874999999999,0.216448,,3.249137,3.819986,,3.709042,2.82652,2.632489,4.55329,5.640049,2.462773,3.882306,-1.855278,0.433572,2.56385,4.287581,-5.680968,4.3582895,,4.532957,3.772878,0.822399,-3.340449,0.913206,2.615692,,5.653498,5.06249,5.003216,4.936426,3.684796,3.634595,3.598166,,,4.5128520000000005,1.531175,2.215974,-3.159253,0.570039,1.89104,0.269282,4.959895,0.955736,3.899416,3.780429,3.989316,3.522454,3.560779,4.536927,4.999313,5.067698,1.972661,4.423385,1.213034,,3.307017,0.91954,5.067698,2.061043,1.629859,3.704982,4.689943,4.123351,3.986994,5.015773,5.038194,3.695303,4.932594,2.449049,3.679949,3.03962,4.977445,4.327297,-0.87796,4.992426,4.553895,4.326122,3.751933,,3.785919,4.196244,1.114578,,2.967253,4.471766,3.218569,3.456442,,3.71356,3.341824,4.619601,4.214929,0.395017,3.493633,4.614241,5.054046,2.764285,1.915242,4.266642,2.580547,2.218468,3.6778055,,3.695895,6.052069,4.57979,,5.015756,3.952193,5.031938,4.804071,1.629124,5.30538,3.98491,5.021885,4.374523,3.831916,4.656458,2.41022,4.058281,5.067698,3.2975179999999997,3.96435,2.21542,2.689352,4.690165,3.94291,4.997053,4.855566,2.440819,4.929723,4.948117,4.399866,5.067698,1.52106,5.191969,3.928726,2.647044,3.761597,5.016495,5.067698,3.630959,4.912448
NCI-H1436,,5.31823,,3.955609,5.188569,3.2224,4.601035,,0.317849,0.751895,5.659165,,,,,,0.727596,-4.340056,0.885275,-2.375103,3.106999,,3.100503,0.146673,3.485631,,-1.089544,2.903488,-5.020069,4.167955,5.401156,5.356752,3.582914,1.926361,4.101594,-3.602782,5.399435,,,-4.54665,-0.723915,1.746946,3.477846,,4.936893,,,2.412865,4.514509,,2.580158,5.405431,-1.659935,-4.895819,3.77962,4.445294,,,-0.797609,,1.349178,-0.062282,-4.370829,2.353111,4.41,1.926542,4.461978,0.35775,2.41394,4.788107,3.197681,3.953826,4.024915,5.055869,1.56382,5.344208,4.332812,-0.633064,-5.580692,-0.820343,3.873991,-3.607457,4.668119,,4.711896,5.098002,4.920622,1.485423,3.730402,4.240521,4.654555,5.405431,5.155434,5.304574,0.593632,-0.470123,1.057579,,3.080844,,2.387733,3.948354,3.936389,5.029716,-2.283109,5.305686,1.209066,3.504499,3.510934,0.02748,4.600946,1.667904,4.796933,2.803242,-0.962346,0.857431,4.905503,3.36985,,,3.736741,5.115695,0.046652,3.37824,4.913951,4.413868,4.816584,3.787201,,2.242733,,4.542056,3.678257,-3.123774,3.87569,4.757578,,1.850259,2.073011,2.436158,2.135156,3.898543,2.805324,3.083839,3.283278,5.055064,5.104042,2.191555,5.172312,3.016787,5.232771,4.672264,2.323189,5.121455,4.669207,,2.951316,4.65894,4.438616,3.102846,5.2344,,2.985796,4.57102,2.021133,,5.263531,,,,2.62904,5.361277,3.771412,4.188676,,4.05388,,3.754283,-1.860652,4.712284,5.392955,3.957261,4.738026,2.503878
NCI-H1437,,3.236108,,3.721173,4.879288,2.2076,4.717305,,-0.137991,0.90401,5.599507,,,,,,-1.839524,-5.171533,-1.216439,-2.029482,-0.712924,,3.164287,-2.592282,2.271589,,0.222511,1.657079,-6.55891,2.130754,4.848267,3.568377,2.44846,1.651107,4.878287,-4.649177,4.488768,,,-5.270551,-0.646029,1.509207,2.52913,,2.327454,,2.891094,2.178774,4.711483,,2.212564,5.189223,-2.879916,-5.077501,3.749066,1.836728,,,1.377276,,3.10987,-0.889709,-2.871068,0.399662,-1.30697,4.973859,2.854633,1.29899,1.388882,5.131117,2.492773,2.395472,0.639432,4.770873,2.507735,-0.12673,2.94428,0.538918,-4.319579,3.15458,2.188521,-3.085515,4.090921,,4.447803,3.012633,4.239459,2.20107,1.025805,2.613372,4.734555,5.458157,1.168376,5.486038,-2.115981,2.756211,0.736705,,0.113738,,0.384992,5.361237,4.517708,4.891411,1.835673,5.25285,0.864707,3.326183,4.506103,0.531625,0.18506,2.872227,4.037508,2.003261,3.650027,0.29475,5.09008,2.422865,,,4.37823,5.481013,0.724453,2.822582,-0.356608,2.521922,4.77569,3.120671,,4.026014,,3.72611,1.482506,-4.014742,4.213971,2.452182,,1.533827,2.091494,3.483868,1.591254,4.10812,2.345245,3.686947,2.815317,4.550055,4.155108,2.328103,3.859569,2.205106,5.427836,4.92268,2.251154,5.394207,3.831678,,1.602282,3.332474,3.468566,2.348387,4.203316,,2.963685,3.562691,2.466979,,5.15876,,,,2.481533,5.467701,4.005885,4.060805,,2.684727,,0.212954,-2.514087,4.731026,3.963921,2.779212,2.948786,2.084695
NCI-H146,,3.099349,,3.716389,5.328689,3.651164,5.266094,,-1.808272,0.000671,5.159734,,,,,,-2.960256,-2.189701,-0.144564,-1.67704,-2.356537,,2.553719,-2.751522,3.797385,,-0.023947,3.395927,-2.909354,2.534702,5.874144,3.324692,2.54934,1.238076,5.075643,-4.92393,4.932351,,,-4.17436,-1.258756,2.101808,2.614936,,3.333483,,3.015789,3.591705,4.364878,,3.23797,5.870024,-2.713688,-2.332924,3.075688,3.224108,,,1.455652,,2.424563,0.257677,-5.091106,0.331515,3.726767,3.403792,2.401564,2.583007,2.03373,5.865755,3.103895,1.825844,0.945842,5.663109,2.494917,4.687641,1.069239,0.536105,-5.636783,-2.235435,2.650348,-1.579789,4.409378,,4.994404,3.282018,4.195581,3.103265,3.584749,4.177868,4.782117,5.712603,2.878333,5.38929,-2.146349,1.998304,1.765551,,-0.830936,,2.323602,3.061906,3.484514,5.308653,2.249912,5.277,3.874679,4.652181,4.065297,0.212067,3.701938,3.126864,3.533508,2.74559,-2.794927,2.231614,4.51089,4.645675,,,4.032108,5.83982,1.517987,5.599093,4.538393,1.886754,4.407889,3.862046,,2.415969,,3.573596,0.280981,-3.760015,4.833356,2.518553,,-0.377868,2.013391,3.926734,3.4333,3.664446,3.523153,3.157044,5.081634,3.982449,3.526933,1.76196,3.625006,3.623823,5.510116,3.939687,2.01406,4.946634,4.749902,,4.424092,4.135594,4.214372,2.863259,5.559658,,3.223268,4.123405,1.604252,,5.697962,,,,3.337067,5.523331,3.658726,2.937218,,2.037892,,3.872535,-2.515829,3.348559,5.685786,1.222057,3.365215,1.837811
NCI-H1568,9.108858,5.614921,7.845951,,6.819608,5.262107,6.412217,3.499444,4.133625,3.597141,6.522696,3.787511,1.8585535,5.091798,11.113529,1.114897,-1.237674,0.317522,0.281548,-0.931904,1.713275,4.794086,4.7528805,-2.003478,0.839573,10.438342,0.06791,-1.299042,-0.06013000000000002,5.532636,6.096316,0.05517,2.992809,5.094408,5.562668,-2.549623,,4.567353,2.424844,-2.395023,-0.975475,,5.490808,6.214805,,4.751116,3.461634,3.487959,4.91256,6.994127,2.398918,4.51168,-2.330887,0.118136,2.086738,5.7823,-5.207521,3.4242595,,5.884345,3.906945,0.967447,,2.786091,1.153382,,6.3022054999999995,3.002958,4.789356,6.410061,5.583683,2.590532,4.546828,,,3.5814649999999997,0.401117,-0.035175,-4.068151,3.341616,4.479117,4.055605,6.63082,,0.541586,5.191352,6.717675,4.175511,3.504431,5.436151,6.332511,6.752008,3.095734,6.722085,1.407291,,1.941557,1.058418,2.33224,3.069408,2.050636,4.410796,7.429317,2.76515,5.226883,6.500522,4.342954,5.250525,1.503385,0.925355,1.918261,6.686771,6.578452,4.832024,4.372576,4.543673,4.505786,3.465673,3.000653,3.010781,6.474105,6.498696,3.19036,,2.302117,5.16574,5.859393,4.98344,3.840255,2.39111,5.538453,5.955707,3.698128,-3.835343,4.466574,4.364794,5.503246,2.747248,-4.025646,4.449402,3.141357,2.577185,5.138544,,3.272188,7.34101,3.257213,,5.363823,4.81414,6.093732,6.383464,2.529055,6.830432,3.416444,6.650635,1.530395,2.47908,6.610178,2.911571,6.495834,5.965525,5.1102725,4.205602,0.469193,3.019085,5.667124,4.796068,4.834371,6.16906,0.769923,5.507416,6.895157,6.486138,6.228435,4.02378,5.714868,2.782089,0.975164,5.616024,5.298642,5.101421,5.075049,6.752008
NCI-H1648,7.12234,4.929725,,,5.647668,4.12162,,,,1.480113,6.835108,3.926102,,2.820222,9.628981,-4.935335,-1.962265,-4.835589,0.076537,-3.284306,2.711229,,2.410415,-1.988025,0.283375,9.760454,1.381897,3.373052,-5.319793,5.684124,5.207807,-0.095164,-0.041076,1.292162,5.775765,-4.232498,,2.509834,,-5.376619,-0.524498,,3.131307,,,3.015986,2.296556,,2.086418,,-1.442948,4.072521,-1.19929,-4.093568,2.259236,2.155567,,4.306488,,3.957747,4.630671,-0.30146,-2.901516,0.541285,-0.02494,,3.746632,2.274069,,5.370422,4.171614,1.770855,,,,3.524398,-1.540761,-0.2067,-2.337106,0.775223,1.698417,-0.899969,4.868791,0.541847,-0.766964,4.370786,5.689252,2.284294,1.855604,3.814581,,5.772012,0.333002,5.1937,-2.670737,,-0.265925,0.424672,3.311944,,-0.778619,5.134933,3.199694,,2.555209,4.435548,1.78612,2.182458,,0.002435,0.431044,5.782239,,1.628757,1.407598,,,1.086409,,-1.778378,,,0.287042,,1.509558,,4.704491,2.672399,,2.719732,,3.941059,1.464095,,3.495959,,,3.479652,,5.6408,-1.192058,2.452895,1.490868,,1.377403,,,,4.916137,0.235117,5.746068,5.104587,3.099459,5.782739,,,,,,2.733649,5.180499,5.783782,3.806168,3.853156,-0.701592,,,,,5.708939,0.22636,,3.628101,5.594707,,0.208744,,-0.225894,-1.756661,5.090635,,3.002633,2.643796,3.772155
NCI-H1650,8.845195,5.29713,7.068297,,5.650139,6.057618,5.469508,1.133839,6.546153,3.907111,7.60763,5.064784,6.0462255,6.294498,11.748985,1.732854,0.133024,0.07064,-0.825984,-2.462609,2.772292,5.368957,5.096127,-0.304776,2.803578,10.596133,2.079128,-0.89062,1.1372535,6.007284,5.990084,1.153674,3.916812,4.882233,6.956149,-4.750321,,3.912802,3.980094,-2.439832,-1.427231,,5.158454,7.633547,,4.476328,3.90017,4.065473,3.75258,7.575386,0.404879,5.363647,0.134397,2.361168,3.096925,5.328035,-1.655737,4.66824,,6.987342,6.241324,-0.853276,,4.007576,4.179151,,6.672924,5.770306,4.846399,4.978529,6.285248,0.912628,4.226184,,,6.462996,1.798,-0.169592,-4.768091,2.541608,2.953684,1.462466,6.603885,,2.225518,6.827746,5.922795,4.909036,5.966824,4.793145,6.861417,6.273949,4.749714,6.819881,1.331452,,1.754821,2.241502,1.879585,4.015249,2.635922,5.184707,6.919225,5.002951,2.178266,5.90609,4.463576,4.076839,5.198532,1.91715,5.249061,6.970228,6.734265,4.110625,2.102735,3.552721,5.772285,3.368926,4.356091,3.888546,5.533982,5.969667,1.473659,,5.687966,3.765729,6.937526,4.298232,6.002252,4.457482,4.822753,6.344498,3.441007,-0.178306,5.479895,5.153051,6.093167,2.624499,5.519086,6.79926,2.583837,2.919972,4.757871,,2.269348,6.453907,6.032747,,4.087554,4.857142,6.755258,7.028554,3.029798,7.163239,6.741355,6.978395,5.445783,4.90988,5.953387,2.504369,4.665451,6.334805,5.665409500000001,4.778257,0.407872,3.72798,6.503777,5.559006,5.806792,6.721172,0.874386,6.659289,6.361316,6.811882,5.747066,5.005869,7.63412,1.982841,-2.592646,6.256149,6.543627,4.330838,4.152248,5.545815
NCI-H1792,6.780285,3.07723,1.968314,,4.569516,2.596211,4.581063,-1.663634,1.399777,1.879958,6.416661,1.478698,6.310458499999999,1.459925,9.230691,-5.883386,-3.232333,-4.83372,-0.744701,-4.189414,-3.16223,3.606678,3.6442415,-2.557967,3.079159,9.066724,0.032345,-3.124451,-5.651199,4.093434,4.483884,2.419636,2.728219,2.358072,5.123305,-3.267601,,1.229678,-0.394886,-4.473226,-0.539749,,3.174726,5.374647,,1.745554,2.495185,2.707056,3.631338,5.463057,0.111797,4.363571,-1.873709,-5.096235,1.383424,1.943106,-5.313472,0.870973,,2.308286,3.481407,-2.392724,-3.959071,-0.325142,-0.221213,,3.8906229999999997,1.894903,2.510648,4.043979,3.307221,1.58982,2.233626,,,3.5669445,1.729079,-0.414972,-3.455827,1.369248,2.368551,-3.677528,5.030759,1.406288,4.135324,2.946276,4.612275,1.580265,1.133082,2.874907,5.181175,5.22611,1.2152355,5.084093,-2.927542,,0.403008,0.713761,1.249075,1.157908,0.601271,4.339854,3.463289,4.809961,0.908311,5.124204,0.921807,4.093719,5.177341,-0.22789,1.565143,4.557484,3.04412,3.022058,2.355882,0.142753,3.945866,3.317064,2.47359,-2.097823,3.948693,5.071181,0.52125,,-0.00175,1.40283,4.241859,3.362405,3.496451,2.97783,3.604439,5.354509,1.337087,-3.652697,4.112544,2.667877,3.160672,1.828623,2.515684,4.054269,1.740366,2.655495,4.026317,,3.220344,5.561535,3.173488,,4.179891,2.813516,4.370748,4.787609,1.696713,4.895251,4.126374,5.112105,0.925324,2.613802,4.20288,2.725291,4.958653,5.22611,3.0876010000000003,3.659136,2.19357,1.514713,2.254305,3.844342,4.805201,3.635652,2.893006,4.836797,4.118446,4.979803,4.955509,1.095803,5.763055,0.780857,-3.978785,3.010413,4.277426,2.271758,2.355116,2.491096
NCI-H1793,9.1334,6.060465,2.459971,,6.927415,7.75055,6.487217,2.352836,7.396769,5.385995,8.288511,5.720757,8.39889,5.594876,12.372691,-1.496678,-1.575003,-0.313534,0.743991,0.237474,0.475289,5.707256,5.6293524999999995,0.814859,4.35016,10.751991,3.607876,3.298238,-1.702556,7.234923,6.866113,3.94859,5.385953,3.61097,7.396769,-0.701693,,4.317892,2.369939,-1.36246,1.360898,,4.230823,7.657601,,4.077058,4.414662,4.320327,4.851024,6.105131,2.910322,6.461371,-4.00191,-1.902237,4.011381,6.038848,-1.657073,5.6363710000000005,,6.618796,6.638809,3.211524,,1.175134,3.280931,,7.0626825,6.291718,4.963294,6.880258,6.630657,3.631743,4.421351,,,6.055996,3.452984,1.85522,-5.458932,3.970804,5.045668,3.32869,6.62576,,5.02408,7.199846,4.807826,6.804677,4.709425,4.996929,6.527689,7.396769,4.5942395000000005,7.05109,-2.470039,,0.640944,3.344129,3.231038,5.173306,1.279272,6.630432,5.533648,6.725944,3.799074,6.291721,5.270829,5.302677,4.821612,1.999679,5.403624,4.594514,6.553319,5.121246,3.467818,3.731838,6.459128,5.468438,0.9793,0.320035,3.667866,6.522661,3.138656,,4.315503,4.117652,7.104562,5.620465,6.439013,4.712676,6.12097,6.297649,5.639113,-0.675748,5.749723,5.799849,4.543538,2.526895,4.505827,5.417866,3.100985,3.453971,5.412226,,3.684791,7.081533,6.512832,,5.923507,4.842709,6.482921,6.421303,3.841632,7.190979,5.99891,6.981698,6.523355,2.640324,5.949026,3.786514,6.376215,7.388286,5.153415,7.020552,3.702049,3.869734,6.748937,4.588647,5.376535,6.021687,4.476851,6.742754,5.116906,6.010744,7.396769,1.128312,7.610721,2.197668,2.264917,6.530167,5.131257,6.535242,3.886591,6.443387
NCI-H1836,,6.26945,,4.852821,6.213443,7.276836,5.405632,,0.591973,1.381856,7.074682,,,,,,1.062111,-0.793747,2.195617,-0.04334,3.815703,,4.656951,-0.339668,4.679296,,1.168696,3.267601,-2.907387,4.719509,6.54273,6.910979,5.525584,3.959749,6.232961,-0.743371,6.599553,,,-2.435174,0.473075,3.294156,4.379769,,6.936503,,5.064451,3.757126,6.46039,,4.743931,6.963945,-1.583597,-1.596197,4.995917,6.077635,,,2.379968,,3.61382,3.828484,1.149434,4.419029,5.985371,2.36168,6.360284,4.921199,4.999597,5.788611,5.495763,5.318083,6.157494,6.993926,3.237869,5.285437,2.607629,1.755182,-2.550118,0.437172,5.620904,2.6428,6.993704,,4.340314,5.468004,6.637623,4.049768,3.523863,4.534226,5.518627,6.63307,4.596205,6.993926,1.360084,5.714896,3.137811,,4.200989,,4.066717,6.938167,6.490503,6.377038,3.632737,5.981971,2.722855,5.310344,6.146713,1.993751,5.983126,4.027821,6.620751,3.90395,-1.344819,3.245499,6.86369,4.910606,,,6.747538,6.824888,2.66396,5.962563,5.897514,3.60563,5.101994,5.188835,,3.462103,,6.651021,5.406706,-0.786198,5.395737,6.413692,,2.209784,2.243005,5.157045,3.809137,6.251745,5.857042,6.210602,5.075834,5.593123,5.408366,3.618596,6.153256,3.88212,6.455313,3.896863,1.551542,5.240767,5.409037,,2.866721,5.208919,6.77218,4.640011,6.650922,,4.691341,5.706661,4.380159,,6.547056,,,,3.972237,6.98449,5.158629,5.30685,,5.703522,,3.663317,-0.482084,6.27349,6.676907,5.009904,5.193418,4.66676
NCI-H1876,7.020215,3.252577,0.397149,,4.05906,5.57023,4.682003,-1.742242,0.738373,1.094401,5.617542,-0.261056,5.2069825000000005,2.975644,10.000171,-5.084209,-5.815014,-3.007501,-3.188937,-2.984193,-3.738204,2.167552,3.2737545,-8.044732,3.133214,8.870844,-1.420801,2.877208,-3.4347345,5.101113,5.162499,2.018505,3.324193,2.017669,5.301463,-3.702723,,-1.075027,-2.984514,-3.8893185,-0.753547,,3.20507,5.649842,,1.28283,4.047814,1.043333,4.594767,5.903049,3.537387,5.252883,-1.246748,-5.848576,3.691566,4.942537,-5.332812,0.7091805,,-0.167203,1.138251,2.248493,,1.411969,2.488907,,1.8190675,0.461124,2.731068,3.589551,1.940016,1.992819,5.303135,,,3.5643320000000003,1.462188,-0.384393,-5.529244,-0.634681,3.741335,,5.015357,,5.134294,4.572941,4.25547,1.723718,4.652365,2.37842,4.88641,5.084218,2.3701725,3.913856,-1.849371,,-0.031232,-0.214386,3.074294,2.503012,0.808296,1.154793,5.630593,5.286647,-1.436188,3.712139,-0.355141,3.327645,3.78865,-0.993899,2.63017,1.828151,0.526899,2.71096,-1.036703,0.221048,4.290848,3.326427,-0.270549,0.036622,4.38397,5.284172,0.009545,,3.223775,3.309456,5.303135,3.688603,4.597508,1.933864,3.109491,4.8474,2.648087,-2.380407,3.883775,5.290177,1.202636,0.970455,1.656503,5.257676,1.986622,2.090034,2.9511624999999997,,3.343166,1.072834,3.323679,,5.135857,2.434439,4.390147,4.234434,1.509127,5.248584,4.797849,1.267405,3.970712,5.230897,4.274292,2.308707,3.485661,3.645915,3.457471,4.299515,1.432043,1.163926,4.590468,3.507281,5.270741,4.806057,3.052315,5.303135,5.242935,4.669383,0.428377,0.831293,5.961518,2.38703,1.428979,2.257191,5.303135,-3.071229,2.050133,1.696857
NCI-H196,7.890018,4.982028,6.550155,,5.469611,2.994215,5.94008,3.267904,1.886761,1.854489,7.299594,4.177647,6.346203,4.982682,9.51269,0.782292,0.492616,-1.077257,1.892048,-1.664125,5.383038,3.911867,4.5874215,-0.873864,4.016968,9.757443,0.218539,-0.82123,0.7834545,5.800348,4.917201,2.742261,6.257681,3.774554,4.649667,-3.374701,,2.168898,3.22063,-1.1710215000000002,-0.516687,,4.216213,6.112505,,3.372589,3.210339,3.476209,4.326128,6.491938,4.287397,5.097072,-1.315539,1.067839,3.003581,4.574441,-5.144884,3.584205,,4.617248,4.454526,0.799143,,2.397565,4.336126,,6.065129,5.037143,3.455868,5.75027,5.129288,3.197719,3.915263,,,5.3553085,2.555251,1.779434,-1.46441,2.640869,3.531279,2.684989,5.178041,,5.237837,5.80249,5.830498,5.677776,5.083932,4.820659,5.695139,5.653361,4.03765,4.571016,1.474954,,1.7861,2.475873,2.547486,5.715708,2.12458,4.58059,5.429681,5.067208,3.257183,4.774481,3.665868,3.865669,5.496477,0.968517,5.31595,5.227578,5.319249,3.971141,3.436614,3.635527,5.359419,3.107126,3.97825,0.984532,4.498454,5.022178,2.864304,,4.799445,5.088083,4.94751,4.018984,4.976673,2.872777,4.166751,5.784248,2.759029,-0.874053,4.545727,4.363153,5.018562,1.496212,-1.416124,5.739174,3.381623,1.934485,4.242497,,3.045021,6.44549,4.643989,,4.916989,4.741524,5.507065,5.078517,1.816141,6.126695,5.55127,5.734115,4.652884,4.752212,5.077321,2.459827,5.538065,4.806103,3.9253755000000004,4.754406,1.769005,2.761609,5.235965,3.703952,4.503988,4.491593,2.643627,5.514399,4.633954,4.476673,5.798728,2.502723,6.521677,3.819514,0.757637,5.079976,5.173402,5.164541,4.387334,5.830498
NCI-H1963,6.399243,3.937074,3.236232,,3.210873,4.743163,5.232066,1.809712,0.877977,0.066846,5.833661,2.314844,5.729215,2.975262,9.508619,-4.358418,-3.298397,-3.912009,0.180429,-1.751764,-2.078518,2.725601,2.0828135,-4.704115,2.741731,9.390279,-1.449084,-2.454097,-4.879717,4.491019,4.948545,2.282697,2.364609,1.079105,5.35092,-5.100958,,,-0.039705,-3.6994730000000002,-1.004261,,2.890314,5.8495,,1.616356,4.004889,1.838046,2.650676,5.054334,3.044005,4.117177,,,2.852725,4.180133,-6.084667,1.7056845,,1.466663,0.795464,-0.150436,,2.137042,2.290049,,3.6778345000000003,-0.232246,2.67203,,3.577163,1.760848,5.044808,,,5.203125,1.406657,-0.115664,-4.856534,-3.528107,3.933043,-4.575603,4.5778,,4.511342,3.056175,5.174171,1.561423,,3.090147,4.160631,4.696056,3.044385,4.306449,0.294283,,1.077103,0.026629,-3.092765,1.084863,2.939208,3.540977,4.953087,5.189584,-2.26903,4.859602,-0.03241,4.347944,2.324367,-0.339226,3.305468,,3.50761,3.535524,-3.078207,0.383827,3.57524,4.607186,5.242612,2.729484,2.09953,4.484914,,,4.117481,4.445373,,3.503524,2.960959,,3.656843,3.977975,1.166511,-2.970884,2.713309,3.813263,3.437543,-3.266635,1.784808,,3.277797,1.823302,4.201303,,4.472643,3.072095,3.819241,,4.821773,4.119836,3.951565,5.104606,2.164279,5.330251,1.739815,4.002125,3.697854,5.242077,2.673971,1.971551,,4.366046,2.902271,3.143389,1.001803,2.666248,4.817159,2.691222,4.34284,4.449789,2.739306,5.242612,3.047363,,2.042219,4.187463,4.431619,1.986011,-3.29623,4.51434,5.121344,3.405869,,2.195586
NCI-H1975,8.086444,3.60049,6.679086,,5.358745,4.051812,5.435461,0.147977,1.646599,1.517261,6.5018,2.123553,6.2193425,2.357808,9.730803,-5.282105,-1.465012,-3.22578,-2.51903,-4.368655,-0.979499,4.341903,3.8712845,-2.055332,2.613279,9.538992,0.232479,-2.982219,-3.83965,5.975478,3.915308,1.813576,4.015544,3.054171,5.488035,-5.920959,,3.257241,0.375642,-4.6446595,-2.096747,,3.757095,5.055117,,3.436752,3.138444,2.92897,3.179913,6.551785,-0.143777,4.47364,-3.417357,-2.782,3.271836,3.290633,-6.030686,2.385008,,4.30065,3.247467,-1.289899,,0.408625,0.592682,,4.486467,3.984022,2.873855,5.381869,4.161754,2.657829,3.492717,,,2.7651325,-1.13203,-0.151369,-6.332744,1.438794,3.241672,-1.534277,5.398047,,1.24713,5.245712,5.978529,3.409715,2.854737,3.543418,5.819092,5.869468,1.9309115,5.725551,-2.770888,,0.024735,1.150432,1.755116,1.545768,0.065302,4.575222,4.747988,4.762552,2.141445,5.388269,1.529596,1.768101,0.842594,1.294796,2.398584,1.327172,5.083813,1.885677,3.49337,2.528556,5.782312,0.599843,0.342513,-1.013645,4.590236,4.798026,1.554109,,1.399094,1.437306,4.821605,4.059399,4.292955,3.999783,3.380156,5.836826,2.436512,-2.231656,4.295085,4.171659,3.223749,1.251307,2.487597,4.312154,0.127941,2.193794,1.33834,,1.658812,3.617898,3.363021,,4.391667,2.409423,5.84759,4.772896,1.956451,5.735183,5.297845,5.544533,4.541362,2.050777,4.676397,1.403904,5.663713,6.019201,4.5208935,4.57901,-3.272124,2.895388,3.538503,4.555732,5.741687,6.019201,3.137394,6.011318,4.403596,5.56664,5.752035,3.855874,5.658769,0.036913,-2.729284,5.30469,5.384717,3.459673,2.395796,3.814541
NCI-H2023,7.176061,4.45513,-0.446677,,5.83722,2.306838,5.341424,-0.050811,3.290085,2.460554,5.741434,-1.80907,5.695907999999999,2.34246,10.733226,-3.697739,-2.987879,-3.746398,-1.342037,-1.575559,-2.521227,4.649324,4.3833400000000005,-2.556607,4.166171,8.701439,-0.605277,-0.573586,-3.326884,6.240885,5.27503,3.418802,3.930724,2.857178,5.317427,-2.841501,,1.646525,-0.926163,-2.2845695,0.995254,,3.653486,4.45172,,5.103217,4.2467,3.80276,5.002315,6.931461,1.704099,5.864352,-4.151442,-2.704877,4.363088,3.924981,-5.954702,3.4949395,,0.91635,3.63538,-1.132887,-1.718207,0.194834,1.531904,,4.6327165,2.340198,3.715348,5.834715,4.562576,2.576071,2.407527,,,4.0267535,1.813578,-1.171611,-4.627294,3.161434,3.826405,0.605632,5.198498,1.630997,4.110206,4.560822,6.019559,1.503841,2.617628,5.294621,6.257627,6.287657,3.2489595,5.694271,-2.847222,,0.630452,1.676913,-0.310472,1.878653,-0.23115,4.216223,4.5537,5.268812,2.772083,6.028943,2.407634,3.034796,3.72096,1.051908,2.380467,4.096498,5.395119,2.785353,3.837798,2.215657,5.476672,3.189628,-0.168769,-1.349188,5.474374,5.859335,0.064255,,2.75768,2.700058,4.631107,4.693591,3.735164,2.848491,3.624821,5.164333,2.61885,-2.598364,4.119862,3.954594,3.384905,2.940846,2.564466,3.611105,0.7962,3.669477,2.1488964999999998,,3.64796,6.83461,4.505144,,6.056398,2.603736,5.785387,5.947881,1.918998,6.34457,4.359948,5.910768,2.748865,2.418193,4.900531,1.850089,5.013274,6.287657,3.103103,4.118351,3.062089,1.732795,2.732139,4.083609,5.413334,5.44964,2.256547,5.370927,6.287657,3.395192,4.87378,0.961816,6.584141,2.39986,-2.860409,4.827757,4.966933,1.69957,2.756964,3.373217
NCI-H2029,,4.459091,3.18001,4.742905,5.368899,5.330777,5.162692,2.036669,1.255851,1.614834,6.141275,,6.3668215,,,,-1.771595,-2.302551,-0.120113,-0.978392,0.787614,3.390592,4.2358415,-0.71011,2.201783,,1.27492,2.203112,-1.6033035,3.476624,5.478238,4.918237,3.914891,1.919609,4.830777,-4.078351,5.155306,,0.297722,-2.7707445,-0.619452,2.26518,1.926727,6.164655,4.673003,,3.813813,3.187318,5.252017,6.172069,3.722384,5.473232,0.050215,-2.204734,3.722382,4.814921,-5.466153,3.83055,2.736753,4.456239,2.953081,2.749872,3.110487,1.986681,3.235293,5.430239,4.905098000000001,4.494265,4.182811,5.20774,4.687066,3.761261,3.687477,5.478922,3.803431,4.8890465,2.308708,2.465535,-0.44735,1.429328,3.469581,-0.229422,5.754837,,4.297304,2.994852,4.197833,2.913153,3.350573,3.706866,4.287458,5.478922,3.130322,5.471942,-0.084779,3.022957,3.045711,1.966255,4.729442,2.897485,2.691036,5.501304,5.617624,4.335889,4.32573,4.2193,3.157665,4.058394,4.562355,1.64996,4.321512,3.807581,5.4811,2.956748,2.110863,2.547765,5.614455,2.65672,3.051286,,3.320079,5.374795,1.956829,4.565357,4.265889,3.198079,5.922008,3.824456,,4.255103,2.52263,3.958497,5.148743,-2.086748,3.814507,3.671096,3.615547,1.889671,2.214466,4.762447,3.504039,4.545313,3.629926,3.109898,5.402888,4.876042,4.676701,2.480766,4.87949,3.43917,4.919413,4.863466,2.058321,5.302667,4.985848,3.824727,4.512018,3.879045,4.164921,1.722575,5.818385,,4.3630965,5.339785,1.661529,1.782319,4.673165,4.438318,5.462187,,2.690451,5.560494,5.086156,4.322821,2.508024,3.808815,4.90322,3.059795,0.491766,4.785775,4.436498,3.912344,3.775164,3.546661
NCI-H2030,,4.043497,,4.015043,5.891027,4.277566,5.108958,,2.544579,2.649243,6.229707,,,,,,0.079116,-3.92312,0.312117,-3.829038,3.315708,,3.870834,-1.105854,3.187489,,0.578798,1.670137,-3.443224,3.452721,5.929784,1.939703,1.956685,3.028946,6.169803,-4.84762,4.970687,,,-3.811659,-1.223954,3.627415,1.865028,,2.70477,,2.525444,3.780863,6.164827,,-1.543296,4.323534,-3.07512,-2.502982,1.466909,2.745906,,,3.444569,,3.508571,-1.242712,-4.345892,0.051512,1.225244,6.175767,4.566457,2.631028,2.258115,4.890748,4.602549,1.535258,2.570611,5.773272,3.269595,2.738222,0.9838,0.514851,-3.734684,3.245571,1.340466,-1.459543,5.049142,,1.990825,4.668065,3.725269,2.233445,1.84198,4.031846,4.634575,5.886694,2.78422,6.005597,-2.252425,3.043819,1.459673,,1.761676,,1.219866,4.657702,3.209177,5.295945,2.969732,4.161584,2.326111,3.852648,2.134784,1.123525,2.977569,2.122525,4.736957,1.737472,2.75214,1.365043,4.225163,3.046964,,,5.688012,5.081877,0.646828,3.073636,2.537975,2.376807,4.513668,3.34189,,4.250107,,5.041148,1.751117,-2.664729,5.430837,3.445794,,3.20723,2.742304,3.368962,1.638846,3.34599,3.886671,3.192454,1.93845,4.880995,3.937925,3.177085,4.922224,3.110029,6.101493,5.70569,2.833954,5.923308,5.342491,,2.367861,2.877312,5.018754,3.827988,3.474802,,3.635586,5.135943,0.675624,,6.108017,,,,0.423402,6.175767,4.810284,2.75574,,2.776224,,1.665182,-3.032668,5.48262,4.346228,4.375203,2.247864,2.544292
NCI-H2052,8.777324,4.340382,5.868093,,5.531151,5.217386,5.88052,2.346218,5.903627,2.856448,7.554857,2.720087,3.98546,4.465016,9.763083,-4.009445,-2.287052,-1.853203,-0.984791,-2.164608,0.335017,4.385559,4.7907385,-3.679617,4.542226,10.357037,-0.804194,-3.155181,-0.568449,5.630081,6.160025,2.578456,5.111177,4.003203,5.64034,-5.34038,,2.134114,2.367198,-2.935699,-1.462135,,4.313814,5.888381,,4.514122,3.266258,3.714608,4.042099,6.694202,0.339225,6.310906,-2.629947,-3.17664,2.419132,4.69272,-4.886897,2.4171565,,2.885314,3.817381,-0.111175,,1.700491,2.751582,,5.4388855,3.691328,5.115474,5.539365,5.362042,3.260673,5.952223,,,5.200609,1.584232,1.383911,-4.279387,1.88892,4.168141,0.200767,2.630479,,5.702301,3.415015,6.24385,3.247074,4.219513,4.255991,6.113614,6.310906,3.8642244999999997,6.027151,-1.534087,,1.469836,1.84685,1.85632,5.86354,1.401759,4.394263,5.560979,6.070671,3.295774,6.109548,2.103918,3.722861,5.805836,1.696572,3.820109,3.625604,6.109243,3.411147,3.099377,3.127064,5.180634,3.3977,2.904413,-0.638913,4.543744,6.080783,1.402019,,3.089982,3.903898,5.344531,3.390337,5.296172,4.898401,4.947628,5.576969,4.053689,0.18366,4.110518,3.901302,2.973754,2.377073,6.269183,6.006064,2.246936,1.458957,3.7983279999999997,,3.862327,6.982147,4.096,,4.793432,4.410538,6.123602,5.99133,3.434452,6.360517,5.375068,5.531621,4.963174,4.4514,4.723298,2.465831,6.186459,6.310906,3.898631,5.958233,2.839188,2.476891,6.063815,4.467247,5.863187,5.240559,3.879223,5.936459,5.849509,4.537066,6.071719,4.455647,6.49019,2.392864,-1.24121,4.996762,4.887319,4.311712,2.049019,4.236531
NCI-H2081,,5.01083,,5.640716,5.518429,4.047,4.267056,,-0.204845,0.620463,6.198724,,,,,,-4.028081,-3.612688,-0.686152,-1.941213,-1.646683,,3.420372,-4.769457,3.771044,,-0.034609,2.141051,-4.635196,5.571877,5.722957,3.476974,2.643325,1.170842,4.872509,-4.877871,5.475456,,,-4.620734,-1.522465,1.496653,2.113375,,3.645182,,3.576804,2.173723,5.308336,,2.010009,5.722957,-1.408002,-3.47312,3.260243,4.577,,,-0.873563,,1.294826,1.598909,-1.792138,0.825987,4.706207,5.330493,2.397336,0.695682,1.568768,4.693537,2.496589,1.95626,2.005042,5.667072,1.376521,5.594622,4.805062,1.350523,-4.459031,2.412052,3.075214,-2.835091,5.268179,,4.412472,5.052423,4.139048,1.813793,2.949704,4.747186,3.358762,5.111395,4.331545,5.672648,-1.014485,-0.050922,1.474908,,1.273161,,1.973108,3.33189,3.901163,5.415769,-1.241711,4.120381,0.767585,4.298387,4.384907,0.826536,3.885865,2.340921,2.314612,2.352395,2.147706,1.265693,3.961151,2.398454,,,5.023139,5.619704,0.393467,2.755538,5.384303,2.429544,4.192164,4.008989,,3.56763,,4.615508,1.731012,-2.679249,3.362638,2.759587,,3.420372,3.17245,5.545821,2.44115,5.025777,2.699854,2.564718,2.545595,3.089096,3.715457,2.535757,5.57156,4.819945,4.927641,5.315098,2.723423,5.213297,3.311183,,3.024531,3.284988,3.947626,3.346895,4.300807,,2.736015,3.776558,2.988362,,5.372573,,,,3.198426,5.722385,4.753133,3.720847,,2.320977,,3.216594,-1.963778,5.02981,5.09541,1.158864,1.731629,2.103621
NCI-H2087,7.684928,5.23291,3.872161,,6.55426,5.372153,7.27601,3.166012,3.830909,2.599465,7.943264,1.163561,7.3572655000000005,2.813293,10.44903,-2.759514,-2.692533,-2.175006,0.176884,-1.443466,-0.642437,4.565939,5.3316965,-5.183476,4.749029,10.492178,2.786179,1.851741,-1.8780705,5.59036,6.473007,4.345665,5.525735,4.097348,4.924222,-3.51126,,2.993081,1.065687,-2.483286,-0.798919,,3.074677,7.21405,,2.503462,3.854403,4.193948,4.786035,7.242548,4.609474,6.367476,-0.599763,-2.851245,3.70239,4.368856,-5.036946,4.896837,,2.721463,5.896471,-0.303249,-1.99911,2.458868,-0.43809,,6.082031000000001,5.472756,5.496366,6.515032,5.732282,4.125472,3.268199,,,2.8443245,2.961433,1.396795,-3.936067,2.942943,4.449989,-0.284161,5.856741,3.548716,6.0707,6.419812,5.943783,3.451522,2.484147,4.58434,5.737418,6.481152,1.8377415,6.376829,-0.484556,,2.01273,0.916724,2.292689,3.975554,2.681008,4.516774,6.090241,6.395826,3.927346,5.768444,4.764386,5.50576,6.316372,1.562667,0.657145,6.515321,5.203634,5.379797,2.301889,2.874899,6.214865,6.296423,4.284126,1.582117,5.812757,5.640031,1.816955,,3.371111,4.280262,3.743291,4.47882,4.654058,5.333815,4.905644,6.039151,3.377194,-1.733304,5.0317,3.511607,4.796377,3.54268,4.076888,5.140426,4.326526,4.130962,5.1814715,,4.692339,6.6058,5.295815,,6.042527,4.208353,6.368087,6.04473,2.466373,6.418571,6.252365,5.871161,4.364842,5.751539,6.244101,3.890684,5.440753,6.55426,3.794239,5.525017,3.411423,3.58153,4.16135,4.358288,5.982571,4.451587,4.473795,6.358637,5.46752,5.314543,6.498751,2.818775,6.499017,2.928243,-0.745569,4.812226,5.644875,3.679746,3.852962,4.988917
NCI-H209,7.150518,2.278717,-0.126493,,4.373412,4.215831,5.391791,-2.45277,0.409424,-0.651148,4.722991,-0.838918,4.958759000000001,2.751399,10.243619,-5.60002,-5.422095,-5.145912,-2.785133,-2.697381,-3.164285,3.45304,3.3503214999999997,-7.077823,3.382426,9.030211,-2.072678,-3.748146,-5.955864,4.952566,4.000665,1.276398,3.332136,1.061509,4.415006,-5.724795,,-0.56319,-1.942289,-4.1228605,-1.570429,,3.16935,5.687492,,1.161842,3.966426,2.637591,2.949866,5.625581,2.460777,4.890057,-2.757333,-4.971093,0.332664,2.392002,-7.071202,2.8668955,,-1.309713,1.305263,1.356032,,-0.208544,2.760014,,0.176481,1.464804,2.770501,5.054667,0.319897,1.80569,4.782258,,,5.0929625000000005,0.431017,-1.424724,-5.895238,-2.531163,2.965695,-2.825461,4.876165,,3.734983,0.767684,5.073957,2.568444,2.847585,3.682897,3.601765,5.052701,2.541597,2.356179,-3.51923,,0.596936,0.988237,-2.413281,1.313154,1.900446,0.239505,2.746475,4.755986,1.451902,5.077067,1.234498,3.840135,5.026036,-0.984064,4.361746,3.488149,-0.183525,3.285655,-1.171365,1.436469,4.743342,1.920198,1.527544,-0.114503,3.463345,5.000482,1.109154,,4.425009,1.695985,3.772659,3.467629,2.339069,2.020172,3.87222,4.824819,2.71033,-3.849261,3.606458,4.484273,3.765783,-2.384359,1.174481,3.125637,3.310521,1.181081,3.770563,,4.925421,6.044228,,,4.154147,4.539367,3.960524,5.0886,1.337738,5.172365,4.054292,3.897807,2.314455,3.177508,3.924275,2.242734,5.077067,5.077067,3.1896975,3.786128,2.231294,2.576938,1.322976,3.806829,4.822891,5.023402,2.849588,5.051832,5.077067,5.07386,3.768353,4.26617,4.853012,2.800959,-0.43168,4.096453,4.983149,-3.957708,1.820008,1.571825
NCI-H211,,1.791728,3.512443,,3.562733,4.351178,4.327382,-0.07078,1.234208,0.248923,5.922592,-1.969295,5.2349895,3.056838,,-5.575031,-3.787589,-5.213243,-2.396558,-4.426336,-3.559689,3.46016,2.4871465,-4.749103,3.258868,,-2.510487,,-5.415016,4.008741,4.901609,3.105362,2.021978,1.472401,2.938728,-2.990678,,0.599393,-0.662663,-3.8481170000000002,-0.528574,,1.914293,3.549674,,1.384939,1.713302,2.515741,1.541762,5.803054,1.635235,4.907545,-3.698451,-5.58411,1.675196,1.341359,-6.184405,1.783749,,1.728953,0.750342,-2.220436,-6.311937,0.633754,1.36932,,3.729707,,2.3818,3.64149,1.528064,1.078753,0.175751,,,4.5100595,0.703464,-1.051472,-6.104316,-1.100402,,-5.475446,4.474414,0.275602,3.906045,2.543287,4.107569,0.816692,2.870965,2.129418,5.029265,4.899587,0.6877620000000001,3.17724,-2.228508,,0.803651,-0.046719,0.201814,0.886039,1.743358,1.590438,4.251676,3.565252,-2.153869,3.26294,-0.035955,3.099982,4.090919,-0.294793,2.728107,1.80643,3.496118,2.032075,-1.746394,0.174407,4.725064,2.843383,1.838312,-0.383307,4.536055,4.70276,0.384339,,2.52863,1.736405,4.636547,1.715768,1.086438,2.213824,3.499576,2.615727,-1.680523,-3.57433,2.976152,1.598131,3.623801,-0.03626,-0.336447,3.502104,3.090991,1.065142,3.0235985000000003,,3.651963,3.099425,3.009271,,3.248233,3.304205,4.345342,4.529421,,5.131837,3.06843,5.102513,2.050963,3.941223,2.759639,2.396833,3.623002,4.185789,2.7822695,,0.296914,2.778697,1.631642,3.34746,4.685789,3.083657,2.601327,5.204972,2.426347,3.845822,2.080685,0.714217,4.334432,2.519152,-3.215498,,4.459653,-2.612226,2.268859,0.97003
NCI-H2110,,3.577664,,3.857759,4.146437,2.909778,4.679635,,-0.077034,1.498148,5.445177,,,,,,-3.079418,-4.869064,-3.725051,-2.873504,-4.656746,,2.768677,-4.561983,1.506936,,-0.595344,2.322304,-6.104124,4.604039,5.239375,2.006872,1.858202,2.589853,5.013684,-4.950076,4.597988,,,-6.276492,-1.090956,1.931204,2.01567,,1.936442,,3.420801,1.585487,4.32275,,1.814665,4.274259,-2.167469,-4.53245,1.815069,3.580496,,,0.997546,,3.267366,-2.928416,-1.760947,0.303724,0.880098,4.352561,3.112395,2.552084,2.348506,5.242273,4.265256,2.006734,2.611926,4.695809,3.429546,2.921017,1.543466,-1.078938,-3.694646,2.24683,1.909979,-2.581164,3.894745,,1.081195,3.003396,3.617447,2.668,0.505305,2.079059,4.524939,5.238169,0.480413,4.949272,-1.432828,2.250983,0.694868,,-0.866652,,0.123173,5.378497,3.022888,4.606552,1.022593,4.977089,-1.329901,2.368835,2.611815,-0.331639,1.470955,2.393226,3.120679,2.838897,3.462196,1.661193,3.450432,1.861768,,,4.808403,5.13504,1.066053,3.382863,1.662802,1.598437,3.750529,3.601952,,1.584078,,4.9383,2.188415,-3.72906,4.114353,3.28577,,1.792159,-1.254095,3.599902,0.264244,3.599117,1.715518,4.070397,2.642049,3.599817,2.85551,2.23384,4.227381,1.500219,5.244845,4.952035,1.952164,5.024489,4.864341,,1.805544,2.953916,4.441032,2.942259,3.843426,,2.918741,4.688045,0.01286,,5.038875,,,,0.540062,5.228765,3.291471,3.267141,,4.710662,,-0.534103,-3.3846,4.550777,4.278125,1.445895,2.79471,1.480615
NCI-H2122,6.647966,2.883464,-0.697602,,3.503449,0.990617,3.727852,-2.007325,-1.182502,0.806036,5.963377,1.508689,4.42828,0.796146,9.889004,-7.124801,-2.905689,-5.269815,0.397609,-3.777243,-2.634238,3.370555,2.842033,-4.468845,1.513941,8.690855,-1.204792,-4.270307,-6.5746795,4.739746,3.764238,0.527964,2.015547,2.033914,3.612928,-4.206243,,1.558025,-1.012382,-4.6008465,-0.419262,,2.31116,-1.49299,,2.262598,3.931718,0.367598,3.052655,5.302301,2.526692,3.988901,-1.183107,-5.977987,2.558295,2.428151,-6.58509,1.1879184999999999,,2.843003,0.854348,-1.685262,,1.033935,-2.674788,,2.9125085,1.670499,1.467458,4.186765,2.587552,2.106812,0.991597,,,0.08645499999999999,0.457411,-0.857977,-1.866987,2.00118,2.804549,-2.523439,4.011178,,2.482458,4.042018,4.760613,1.207042,0.729442,1.760704,4.442596,5.044347,0.739295,4.595994,-2.937096,,0.257383,-1.030207,0.114125,0.460605,0.000648,3.659032,3.304944,4.817673,-2.561853,4.764128,-1.909134,1.14446,2.938678,-0.791861,-0.22416,3.124591,3.325039,1.641819,2.425547,0.041845,3.412665,1.200855,-0.098512,-1.032168,3.716731,3.923114,0.059142,,-1.409278,1.875803,4.332386,2.945352,2.081551,1.250135,1.735514,4.325182,1.575395,-3.540526,3.195025,2.176265,3.955133,0.757118,1.32862,2.462838,-0.379538,1.27884,1.319062,,2.267364,2.694902,2.076796,,4.082551,1.18303,2.234024,4.470987,1.293235,5.218679,3.070696,4.163188,-0.14442,2.813788,2.609658,1.443198,4.991598,4.795482,3.336145,3.259209,0.751953,1.885702,2.261847,4.205034,4.917338,4.22442,1.687546,5.044962,3.73316,3.084871,1.401802,4.29398,4.906284,-1.455613,-2.535506,3.039632,4.047798,3.651214,1.989728,1.461923
NCI-H2170,7.623378,2.888232,-0.359741,,4.947215,3.937027,5.209367,-0.514544,1.728666,0.947926,4.828971,0.53257,2.6316635,1.569104,9.801792,-4.571822,-3.956193,-4.488856,0.379283,-4.138581,-4.812863,3.308362,3.6368805,-5.133414,0.812171,9.215508,-0.996729,-3.385161,-5.529146,3.849787,5.465314,0.554039,-0.916605,3.052373,4.197579,-4.690184,,2.91445,0.0256,-4.5477155,-1.40588,,3.300484,4.677441,,5.37955,4.457062,3.277572,4.363691,6.251749,0.797259,5.383533,-3.868756,-2.471744,0.332212,3.143852,-5.297015,3.593384,,0.751363,1.65203,-2.948957,,,4.554472,,3.8074285,0.92653,2.513579,5.064468,2.672322,1.295818,3.593405,,,5.645554499999999,-3.043466,-0.530009,-3.657707,0.775241,1.635231,-2.05591,5.437736,,-0.505118,3.414941,5.134056,1.471723,4.390062,3.120263,5.482751,4.071261,3.79731,5.391332,-2.651392,,0.07856,0.588804,-1.593385,1.015054,-0.226958,4.262826,3.941032,4.128298,0.373747,5.518395,0.624763,2.48931,-0.509731,-0.606648,4.356574,1.730373,3.090464,2.823207,-0.101251,2.065036,4.700265,1.979607,1.27315,-1.594548,3.220478,4.060996,-0.138102,,3.429954,2.544136,3.416825,3.795067,3.556595,3.086315,2.113429,5.117892,2.383294,-2.445924,4.517034,4.005831,4.122908,2.806933,3.034547,3.612188,0.609895,1.997307,2.028257,,2.488564,5.748336,3.616329,,4.714166,2.335689,5.420273,5.473884,1.731232,5.436465,5.220115,3.861369,0.694466,2.524357,5.124963,2.011353,4.138863,5.084288,3.575324,5.185822,-2.2718,2.54719,3.974939,4.405426,4.035545,5.296017,2.626536,5.092773,4.425265,4.968478,5.433883,1.589158,5.979152,1.596577,-2.384914,3.414173,4.355623,-0.665134,1.878129,2.26446
NCI-H2171,,4.043733,,4.040403,4.287174,3.974219,4.415955,,-0.106636,-0.077943,5.356459,,,,,,-4.038664,-5.425854,-0.859988,-2.631187,,,1.861147,-3.964748,2.683821,,-1.827007,1.796693,-6.856859,3.156235,3.731882,3.171402,1.791554,1.566047,4.338325,-5.526453,4.023435,,,-6.110546,-1.975457,1.119844,1.655409,,2.384309,,,1.962574,3.681934,,2.335155,3.864462,-2.354374,-4.675656,2.728917,3.421965,,,-2.415128,,0.677772,-0.4808,1.249548,-0.245645,2.22301,2.144011,3.013784,-0.419586,2.281798,3.970393,3.155018,1.892588,0.265995,3.579807,0.802762,3.962645,1.078285,0.152372,-5.534685,-1.259144,1.566137,-3.762986,3.731449,,2.796984,3.661765,4.323515,0.970308,2.068124,1.831202,3.484295,4.338355,2.359738,4.062876,-2.789058,-0.417398,0.199423,,-0.867046,,-0.795675,2.882058,3.459335,4.140786,-4.351967,3.957578,-3.937241,1.628308,3.346918,-0.253581,3.645207,1.23435,2.814074,0.094943,-1.850549,-0.376944,3.577774,0.790043,,,3.571342,4.338139,-0.469357,1.83089,3.888317,1.024017,3.594656,2.670169,,1.847984,,3.485376,-0.310264,-3.783273,3.721134,1.777798,,0.1533,1.851422,2.176428,-1.456891,2.069149,0.998537,2.582468,1.376525,2.639994,3.279229,1.341223,4.270052,0.371186,4.259008,3.585776,0.792609,3.690228,3.034761,,1.595319,3.319272,3.388355,2.033746,3.120236,,1.523916,3.012603,2.032167,,3.863975,,,,1.740421,4.19267,3.232354,3.448829,,2.221139,,0.406582,-3.382963,3.645207,3.275297,1.970936,3.473691,1.146539
NCI-H2172,,4.142978,,5.25586,5.543497,5.627639,6.100877,,1.635343,2.70992,6.337082,,,,,,1.009742,-1.193058,1.958397,-1.37081,3.365741,,3.38415,2.615691,3.642478,,3.7586,3.435652,-2.545942,5.157132,5.534156,4.090141,5.514212,2.634304,5.743796,-0.902835,5.751165,,,-1.84857,0.355155,5.35906,5.503852,,3.867144,,3.87806,3.255444,4.061866,,3.902035,5.763415,-1.257413,-0.651661,4.073326,4.484767,,,4.859091,,4.122913,1.260693,-2.422818,1.763438,3.681844,3.624522,5.270652,3.056548,3.324391,4.671449,4.056861,3.678254,4.383652,5.725779,3.181831,5.65393,4.12871,1.27617,-3.716359,3.253452,4.406252,-0.710052,4.504264,,5.052547,4.466183,4.001166,3.824651,2.297739,3.657492,4.927045,5.655617,3.862865,5.61215,-0.627412,2.569892,2.657396,,5.22979,,2.918589,4.843676,4.879839,4.570499,3.580635,5.286587,2.206386,4.935346,4.106937,0.803095,4.410392,1.480491,5.100613,3.81782,3.239987,2.752544,4.20466,3.947514,,,2.730071,5.448101,2.567659,4.591022,3.42854,4.758773,5.719501,3.615759,,2.738139,,4.739483,3.57815,-1.154528,4.998675,5.490872,,2.158414,4.043873,5.503846,4.995242,5.470532,5.410778,3.933661,4.977515,6.06973,4.466542,2.736918,5.51382,4.185227,5.752577,5.451515,2.748511,5.444418,4.885878,,5.011234,3.887553,4.520181,3.185804,4.443228,,2.693542,5.209758,1.357768,,5.463055,,,,2.794443,5.763415,5.04057,4.751419,,3.757076,,2.631295,0.365538,5.06766,5.11954,3.33142,4.884818,4.477248
NCI-H2196,,4.439842,,6.190287,5.997728,4.57835,4.209838,,-0.22014,0.90104,5.789538,,,,,,-3.077442,-0.940555,0.388778,-0.965852,0.942975,,3.569888,-1.971127,4.196343,,1.85802,2.086335,-3.207487,4.962134,6.250993,5.827272,4.64301,2.682552,6.231803,-2.582734,4.91754,,,-2.2643,-0.634356,2.155801,2.232216,,3.150256,,3.936375,3.729148,5.199021,,4.461431,6.334678,-2.424502,-2.26659,4.689372,5.44222,,,2.614639,,2.211241,-1.058671,2.756605,-1.007282,2.54989,1.593751,4.171298,2.273472,3.667733,4.803439,4.6036,1.711514,5.956583,5.935439,3.981055,3.360955,1.408376,-0.532732,-2.316143,-1.006152,4.658888,2.65884,5.876129,,3.920371,2.241382,5.774409,3.666409,4.344149,4.637749,4.895093,5.996394,5.311018,6.202531,-1.99614,3.203559,1.633102,,6.343811,,0.645512,3.702559,4.593579,2.990485,4.706481,5.95674,3.484104,2.333237,5.081492,0.254826,4.731484,3.265955,3.202471,1.031894,-1.700276,4.841571,5.840737,1.757642,,,3.507705,4.982806,0.814689,2.813768,3.740526,3.323832,4.882449,3.346104,,2.531743,,4.638953,5.288772,-0.116558,3.464654,5.953361,,-0.394062,1.126268,3.267206,0.850351,4.469574,2.053533,3.24069,2.43024,3.197434,4.238174,2.796186,4.746817,2.043164,6.152302,4.543893,1.953174,6.062647,5.174293,,1.751324,3.999198,5.911341,3.542973,5.259968,,3.653998,5.884452,1.752789,,5.78389,,,,3.477358,5.956583,3.383961,5.07288,,1.619696,,5.768111,-4.342759,5.665364,5.908711,2.32452,5.789983,4.155299
NCI-H2227,,0.962219,3.199735,4.071407,5.45073,6.379385,4.324796,-0.241106,0.317707,0.523694,3.996642,,7.267571,,,,-3.735166,-4.497247,-1.866346,-2.477295,-3.155417,4.591826,4.8620555,-4.847791,4.682301,,0.016971,3.828193,-4.485916,6.285441,6.291739,3.280045,6.232738,2.752599,6.289536,-5.439668,6.165566,,-0.071448,-2.821217,-1.58212,2.063589,6.291739,6.223583,2.409638,,,3.461944,5.589643,6.977821,4.656003,6.291739,-2.315801,-3.486638,4.682301,5.374426,-6.304484,3.501722,-2.06215,,1.367501,2.075187,-4.975907,3.488464,1.407642,3.178242,3.9108135,1.424673,2.99965,5.754431,2.823334,0.666973,0.97037,6.210768,3.017583,4.1947665,4.000691,1.53592,-5.867594,2.160211,3.362607,-1.979197,6.291377,,4.920112,4.022751,6.291739,2.408319,2.845818,4.159572,6.538675,6.291739,3.205896,6.291739,-0.52259,1.357258,2.242826,4.02855,-1.680161,5.334696,4.088143,3.306327,6.689421,4.964119,-0.428476,6.29035,0.10196,2.9773,6.749637,1.373353,3.163892,2.888702,2.722477,6.073671,1.090555,1.070637,5.276619,4.33644,6.178841,,6.410683,5.498477,-1.149003,3.069699,1.835509,2.621451,4.725254,4.682301,,2.772124,4.608217,6.15085,-0.399724,-2.269528,4.755345,2.157442,5.077182,1.622987,1.532898,3.941837,3.893356,2.012003,4.986106,3.751595,6.171496,4.882461,5.075628,1.586371,6.261328,4.311985,5.436566,4.867167,0.907633,5.829055,6.388001,6.033811,5.944837,5.860154,7.017476,3.903651,3.009731,,4.444102,1.752349,0.12399,3.984143,4.178159,4.239439,6.196325,,1.747145,5.890498,3.955422,5.451238,4.069698,3.167892,5.760386,4.883187,-0.503267,5.598591,5.127568,-1.150926,2.587735,3.429712
NCI-H2228,7.279782,5.076906,1.48268,,6.74125,4.902864,5.250088,-1.163625,2.61631,2.337363,7.64027,-0.101907,7.5699115,4.301638,10.263411,-0.659718,-2.713363,-2.139384,-0.043845,-1.874585,-1.372782,5.556328,5.22778,-2.641211,4.021651,10.206273,1.00003,-0.66862,-2.45422,5.043286,5.889763,3.596674,5.305472,3.621739,6.667794,-4.084219,,2.398859,0.531886,-2.3544695,-0.047986,,4.762215,4.121807,,5.615347,3.04668,2.450855,5.289813,6.840328,1.621722,5.835773,-1.175179,0.255178,3.344587,4.657901,-5.165029,2.3574330000000003,,2.64333,3.907898,-0.892263,,1.263542,1.969299,,5.489720999999999,2.68554,3.283754,5.557796,4.104169,3.691183,5.413835,,,5.120151,2.359901,0.330705,-2.67885,4.417492,4.962336,-0.443325,6.045281,,4.250737,2.600928,6.044362,1.171946,3.713064,2.586359,6.632128,6.759876,3.3957265,5.835516,-1.788809,,1.234057,2.427953,3.044437,4.08723,0.61348,4.717852,5.001941,3.722023,1.463123,6.493046,0.77989,3.531416,6.265531,0.954802,2.813388,6.630318,3.706444,1.712524,4.176281,0.952734,2.85729,3.566456,1.455622,-0.134175,4.579662,6.793674,0.106267,,1.614271,3.616756,5.53795,4.980673,4.884228,4.548821,3.896094,5.193463,2.890861,-1.084653,4.438224,4.415854,1.563488,3.366279,3.294974,6.519674,1.235086,3.781378,2.4084045,,3.071733,5.601495,3.807671,,5.460545,2.64889,6.44299,6.528134,3.344938,5.635814,5.857169,6.019638,4.137304,3.981093,6.872133,3.18254,5.282337,5.997547,5.5712785,5.854501,3.072226,4.206467,3.775509,6.026016,5.470482,5.728379,4.096637,6.778412,5.842083,6.265572,6.406778,3.740047,7.310265,0.130753,-1.995689,4.769353,6.546132,3.021049,3.034007,4.619992
NCI-H2291,,4.611839,,7.280284,7.702343,4.610593,6.691092,,1.05641,3.069127,8.344225,,,,,,0.492346,-0.750638,1.840012,-0.609748,2.502293,,5.310371,1.393675,3.533,,0.780832,4.400748,-1.510957,7.262228,8.001152,4.158938,4.162337,4.428904,7.299234,-4.411929,7.554289,,,-4.426339,-1.610471,5.166851,4.371137,,5.694879,,3.633062,5.560478,6.911684,,1.21527,6.650383,-0.41022,-0.476811,4.931169,3.810887,,,3.879786,,7.736637,1.630166,-0.929833,3.121013,-2.717417,8.021882,6.235287,3.546333,3.408008,7.111082,7.203355,5.115496,2.167199,7.236062,4.753613,0.687519,1.72675,1.8401,-5.804198,2.453946,3.394507,3.212562,6.849479,,4.273215,4.011151,5.949773,4.013059,0.73019,5.910427,4.797803,8.078712,0.423248,7.556567,0.123153,5.019168,2.444186,,3.2869,,1.424196,6.652937,7.073971,6.19961,4.429579,7.171951,2.941934,3.661749,4.392325,3.280559,-0.802213,6.916331,6.750279,2.879843,2.068551,2.881936,7.951613,3.685852,,,6.308084,6.813431,0.937805,4.015277,-0.693507,3.025652,7.138808,4.65503,,5.376346,,7.22234,2.780292,0.619174,7.81801,3.621128,,3.074215,4.284412,5.857008,1.485633,5.708967,3.930972,5.182519,2.041501,7.42385,6.205571,4.24033,5.802505,3.324741,7.091199,7.53438,3.500903,6.423257,5.996038,,7.084242,5.21024,6.760778,4.933477,6.284622,,4.227359,5.946848,1.810679,,7.576481,,,,2.915411,7.220699,6.484652,3.57294,,3.416328,,2.568144,-0.74337,7.306467,6.53576,4.748299,2.996928,7.33479
NCI-H23,7.713834,5.113054,3.568758,,5.20614,5.516448,4.634292,0.456243,3.277881,1.643015,6.420667,0.357146,0.047180500000000014,4.038174,10.202358,-4.846995,-2.503001,-1.786905,-1.596335,-2.040929,-2.642506,3.637939,2.9048885,-4.697282,3.371457,8.866208,0.254041,-1.717598,-3.5225074999999997,5.201009,5.235748,3.108025,4.592473,2.025239,5.315714,-4.55464,,2.003848,-0.5934,-3.5368630000000003,-0.879736,,3.485998,5.536039,,1.909866,3.915335,1.833807,4.317741,5.131473,2.327063,5.315879,-0.899385,-3.940107,3.245997,5.543694,-4.506911,0.8716630000000001,,1.886237,2.444436,-0.687365,,1.609282,1.085171,,5.050396,3.725901,4.162199,4.634488,3.81129,3.250537,2.371584,,,4.32672,2.135284,0.044692,-5.978775,3.062524,3.81888,-2.547753,4.730109,,5.364262,5.188711,5.169742,2.443789,3.376646,4.162298,5.150564,5.31531,2.6416165,4.640901,-0.633248,,0.973484,0.135085,-0.917865,2.406547,2.579571,3.309964,4.881716,3.737946,1.535644,4.621283,1.888126,4.208923,4.779736,-0.576833,4.065366,5.315269,4.057991,4.606576,2.291521,1.894861,5.044702,3.224973,5.315623,2.628411,1.073567,4.922291,2.059672,,1.930582,4.473886,5.275803,3.706179,4.615999,3.095335,4.106179,4.88908,1.485823,-3.285441,1.785579,4.812062,5.299654,2.460041,-0.178852,3.622726,4.661952,2.774075,4.6765895,,3.962795,6.394008,3.081493,,5.091643,4.945572,4.883366,5.30989,2.257401,5.30811,2.173742,5.315879,3.007971,3.747903,2.611147,1.310457,5.197563,4.905434,3.9476774999999997,3.51956,2.942427,2.612441,4.744129,3.692613,4.020792,4.453946,3.234628,4.455121,4.995761,4.792736,-0.26245,3.97555,5.029191,2.552656,-2.230079,4.522743,5.245259,2.674798,4.60654,3.198838
NCI-H2452,9.026515,2.753186,,,5.84264,5.045171,,,,1.541113,7.377366,2.088187,,3.529431,11.035689,-5.547894,0.275257,-4.187376,-0.896628,-4.298681,2.539345,,3.131771,-1.321741,5.123996,8.762137,0.518293,0.518595,-5.043626,5.689559,5.608399,3.225052,2.838294,3.40583,6.446322,-4.564688,,3.289192,,-3.408096,-1.268432,,3.251589,,,2.813387,3.228125,,2.486456,,-1.340109,5.407594,-2.450605,-2.578576,3.055067,3.13644,,3.428656,,5.80927,2.752441,0.561582,-0.319615,-0.033897,2.652775,,5.267691,3.58431,,5.588078,4.474609,1.314498,,,,3.544579,1.400839,-1.977433,-5.634853,2.910238,3.974905,-3.524192,5.540167,1.756798,3.8224,3.48222,6.166072,3.234671,3.824558,4.680476,,6.376775,3.8849044999999998,4.99709,-3.425408,,0.801342,0.023616,5.02035,,1.326182,4.502361,2.036852,,2.562883,5.490325,3.008546,3.136547,,-0.53444,4.597254,3.599161,,2.402465,6.181324,,,2.406471,,-0.787314,,,0.470981,,2.790279,,3.7697,4.871988,4.372775,1.650107,,5.030332,3.22607,,6.597085,,,3.097382,,4.739318,3.268279,3.709069,3.995181,,2.724714,,,,4.437389,3.468888,5.731162,5.276559,2.233055,7.224709,,,,,,5.027113,5.315719,6.538998,4.147038,4.6982,2.711429,,,,,5.461744,3.463208,,4.655621,4.755344,,1.015989,,1.885921,-3.558145,5.559925,,0.896648,2.863457,4.454692
NCI-H28,9.932566,6.723015,3.368393,,6.916322,6.427008,7.257964,2.865208,5.057508,3.130239,8.973758,4.430367,8.593072,4.23771,10.575811,-0.022457,0.226138,0.98271,0.509119,-1.85893,0.016284,6.141007,5.3370945,0.787904,5.627995,9.880844,1.053086,-1.037157,-0.5762745,6.806054,6.642007,3.513829,3.733069,5.532945,6.966543,-1.689569,,4.444102,3.214199,-0.9515325,0.0341,,4.895674,8.456055,,7.308869,4.039548,4.887651,5.887268,8.54533,-0.459304,7.697878,1.415589,0.49233,2.130636,2.536956,-4.312504,5.7223714999999995,,7.926561,5.395204,0.98961,-2.696026,3.091375,3.65903,,5.222099,5.068824,5.418571,7.477018,5.277778,2.856078,1.698454,,,5.594928,1.765078,0.982628,-5.639642,3.639774,5.235977,3.571726,3.909465,4.122107,3.313739,5.582787,7.373367,3.547619,5.92009,6.078539,7.343814,7.890466,4.977282499999999,7.824775,1.141229,,2.62868,1.658731,6.450834,5.701457,1.919434,6.69254,6.268209,7.199393,2.981069,7.16156,3.701757,6.024548,3.024403,1.341743,3.860915,6.362331,5.888723,4.618703,4.154839,2.285572,7.142259,5.02904,2.455381,2.875194,7.572081,7.103432,1.629814,,3.438469,3.837304,3.190873,5.071537,7.062557,5.209154,6.637057,6.891293,2.297527,-0.783875,6.428001,3.111209,3.376017,3.445978,4.741775,5.983275,2.713302,5.304025,5.24627,,5.374892,6.470698,5.340019,,4.954387,5.10634,7.536545,7.657232,2.811439,7.963084,4.332628,7.707729,3.589258,5.493689,5.670418,5.07187,7.130202,7.890466,5.5581995,5.250281,4.143879,5.194226,3.852471,5.813892,6.430758,6.851287,3.89338,6.722708,7.399931,6.398709,7.890466,4.814199,7.739719,2.111365,0.727166,6.033656,5.629925,5.749125,3.180343,6.32607
NCI-H292,,2.859991,,4.237034,5.223703,2.634468,3.865568,,0.208892,1.478658,3.999025,,,,,,-3.758359,-5.507217,-2.458284,-4.068631,-4.063171,,3.087656,-5.019824,1.580946,,-0.985361,3.027515,-6.661584,5.541053,5.532825,0.319285,-0.372644,2.402073,5.506593,-5.371085,5.030603,,,-6.722054,-1.771717,1.742002,1.922404,,1.622331,,2.001465,1.23665,4.516593,,-0.954039,5.542934,-3.324529,-6.013829,0.841688,3.195285,,,0.908927,,2.20878,-0.903876,1.134562,-1.010531,-1.532902,4.347795,2.139766,0.717655,2.271312,3.200035,3.758136,1.259915,1.983564,5.534227,2.222225,0.781966,-1.419728,0.279877,-6.557969,2.191965,2.101019,-3.36394,2.017982,,-0.273443,3.90381,3.990185,1.255218,-0.248438,1.336496,4.842782,5.476736,0.766969,5.53567,-3.084422,-0.075539,0.10056,,-0.143055,,-0.993878,3.272487,3.668926,5.508877,-0.484119,4.092231,-1.961968,2.667185,-0.746076,-1.101585,0.537072,1.795479,2.810307,0.498573,2.823718,-0.010855,2.640608,1.772053,,,2.944947,5.054381,-0.249662,1.673498,0.04544,1.307646,5.081437,2.825472,,2.796936,,4.278948,1.532962,-3.60002,3.982942,1.681784,,3.093562,1.14704,3.101055,-1.382492,2.928121,2.059317,3.205014,1.007747,3.226392,3.044432,2.472893,5.169127,1.467805,5.799192,5.02723,2.173718,4.733441,2.541217,,2.244558,3.192749,4.067754,3.238523,4.309664,,2.543975,4.177084,-1.083086,,5.541053,,,,-0.86673,5.441051,3.378448,0.585228,,0.465002,,-0.31486,-3.462747,3.57912,5.513304,-2.200435,-0.881186,1.14795
NCI-H322,7.484139,2.743257,4.868405,,3.903232,3.925572,5.450189,1.105506,3.585789,1.300866,7.299064,0.171254,5.0576045,2.07816,10.088708,-3.356921,-0.943241,-1.60769,-1.438142,-2.952873,-1.294323,3.810372,4.691949,-0.720557,-0.851457,10.262536,0.588257,-1.338012,-2.8408800000000003,5.599033,4.848591,-1.215501,1.154907,3.138008,5.773017,-3.536111,,2.180814,1.100852,-4.935385,-0.588622,,3.195841,3.761679,,5.664188,3.849761,3.254912,4.233608,6.846763,-0.683977,3.860211,-2.142199,-2.594962,0.435289,1.630199,-5.868652,3.8623244999999997,,3.933001,5.142592,-0.925275,,1.044619,-1.779523,,5.064864,2.70943,3.951083,4.837889,5.147872,1.38762,2.546343,,,1.3286915,-2.912927,-2.028726,-3.99594,3.309073,1.600512,-1.106418,5.598476,,-2.471118,3.499439,6.043629,3.559695,1.377155,2.744871,5.977886,6.199501,0.8157355,5.94819,-2.708408,,0.675012,0.869211,0.734329,1.906874,-0.647774,4.898174,3.279404,5.976484,3.900823,5.686082,1.764184,3.694549,1.179703,-1.494409,0.295884,4.42492,4.580194,2.497304,3.706733,3.853672,6.054886,2.986218,0.838469,-0.445241,5.973909,4.975919,1.497253,,-0.242021,2.620793,3.046952,3.396578,4.714973,0.887625,2.613516,5.691897,2.033937,-2.789854,4.699029,3.453066,2.942347,2.258197,2.454583,1.669982,-0.453131,3.246532,3.312993,,1.893822,6.478748,1.537983,,5.332305,3.957397,4.232726,6.436354,2.556456,5.392366,4.765557,5.992393,0.246298,2.444381,6.667401,3.017713,5.548345,6.202541,4.675104,4.77602,-1.380772,3.432626,2.262309,4.257678,5.380526,5.378724,-0.728452,5.164206,5.053402,4.842963,6.192405,3.161235,5.493234,1.796107,-2.115751,4.757854,5.470778,3.480859,2.261751,3.931145
NCI-H446,7.711832,1.736516,4.497835,,3.861674,5.291405,4.995549,-0.792201,0.357298,0.259889,6.288572,1.435325,6.2196715000000005,1.477364,9.46604,-7.478125,-2.29506,-5.3066,-1.4294,-3.576016,-1.403758,3.432566,4.046825,-3.428062,3.985245,9.078306,-1.81183,,-6.244897,4.850512,5.190047,2.914341,1.729157,2.073771,3.692879,-5.927487,,0.650716,1.149734,-4.80608,-2.094109,,1.384761,-0.49042,,3.596345,3.070725,2.888518,3.739116,5.275197,3.725964,3.906327,-3.177032,-6.035419,3.012375,4.161695,-6.223184,1.9431850000000002,,2.778897,0.684638,2.009446,,0.320283,1.918446,,3.927385,-0.131111,2.240455,3.348134,2.700769,1.01399,0.515291,,,4.2991145,0.628455,-0.080759,-4.326498,1.339468,2.471599,-4.185024,5.39623,,5.286077,3.516337,5.280418,0.63292,3.71911,4.507526,5.224882,3.532452,2.6131295000000003,4.045994,-2.355173,,-0.153303,-0.381172,2.931719,2.277713,0.236453,3.553543,5.690637,4.850621,-2.252153,4.290342,0.060815,1.493271,4.348187,-1.097373,2.421501,3.182539,4.246203,1.12937,0.940893,0.175455,4.965203,1.661062,1.166402,-1.368354,4.356114,4.005172,-0.935989,,2.754676,5.165472,5.268753,3.623473,1.343478,4.441732,1.04094,3.66126,0.198768,-3.499571,4.822996,1.631116,1.928253,1.035729,0.449467,4.656301,1.308983,-0.221359,0.8375095,,2.117978,2.918713,3.708753,,4.519909,3.821475,3.275432,5.308804,1.789491,5.241642,3.838507,4.978842,3.125544,4.58342,5.329109,1.493509,3.435946,4.947356,3.0032005,3.800431,1.710193,2.979539,3.672705,4.066267,4.922895,4.811261,2.251156,5.012456,4.972023,3.300894,3.70779,3.722545,4.517712,1.730357,-1.870837,1.572645,3.945238,3.097904,1.108488,1.610663
NCI-H460,,2.630363,,4.887598,5.217952,1.633127,4.79509,,0.507389,0.937005,5.382153,,,,,,-4.579412,-5.149496,-2.598783,-2.805825,-4.421996,,2.990457,-4.927142,3.647085,,-1.15539,2.563592,-6.668146,3.287536,5.18574,2.089231,2.931508,1.855987,5.016687,-4.946921,4.706287,,,-7.486313,-1.079167,1.384801,2.142159,,1.585113,,2.248935,2.991842,5.294427,,2.838061,5.18457,-4.614447,-4.632556,2.172921,1.0839,,,-1.891244,,1.434341,-3.428237,-2.788658,,-1.377932,2.867514,2.138343,0.53365,1.424789,4.131399,0.940315,3.737027,0.341591,5.294087,1.101644,-0.260144,2.673805,-0.065317,-4.636831,3.300317,1.683428,-3.429777,0.800679,,4.214884,1.081496,4.340483,1.389011,0.950382,3.207081,3.789632,5.266857,0.592388,5.208102,-3.408463,0.827332,0.449731,,-0.016515,,-0.172501,2.423711,2.841178,5.003303,-2.099166,5.087391,-0.417541,1.193072,3.174087,0.813769,0.345742,2.696695,1.368195,0.635059,3.647579,0.170205,3.99235,1.10875,,,3.905573,5.044517,0.181886,2.679305,-1.021007,1.816247,3.441001,1.622098,,1.537631,,4.098551,0.717607,-3.937096,5.291655,2.608202,,2.003907,2.593103,,-0.649143,3.195437,0.260541,3.244514,1.389231,2.934483,3.1441,2.297692,4.05048,0.918175,5.26799,3.367542,1.906277,3.221697,4.607657,,0.652091,2.754837,5.606776,2.991842,4.278956,,2.961042,4.032022,1.466657,,5.275749,,,,0.978099,5.294427,4.270298,1.836745,,1.930926,,0.679746,-4.316572,4.60128,4.712967,-2.843555,1.497624,1.145047
NCI-H508,,5.377855,,4.298314,5.235162,1.346598,5.395329,,0.492095,0.902932,6.286918,,,,,,-3.230379,-4.209323,-1.154794,-2.069445,-2.084116,,3.462625,-3.189963,0.711814,,-0.717675,1.56181,-5.044317,5.600859,3.255327,0.131133,-1.178017,2.499645,5.76521,-5.636864,5.237525,,,-5.024575,-1.9219,2.709984,2.776149,,5.363896,,1.676484,2.888987,4.600475,,4.155772,5.741739,-2.391387,-4.318317,1.972915,0.912163,,,-2.19569,,1.033067,-1.038663,-2.566443,0.83908,-0.728873,3.952497,1.522016,0.545431,0.785728,4.701252,4.98569,2.695683,1.210577,5.268196,2.551888,-0.328762,-2.727494,-0.190428,-3.868645,1.077319,2.05482,-1.822311,6.067375,,-0.558598,5.503538,5.764931,1.544274,1.991066,2.307983,4.046387,5.75768,1.354978,5.76521,-1.924459,1.645619,1.116058,,1.058355,,-0.021256,5.562912,5.721631,4.950584,-0.894092,5.009411,-1.513592,0.07142,-0.298896,0.428619,0.642644,2.9022,4.604437,-0.044721,1.257116,3.758521,5.654909,0.595818,,-0.839009,4.403395,5.667536,1.061255,4.091304,0.267433,3.658346,3.035176,1.737859,,2.748265,,1.732437,0.824466,-3.676179,5.266451,1.008757,,2.380413,4.29766,2.895713,-1.382521,3.867739,-0.741676,4.104608,1.511635,3.855885,3.724277,2.769478,4.700628,0.412572,5.122101,2.7409,2.453569,2.972041,4.458844,,1.768866,5.281283,5.603655,3.45817,5.077576,,2.66944,3.178856,-0.998904,,5.670698,,,,-0.228278,5.76521,4.397706,3.741463,,1.937919,,2.331506,-0.421375,5.072063,3.968061,2.363392,2.062354,1.858276
NCI-H510,,2.498827,,3.882389,4.462062,2.7562,4.603297,,0.592195,0.504123,3.803876,,,,,,-2.583512,-4.781997,0.122865,-1.641452,1.244719,,2.982987,-3.388383,2.511535,,-1.359664,1.686167,-4.96492,3.146541,2.549643,4.779964,3.090548,1.693972,5.235027,-3.685252,4.735947,,,-4.563855,-0.494094,3.360265,4.761673,,2.060844,,3.417227,2.587755,3.694339,,2.757138,5.237368,-0.733667,-4.937897,3.676202,2.808793,,,-2.198269,,0.732925,-0.892092,-5.226336,2.271686,2.332003,1.737772,3.37699,2.283448,1.759986,4.976082,1.989696,4.994114,4.795171,4.74935,1.501874,2.792672,1.444973,0.492993,-3.987551,-0.548415,3.153573,-3.916659,4.68219,,4.167766,3.222198,4.413761,1.498848,2.532603,3.851754,4.039626,5.257756,2.62482,4.604371,1.276491,2.096649,1.024985,,-4.343407,,3.076909,3.232531,5.266386,3.532241,-3.118174,4.985465,1.778164,4.824079,3.394776,-0.380818,1.890063,3.892849,2.907058,3.691869,-1.76327,-0.698888,3.592097,4.994402,,,2.521856,4.775806,2.269429,4.994008,3.097473,4.882965,2.864619,3.385358,,2.501993,,3.419683,3.519946,-4.12912,2.610862,4.994615,,-0.898909,3.072246,3.953726,4.802585,3.795299,4.828758,2.31767,4.592774,4.77455,3.441844,1.66988,4.373806,5.111386,4.950672,3.196947,0.621548,3.959939,4.757469,,0.859767,4.953126,3.863868,2.467621,4.52995,,2.68795,4.994627,1.040101,,4.968372,,,,1.891947,4.994796,4.332701,4.380983,,3.821385,,1.922218,-1.378762,4.592492,4.994796,2.522787,4.430012,2.39226
NCI-H522,7.167318,3.734936,3.015681,,5.419958,6.681702,4.682365,0.100983,1.915722,3.763028,6.711415,1.775323,4.107727000000001,2.084185,10.020647,-4.374151,-1.035037,-3.398682,0.997735,-1.959427,0.282979,4.081539,3.5879455,-3.21459,2.519677,8.498651,1.385564,,-4.465137500000001,5.633294,5.306635,2.835668,3.721459,3.590051,5.683421,-4.196373,,3.178401,1.372133,-2.470948,-1.314045,,3.665196,6.123091,,3.336019,3.439856,2.471512,4.939521,5.965224,2.076157,3.906851,-2.46215,-4.284544,3.11364,4.416259,-4.513661,1.092834,,3.002025,3.760358,-0.505614,-6.045242,1.85419,4.713566,,5.057829,4.506295,3.460278,5.432258,3.565141,3.770018,1.750741,,,5.6012355,1.63302,2.481553,-3.646127,4.867342,4.901567,-2.805877,5.039609,1.567725,3.614534,4.340885,5.334515,4.045613,2.808637,4.135141,5.55019,5.6934,2.315891,5.124193,1.617088,,1.650201,1.109268,2.488515,2.956653,2.410021,4.601431,4.160978,2.852046,3.355729,5.409842,4.674216,5.229204,4.894755,1.241227,3.98524,3.521546,3.600136,4.570179,3.869182,1.468919,4.861855,4.501476,3.490269,1.977742,4.553254,3.859141,2.773949,,3.925106,3.0733,4.157647,3.714162,4.556528,4.693435,4.477981,4.806486,2.383657,-3.533339,3.374672,3.382537,4.700888,2.901927,1.478557,5.599318,3.737142,2.395098,3.829683,,5.280983,4.554272,3.652525,,5.345553,3.930663,5.690526,5.330148,2.380357,5.624459,3.374082,5.685391,4.073166,3.265258,4.038795,3.360856,5.642412,5.6934,3.9361180000000004,4.657071,1.852038,2.856434,3.80936,3.198254,3.709755,4.254392,2.762315,5.099687,5.369049,5.679228,0.746721,2.262943,5.689507,4.192315,-0.428432,4.648748,3.482329,5.063776,3.022085,3.730374
NCI-H524,7.194128,2.185424,3.150605,,4.878221,3.805337,5.03551,1.987848,0.94952,0.757909,6.250153,2.031386,5.6664255,0.588379,9.553525,-6.402291,-2.105473,-5.830038,-0.747645,-3.19854,-1.745001,3.270098,2.867027,-4.690828,2.977481,8.725424,-1.744398,-2.578394,-6.8074205,4.582611,4.868403,3.085079,2.9413,1.933276,4.415446,-4.861127,,1.530892,0.498556,-3.765703,-1.838506,,2.545855,5.33412,,2.632242,2.38429,2.151996,3.067282,5.449178,2.652407,3.681827,-1.054666,-5.707689,2.339107,3.273356,-6.251021,2.786586,,1.750988,-0.235714,2.43364,-5.933474,1.207017,3.241711,,1.7051865,-0.363355,1.888346,4.102372,2.290281,2.024916,2.29077,,,4.5509615,0.602449,-0.280306,-5.802943,-1.284422,3.770293,-4.29661,3.414199,0.632878,5.012813,3.173418,4.879536,0.419219,2.325303,2.696238,4.462728,4.879366,2.3449415,4.190765,-0.805503,,0.131424,0.148773,-0.036744,0.647708,0.842264,2.505057,3.587607,4.879536,-2.130288,4.221145,-0.407605,3.304328,3.32892,-0.104403,3.84436,3.086279,2.716709,2.166497,-0.879853,-0.322223,4.30712,3.144718,1.418623,-0.087244,2.922504,4.878631,-0.414195,,2.984167,2.020433,3.676904,3.186783,2.983925,2.428926,1.360166,5.228941,1.041274,-3.845012,3.315933,2.518732,1.282223,1.383428,0.771361,3.126438,1.813037,2.466698,2.9721135,,4.856191,2.570004,3.59226,,4.220252,3.158337,4.870343,4.556668,1.641808,5.15731,3.512821,3.570196,3.488694,4.522442,3.596632,1.015984,4.168482,4.038133,3.7278054999999997,3.930932,2.576951,2.576951,1.871779,2.363116,3.40164,3.353074,2.99749,4.878875,3.764445,3.825741,2.105674,1.350391,5.534228,3.421321,-1.326047,4.150312,4.471176,4.551894,2.21287,1.328909
NCI-H526,7.015484,4.764684,-0.243016,,4.522096,2.19929,4.329967,-1.124607,0.353534,0.828418,6.081153,3.042666,5.9011945,2.862721,9.55224,-4.760824,-4.845675,-4.348477,-0.180183,-3.48557,-1.810381,3.300983,3.032564,-6.520318,2.605204,8.065424,-1.576189,,-5.035731500000001,4.93176,4.930719,2.645512,4.660951,1.290205,4.75633,-4.420811,,0.471272,-2.487789,-2.4372895000000003,-1.19217,,2.465732,3.061635,,2.517597,3.759544,1.709625,3.836021,5.164362,3.248877,4.549347,-1.282848,-4.802791,2.678449,4.32693,-6.131413,3.328723,,0.120266,0.819482,-0.131513,-5.902742,2.10511,2.623642,,2.0452105,2.277632,2.212625,5.120326,3.473738,2.870344,-2.408945,,,5.078094999999999,1.592103,0.920633,-3.682202,-2.541733,3.0172,,4.794371,1.56102,4.363881,3.669,4.930779,1.537661,3.376312,3.824965,2.929007,4.712768,4.1341625,4.815668,0.32085,,0.988741,0.516336,-1.974876,0.575463,3.68303,2.855201,3.348518,4.923272,,4.93176,0.18907,3.88039,4.927752,-0.009716,3.991752,3.47093,1.253209,3.808938,-1.912682,-0.115445,2.594124,3.719356,2.186803,1.038631,2.090798,4.503819,2.137702,,4.827196,2.802179,3.601822,3.322322,3.308369,4.424888,2.501366,4.447299,-1.661265,-3.806404,2.007381,-0.963523,2.222462,-0.947697,1.753231,4.931554,4.133876,2.412531,3.6263805000000002,,3.63239,6.000951,2.913985,,4.826263,3.76328,4.69298,4.107079,1.917973,5.105902,2.134521,4.109993,2.711649,2.895939,2.517162,1.955473,5.210496,3.966749,2.9887185,3.436249,2.177516,-0.492764,2.996107,1.594639,3.916802,3.120185,2.808088,4.872609,2.634082,4.107091,3.166629,4.173007,4.240752,2.674778,-1.00538,4.167222,1.971522,1.609075,1.816597,3.46644
NCI-H596,8.274441,2.391336,7.146993,,5.994086,4.649583,5.857672,1.88835,4.139779,3.042753,7.832308,4.421049,7.028428,4.463658,10.509135,-0.377451,0.626039,-1.566744,2.05932,-3.27337,3.774334,4.583486,4.10384,-1.458978,3.288105,10.149351,2.546049,-1.747042,-2.9918355,5.558434,4.24404,3.884746,4.882947,4.023614,5.941491,-4.38723,,3.638296,2.102967,-2.935508,-0.910443,,4.420266,4.54311,,3.731532,3.523712,2.553435,6.053674,5.746497,0.625938,6.060657,-2.86576,-0.936249,3.704087,6.158836,-5.171309,4.112518,,3.755788,3.637134,1.733428,,0.91912,2.694853,,5.827917,3.202182,3.848762,5.243149,5.489586,2.724034,2.043083,,,3.9299310000000003,2.124712,0.408533,-0.46883,1.701085,3.887952,0.71918,6.377652,,4.53632,5.820527,5.98715,3.810119,6.002585,4.097443,6.08082,5.048667,5.015125,6.059496,-0.862313,,0.889994,0.684147,5.793753,2.498773,0.914571,4.247016,5.37448,5.181786,2.313108,5.181178,1.15873,3.952725,4.23242,1.380725,3.48015,3.085938,3.866662,2.52689,1.471642,1.705807,5.829361,3.3893,0.761289,0.579703,5.972488,5.499796,0.334668,,5.299388,3.22001,5.918583,4.578948,5.17501,3.055494,4.184742,5.46247,1.653657,-2.624213,5.245894,3.307,2.293333,3.331451,-2.897443,5.756394,1.016511,0.229153,2.503341,,3.600048,3.093223,3.798419,,5.96865,2.41083,6.191296,5.339942,2.423966,5.594384,6.027415,4.974018,5.2758,4.009524,5.641243,3.304789,4.518135,5.070225,4.6038760000000005,4.037572,3.506167,2.490535,4.644949,5.078425,5.979445,4.925275,4.048966,5.9745,6.188489,3.997087,4.585531,2.283599,5.231167,0.705528,-0.148173,5.461806,4.891641,4.873423,2.669181,6.148051
NCI-H647,,2.597214,,4.858972,5.770685,3.629322,4.438516,,0.769317,1.739763,4.416279,,,,,,-2.864873,-4.732118,-0.895897,-3.259162,-1.481637,,3.4681,-3.309552,3.227669,,-0.60109,3.433172,-5.326291,3.173629,5.759516,3.320686,2.923268,2.679194,5.766479,-5.262267,4.647367,,,-4.966163,-1.83581,2.287767,2.399858,,2.546025,,2.613394,3.151348,5.008343,,-2.687111,5.155934,-1.617005,-2.929026,1.506806,2.959081,,,0.474277,,2.813749,-1.82343,-1.71786,1.848231,2.227734,4.363847,3.956526,1.320755,1.613621,3.450921,3.489092,1.832733,1.161798,3.83921,1.64577,2.946286,2.076811,-0.138491,-5.177285,1.513906,0.935305,-2.392416,5.014931,,4.381439,3.20696,3.900292,2.022478,1.998596,4.43585,3.777201,5.724372,3.951853,4.849548,-2.634765,1.54315,1.303335,,0.334385,,0.636355,3.538122,2.5096,3.710741,0.538152,5.176159,2.042265,2.537773,2.910898,-0.531497,1.867766,1.161641,3.1622,2.540577,3.936904,0.466028,3.531825,1.59258,,,4.557838,5.714206,-0.151782,2.758949,2.293511,2.198763,4.836681,4.062265,,1.627246,,4.349094,0.73,-3.47851,5.749212,2.955169,,2.108784,1.181048,1.449134,1.911944,3.617801,3.552015,4.022049,0.847297,6.121795,3.617295,2.739153,3.910328,3.25361,5.769486,4.268724,1.661565,5.611333,3.982868,,1.134276,1.940356,4.489982,3.396591,3.135354,,3.317225,5.704589,1.110281,,4.516601,,,,1.335795,5.770685,3.646236,2.603355,,3.889368,,1.381249,-2.638041,5.077538,5.359984,1.529686,3.018193,1.625562
NCI-H650,8.035996,3.710577,5.400365,,5.397311,6.025108,5.771543,2.052251,2.548472,1.870125,6.717972,3.544884,6.381209,1.631309,8.194967,-2.325592,-2.659748,-1.601221,-0.85189,-2.587145,1.068273,3.699989,4.1328185,-3.229073,2.496927,9.269769,0.256177,2.611716,-0.4287675000000001,5.056701,4.428675,3.446104,4.721195,2.321375,5.305032,-3.821242,,1.508094,0.468044,-3.7087190000000003,-0.667073,,3.747172,4.796364,,2.900185,2.907867,2.341297,4.448441,6.021747,3.422625,4.990714,-0.738964,-2.861497,2.939103,4.821049,-5.568886,4.2070335,,2.359402,3.680002,-0.236339,,1.744616,1.565663,,4.273666,5.012984,3.78665,4.545946,4.286705,2.873935,2.960704,,,4.0314295,2.392672,1.43688,-3.768276,3.09475,4.184739,0.422298,5.558158,,4.622553,4.817779,5.54319,3.116963,2.996733,4.14417,5.426078,5.542543,2.711029,5.155069,-0.538253,,1.405215,0.812199,0.793663,2.787532,2.719116,5.119205,5.667753,4.288034,2.693376,4.580902,3.531871,4.621774,5.538742,1.762219,2.446543,4.657597,5.277476,4.667166,4.10607,2.630494,4.380731,5.52694,2.447763,2.008619,5.319666,4.759508,1.411775,,2.456771,3.087809,5.094364,3.93878,4.763187,3.020384,4.344245,5.013851,4.758121,-2.885659,5.428113,3.007124,4.645305,1.717511,1.930831,5.26828,3.574477,2.48845,4.712708,,5.022496,3.160728,4.983283,,4.102547,4.263882,5.060128,4.97107,1.951339,5.50021,5.264203,5.518242,4.728241,2.406353,5.554595,2.305219,5.256612,5.540498,3.886532,4.410832,2.874454,2.613746,2.722954,4.234744,5.12707,5.477166,3.281836,5.287895,5.260837,3.832101,5.548218,3.636018,6.03089,2.138947,-4.178061,4.659803,4.698366,3.267087,4.978198,3.824106
NCI-H661,8.245172,5.169201,6.833078,,4.852952,7.338996,5.819438,0.977378,2.787809,1.512916,6.244008,4.337354,4.695417,6.268532,10.366923,-2.946943,-0.595181,-1.179216,-0.352754,-2.186697,4.750678,2.745167,4.456326,-1.319531,4.291428,10.021879,1.563388,-4.870498,-0.16838849999999983,5.561037,4.468943,3.221429,4.483325,3.282554,5.576639,-3.458426,,2.028988,3.337311,-2.6499545,-0.730079,,3.025412,6.560937,,2.049623,2.86587,3.213119,3.353936,6.537743,0.787783,5.778214,-0.278991,-2.08984,2.793617,5.49718,-4.149111,4.1117325000000005,,5.808504,4.432454,0.335485,,2.420027,4.370602,,6.1534035,3.658564,2.924373,4.049536,4.977328,3.197521,5.416204,,,5.177458,1.59715,1.040567,-6.241367,2.560455,3.563821,-2.730001,5.079764,,3.330585,4.888747,5.458828,4.064203,4.941494,4.754035,5.95646,5.86863,3.7330284999999996,5.285252,0.812335,,1.742221,1.649778,2.093636,3.209753,1.808425,5.217539,5.655183,4.786272,3.583124,5.463236,3.244257,5.387784,4.791861,0.70796,3.434091,5.651533,5.81531,3.940865,3.882949,3.340626,5.424488,3.441261,4.856048,1.70002,3.975443,5.047293,2.110501,,4.51939,5.434829,5.706583,4.347022,5.122833,4.87789,4.730451,6.076365,5.601259,-2.871111,3.375416,5.553244,5.316853,1.81105,2.999401,5.668692,3.729696,2.489999,5.327106,,4.12159,6.414485,4.294003,,5.162136,5.341319,4.563173,5.139695,1.409835,6.122996,4.359087,5.809323,3.609251,4.592061,5.088751,2.398094,5.640113,5.711028,4.3343145,3.823035,2.245872,2.770914,4.810735,3.905978,5.938942,5.830162,3.027993,4.876697,5.109905,5.817517,2.477093,4.955716,6.576839,3.248105,-0.313436,5.232136,5.898668,5.198995,2.958094,5.292343
NCI-H69,7.618336,4.170289,,,5.875945,6.870827,,,,0.796648,6.657217,2.115744,,2.890747,10.783856,-6.546215,-1.457202,-4.920125,-0.744103,-1.907618,0.510601,,2.981798,-2.935089,3.681158,9.090859,-1.098006,0.777404,-5.752926,5.614628,5.626709,3.14982,3.036039,2.455737,5.576584,-5.538618,,2.252307,,-4.652028,-2.152563,,1.94664,,,2.158377,3.573705,,2.719843,,3.274772,5.563202,-2.629333,-4.726194,3.639318,2.877274,,2.158505,,2.802941,1.428688,0.367342,-4.836705,0.473379,3.537919,,2.301145,1.698797,,5.357276,3.022551,1.504509,,,,4.460524,0.596682,0.715632,-6.93441,-1.071701,2.980017,,6.25975,0.358493,4.075054,3.625546,5.630393,1.506359,3.906735,4.318647,,5.61622,4.7013774999999995,3.821085,-2.538473,,0.080265,-0.206027,0.687622,,0.544955,4.010927,4.38789,,,3.196577,1.648166,1.852187,,0.697396,4.815406,2.353748,,0.815914,-1.398114,,,1.607458,,0.054399,,,0.252945,,3.507519,,5.862953,3.884198,3.068662,4.04116,,5.393943,2.04976,,4.335396,,,1.317147,,4.802361,-1.099599,2.532353,1.494824,,2.088401,,,,5.055029,0.921126,5.640707,4.567617,2.21582,5.845483,,,,,,3.488204,4.306695,5.574817,3.543289,4.820698,2.062334,,,,,4.316049,3.172888,,2.756215,5.264786,,2.094067,,2.65076,-2.918963,3.432954,,2.611018,1.881822,1.913233
NCI-H747,7.079379,4.526619,6.49911,,5.187571,4.976671,5.12593,3.362316,2.987137,1.672726,8.262632,3.296081,2.4268099999999997,5.137609,9.459145,-0.699311,-0.707632,-0.087432,-0.03677,-3.367298,1.810777,4.939268,5.2717955,-0.692939,2.303126,10.891443,0.474098,0.44047,-0.3300970000000001,5.896035,3.736803,0.932336,2.372792,3.14519,6.160812,-4.712846,,2.634475,4.180316,-3.1151815,-1.393637,,5.085998,7.24266,,2.155854,3.645303,4.174998,3.467901,6.936145,-0.139693,5.698862,-0.175446,-1.860532,3.421427,4.118013,-4.411343,3.597389,,5.540072,5.12623,-1.026179,,2.3578,-2.791425,1.55856,4.840006,2.470721,3.386675,6.351512,5.906754,1.641667,1.751747,,,0.6010395,1.350768,1.784386,-5.757026,1.648231,4.368727,0.665052,7.242708,,2.107642,4.969418,5.504871,2.794225,1.377486,2.905553,6.15097,6.609351,0.641382,6.650175,-1.829053,,0.384519,-0.190715,2.579244,4.997232,1.07635,5.657217,6.770106,4.001529,2.66375,6.555141,1.638102,1.835339,5.030946,1.048579,-0.801111,3.289842,4.382192,2.585628,2.159783,2.41519,6.117368,1.377651,1.076064,-0.914726,4.7053,5.572452,1.536889,,-0.061656,2.805904,6.941429,3.920073,4.664793,5.164995,3.443502,5.680037,1.086786,-1.502487,6.392398,2.063953,4.383008,2.883093,2.830304,5.338913,0.997477,3.633466,0.8893265,,2.465411,5.422518,5.592053,,5.967862,2.114004,5.486949,6.582772,2.703819,5.966409,5.905778,6.567543,4.93531,4.949948,5.181083,3.407552,6.003122,6.460119,3.4557685,2.719503,0.563611,1.897534,3.227958,5.70304,5.575706,6.284063,1.828727,5.701351,4.847916,5.484063,6.820323,3.759598,7.51347,1.009672,-2.342064,5.199362,5.193377,3.735915,2.38234,3.211215
NCI-H82,7.426429,2.678475,2.70669,,4.918043,3.35392,3.926694,-2.658849,-0.194285,0.874956,5.452486,-0.316096,5.2533655,0.786893,8.731217,-5.353554,-2.797081,-4.751807,-1.314188,-2.966791,-2.9888,2.99916,3.257374,-4.426571,1.826711,8.012572,-1.18705,-3.250759,-5.218745999999999,4.930889,4.919719,1.730461,2.515787,1.564644,4.046017,-4.53301,,1.330951,-1.367177,-3.7251125,-1.691736,,2.018189,3.876919,,2.729732,3.487621,1.935071,2.970159,5.535074,3.396452,3.091695,-2.557394,-4.630861,1.390832,3.030951,-5.280103,2.064495,,1.116691,0.902877,0.222721,-6.729819,0.307518,2.860201,,2.619217,0.941765,1.744694,4.932588,3.039834,1.909594,2.532965,,,5.0556160000000006,0.837456,-0.598416,-4.760846,2.521085,2.852001,-5.211025,4.702745,0.335259,3.92185,2.59532,2.427639,0.781188,2.500613,2.734673,4.68453,3.409824,2.8946285,4.933126,-0.629627,,0.958282,-0.086802,-0.135982,0.957327,2.129023,3.77868,2.810835,4.750858,-1.251263,4.650218,0.426923,4.590528,3.559006,-0.457266,3.642446,2.044353,1.762446,1.753995,2.051157,-0.287833,2.727105,3.231949,3.025446,-0.380248,4.090342,4.120934,0.640553,,3.829425,1.310122,4.541008,3.274069,0.786811,1.944838,1.850073,4.438592,1.719826,-4.88984,2.921501,2.857143,3.009428,2.475249,0.571491,2.349863,2.758755,2.509509,1.769996,,4.838483,3.005458,2.323369,,4.2372,2.70192,4.841751,5.162386,1.70579,5.131619,3.314266,3.21091,0.038491,3.198755,3.891971,2.4184,4.145921,4.35773,2.3661795,3.760951,2.06187,0.745847,1.565124,2.180791,2.81249,3.851565,2.090353,4.383681,2.74176,2.864144,-1.084543,2.466503,4.723846,3.293538,-0.973099,4.239576,3.977886,2.840586,2.339203,0.964759
NCI-H838,,2.25256,,4.502165,5.08581,2.318082,4.313727,,0.680244,1.626852,6.356942,,,,,,-1.326509,-5.424894,-0.954526,-4.423672,-1.852138,,3.091088,-2.172387,3.142846,,0.519705,2.993759,-5.957045,3.506958,5.456351,3.796658,3.418917,2.979906,5.438437,-4.871146,5.104629,,,-5.488022,-0.919907,1.988354,2.662528,,3.089985,,3.3577,3.093653,5.458026,,-3.148041,5.361844,-4.014261,-4.165223,1.431223,0.75498,,,1.552134,,3.605751,-1.224243,-5.002775,-1.261655,0.895906,3.089102,3.871443,1.445226,2.350557,3.483971,2.935957,2.300287,0.793374,5.458026,1.832039,2.579899,1.456443,-0.478547,-5.625103,4.468342,1.501762,-3.060532,4.748822,,1.877271,3.635626,4.255778,2.084949,2.088222,2.88715,4.156722,5.458026,1.400326,4.924917,-3.047141,2.053457,0.941744,,-0.947023,,-0.475506,4.158122,4.320963,5.062962,1.784386,5.416622,0.856225,3.323587,4.62201,-0.037221,2.110547,1.900392,4.394521,1.84361,2.725347,0.643055,2.604016,2.460729,,,4.900166,4.801649,0.292958,3.665135,2.579487,1.86416,4.600889,2.342168,,2.189861,,3.62857,1.052923,-3.84216,5.223051,2.350566,,3.013916,2.045317,1.744786,1.345453,2.527899,2.33748,3.787891,2.024735,2.990763,5.413831,2.432182,4.872182,2.394746,5.445633,4.711835,1.91428,5.367314,4.897684,,1.170487,2.492383,3.988197,3.155441,3.619473,,3.15288,3.934176,1.636913,,5.400293,,,,2.975563,5.458026,3.683558,3.033444,,1.377397,,0.532581,-3.047383,4.764879,4.067399,2.270931,0.74523,2.899238
NCI-H841,,5.243634,2.861974,,4.444667,5.94803,4.853527,2.09901,4.081467,1.979962,6.469923,2.237691,4.054055,2.735503,,-5.340034,-1.112995,-4.111508,-0.541491,-1.808773,1.542944,4.181879,3.7195264999999997,-1.870291,4.130935,,1.542071,1.055308,-4.5278655,5.769534,5.701926,2.374071,4.748403,2.440816,5.373412,-4.01041,,2.273161,0.720935,-2.9412409999999998,-0.95995,,3.316378,5.624495,,1.9526,2.735475,2.979288,3.320252,6.138281,3.937958,4.983494,-1.36154,-3.20563,3.659107,3.913097,-4.727343,2.324513,,3.926386,1.94745,-0.025724,-3.625155,1.344166,2.750338,,5.123962000000001,,3.125615,3.882494,3.777559,3.053906,4.279158,,,4.901889000000001,1.831039,1.515096,-6.369271,2.688968,,-1.377066,4.977569,0.610867,4.488231,4.612341,5.779027,2.805227,4.003676,3.928719,6.041388,5.830185,3.339261,5.62212,-1.638937,,1.129388,0.618477,2.208884,2.696492,1.794119,4.456333,4.794233,5.798872,0.210532,4.147817,2.764333,4.230375,5.664012,0.441198,4.321187,4.988491,5.691274,4.075365,2.267142,1.802715,5.71887,2.7665,1.676946,0.04773,3.610249,5.571742,0.710749,,3.624604,5.073788,5.709144,3.865678,5.051285,4.845979,4.872826,4.651544,3.675421,-2.91708,3.650195,4.051724,3.831973,2.330694,3.62169,3.986163,2.716776,3.481773,4.902768,,4.530215,6.739442,3.192261,,4.233985,4.17884,4.916277,5.265505,,6.179165,4.291093,5.72236,4.626465,3.89994,4.006989,3.090981,4.792271,5.830185,4.524088,,2.056006,3.487845,5.728841,3.898675,5.22509,4.63624,2.624547,5.889734,4.903255,4.320372,3.40111,3.442688,5.485177,3.201344,-2.051413,,5.973159,5.074308,2.272872,3.89883
NCI-H929,7.177811,3.419848,1.581295,,4.705903,2.370803,4.060937,-1.179309,0.856655,0.584742,6.029295,-0.378112,5.2438015,1.333827,10.390506,-4.614341,-3.516343,-4.70735,-2.488817,-5.186998,-4.031411,2.625916,2.9051345,-4.986856,1.664277,9.312301,-2.002344,,-5.047045,2.667225,4.834558,2.848057,3.345282,1.769827,3.250967,-5.773943,,0.851122,-1.303897,-4.442406999999999,-2.928661,,1.279255,3.662019,,2.867977,2.51227,2.515931,2.885279,4.6856,0.65255,2.992355,-5.301259,-4.888201,1.049971,2.068388,-5.328212,2.4372285,,2.114867,3.429756,-0.936398,-4.958911,-2.838377,-1.190085,,4.557264,1.838391,1.642834,4.834402,2.742853,1.943874,-1.614944,,,1.3671134999999999,1.034055,-0.456205,-5.826258,3.050245,0.679644,-2.58114,0.895289,0.256527,4.937139,3.140965,4.39767,0.626311,0.739129,-1.476696,4.624508,4.834558,0.9188105000000001,4.767392,-4.420955,,-0.961853,0.29871,-0.131472,0.621831,-2.179817,3.72754,4.982501,4.80455,2.607632,4.596516,-4.665838,-1.086334,4.798639,0.891792,0.906351,0.644969,2.561187,-2.560495,3.1531,1.388202,4.610942,-1.283086,-1.642927,-4.162282,3.325698,4.830489,0.276149,,-1.195556,1.841186,2.698129,3.22512,2.387494,3.406106,-1.698057,4.522666,-2.352515,-4.213363,2.877241,3.1e-05,2.516182,0.704903,-0.853811,3.808773,-3.863198,1.447463,-2.6687855000000003,,0.552282,1.689188,,,3.99879,-1.02125,4.66404,4.759864,1.791198,4.131823,3.267289,3.221692,4.139055,2.851572,3.945568,1.538068,3.262315,4.663686,3.4796674999999997,1.697119,2.531973,2.192366,3.440775,2.902245,3.550948,3.499191,2.582623,4.642371,1.434433,4.481743,-2.843765,,4.150819,-2.195507,-4.306025,2.566585,2.713664,2.17151,2.085935,2.446991
NCI-N87,8.865087,3.273306,4.344812,,6.27287,4.766433,5.420744,1.334141,3.234946,1.85147,7.391622,2.186745,1.950122,3.445431,11.797817,-0.097277,-1.100636,-2.265594,0.277045,-2.207119,1.034651,4.788696,3.6625255,-0.540491,1.973025,9.677227,,2.840284,-2.4984395,6.05773,5.773035,4.05465,-2.639388,3.982899,,-3.793164,,3.167412,0.17885,-2.912945,-1.662602,,4.73953,3.875476,,2.610995,2.721823,3.826602,5.038121,6.007081,0.75047,5.219266,-2.239638,-1.381544,,4.008445,-6.188315,3.175597,,4.13075,6.809345,,-3.480205,,1.199129,,5.0902315,2.428443,3.691692,6.500264,,3.416734,2.139358,,,3.233049,-5.751524,0.841112,-2.693866,1.751764,4.604321,,5.781073,,-1.797843,,6.56175,3.983688,3.083928,4.637031,5.868223,,1.840954,,-1.906628,,1.039859,0.231315,3.047866,4.078528,-0.75286,5.049515,5.364003,5.862867,3.524935,,,2.130988,-3.483345,1.13707,0.520443,1.232297,4.047945,1.783654,1.059947,3.608238,5.937387,2.316334,-0.009363,,4.566636,6.394704,2.123018,,,2.539157,5.244036,3.875484,,4.79116,2.466546,5.665024,,-3.059907,4.872992,2.395236,5.290685,3.166951,1.977603,5.057327,-1.340761,3.917983,1.060323,,1.953042,5.199533,3.398204,,6.582902,0.349645,4.434069,6.333871,1.740183,6.315339,4.75474,5.891484,2.269796,3.766473,4.671437,2.940268,5.770727,,3.815918,5.595143,-2.790981,2.329549,2.346179,4.747109,5.814202,5.954896,1.653375,5.547838,5.189404,5.137692,6.282096,4.689828,5.605513,6.031563,-4.130222,5.510877,5.72596,3.696773,2.085454,2.041636
NIH:OVCAR-3,7.112448,4.932645,3.801339,,4.444499,4.831189,5.172528,2.008257,3.731666,2.419548,6.598088,2.865704,0.0011749999999999816,2.546236,10.423511,-5.061761,-1.179383,-4.204824,-0.574757,-1.38555,0.289674,4.091558,3.793673,-4.33621,2.887872,9.212119,1.967486,-2.779551,-3.7139505,5.681837,4.991405,2.107704,5.194572,2.34004,5.679903,-5.159721,,3.177287,1.706212,-3.061514,-1.416419,,4.021697,5.439806,,2.021194,3.728633,2.712489,4.250766,6.344435,0.373802,5.700996,-2.081426,-2.652645,4.063949,5.640135,-4.587603,2.7808815,,3.864249,3.418914,0.316709,,3.391902,3.449316,,5.264925,4.282271,4.067944,5.396448,4.67597,1.802137,2.772128,,,5.186896,1.8123,0.810379,-5.789561,2.801066,4.49737,-1.829599,5.153178,,4.042339,4.139754,4.871753,3.860054,3.767313,4.576076,4.344826,5.696652,2.753401,5.3008,-1.252873,,1.0689,0.171492,2.1932,3.261364,1.453106,3.704201,5.149958,4.084961,2.714777,5.166577,4.022361,3.042304,4.860691,-0.079255,4.158223,4.347053,5.26242,2.71921,2.296839,4.036182,5.128909,3.419752,3.429651,0.812234,2.368954,5.687309,1.908245,,4.141457,5.552687,5.595749,4.091558,4.857646,4.200901,4.497024,4.868021,3.091776,-1.502533,4.096472,3.904748,4.52159,1.646245,4.201198,4.382404,2.660139,2.342991,3.569171,,2.044473,4.422363,4.182856,,4.015975,4.515613,3.765986,4.852457,2.286897,5.890831,3.836449,5.533117,4.506368,4.908954,4.058796,1.887998,3.929724,5.700996,3.8860995000000003,3.73261,1.442913,3.1346,5.261262,4.468106,5.223192,5.116512,2.435404,5.553448,4.89753,5.316071,5.700996,2.652106,4.631483,2.631941,-1.389018,3.952708,5.489232,3.552562,3.314729,5.700996
NMC-G1,9.869654,6.922307,,8.092819,8.646496,7.224343,6.814496,,6.374049,3.698402,8.446402,,,,11.090505,,0.458056,-1.172258,3.543807,0.818063,1.044086,,6.341178,0.838487,5.875898,11.398857,2.623113,5.266772,-1.612122,6.325403,7.39939,5.207274,7.506023,5.035466,8.429109,-1.259171,8.152744,,,-0.70564,0.734934,6.000968,6.295123,,7.27156,,5.663849,5.857581,8.403804,,0.066878,8.630607,3.216526,0.157896,6.685618,6.962033,,,7.287436,,8.309886,2.989476,-3.593026,6.061349,3.606225,7.720339,8.004997,7.070762,6.171718,7.607683,6.42997,6.20781,5.907849,6.754617,5.411588,6.502068,5.685069,4.345813,-3.754425,1.678622,9.155513,3.434176,5.501166,,7.147456,6.065611,6.77103,5.711328,5.443015,7.877104,4.524088,8.567048,6.771716,8.339407,1.077547,5.810584,6.033342,,7.506784,,4.176593,6.729438,3.991805,7.689307,4.045253,7.19711,4.553146,7.151651,7.290135,5.540364,6.88052,7.411088,7.151984,6.151741,0.787234,2.067347,7.517959,4.862206,,,5.906153,8.334278,2.752325,7.632145,4.032443,7.017308,4.037587,6.065752,,6.248593,,6.11098,5.946115,4.233963,8.437652,5.697237,,5.913609,8.253613,5.426602,4.543971,7.988395,8.311461,5.306161,4.644625,8.021605,8.102578,5.470374,6.559188,7.012411,8.609702,8.22458,5.361804,8.127728,8.306189,,7.589236,5.015958,6.55086,6.363088,7.24962,,5.945632,7.521314,4.042901,,8.033419,,,,5.019034,8.678348,7.329511,6.161866,,7.194818,,4.119437,0.806135,7.623028,7.809246,4.760403,6.501293,6.466715
NOMO-1,6.48026,3.097532,1.068326,,4.346746,1.53795,4.857389,-0.952733,2.211715,1.328503,4.569549,0.572917,5.636227,1.514578,10.157092,-4.61421,-3.639361,-4.718588,-2.017899,-3.080872,-3.926022,2.930213,3.0105779999999998,-5.818192,3.351071,8.793163,-0.90076,-3.442578,-4.987491,4.960509,4.924409,2.484207,3.472535,2.220119,4.366467,-4.182256,,1.594314,-1.079811,-4.1272085,-0.703594,,3.154389,2.03325,,4.960153,2.429073,1.876726,3.336733,5.383388,2.544231,4.33049,-2.110197,-4.895868,3.134228,2.241283,-4.849637,2.947723,,1.202146,1.957631,0.826647,-7.717821,1.643664,-3.638234,,3.133898,1.31629,3.153274,4.570285,2.787906,1.760891,-0.879068,,,-0.366073,1.066136,-1.852169,-2.60863,1.920037,1.818335,-2.653229,4.251447,0.559738,3.884442,3.070401,4.945189,1.718802,2.054706,3.295632,4.826424,4.960232,0.8298355,4.333119,-1.725001,,0.863107,0.806333,-1.647279,0.512814,1.016004,3.370598,5.271204,4.541873,0.852332,3.97729,4.26367,4.311214,4.941219,-1.177544,-0.61363,4.958771,2.328967,2.915976,0.96587,1.578792,4.640378,3.539185,2.060828,0.432609,3.548084,4.600518,0.462294,,,2.613692,4.37636,3.3178,3.300666,1.328844,3.345643,4.783669,0.976897,-3.857272,2.967339,0.668887,4.258674,0.257643,-1.47015,1.800341,0.731907,2.505068,3.5823995,,2.78013,3.849529,3.113165,,3.449265,2.007922,4.334784,4.114967,1.717426,5.208192,4.002354,4.343281,2.060254,3.308881,4.57452,2.657924,4.17008,4.822245,3.2894975000000004,2.117037,1.261733,1.993075,3.707702,3.270488,4.286212,3.458165,2.703338,4.951733,2.784822,4.187497,-0.765005,1.758963,4.838008,1.875197,-3.316633,3.130521,3.387126,0.792635,1.913555,2.601224
NUGC-3,8.092878,3.798375,2.682501,,5.785792,3.988299,4.566663,-1.884194,0.611283,1.801698,6.344086,-0.15561,4.4692945,3.59495,10.359301,-2.72808,-4.149705,-2.76193,-2.417168,-3.46316,-4.012882,4.407713,4.6292585,-5.358338,0.593694,8.840055,1.130847,-3.229923,-5.262230000000001,5.906261,5.688481,-0.057611,1.342747,2.77361,6.04417,-4.481042,,1.114521,-0.525249,-3.684562,-1.524862,,3.80023,4.516315,,2.276512,3.96761,3.301431,3.455747,6.264951,0.47956,5.363928,-3.24632,-4.692251,2.644969,3.569433,-6.393794,0.6268565,,-0.541849,4.101234,-0.67458,,-0.822107,0.893113,,3.4709754999999998,2.935558,2.800476,5.697227,4.684614,2.731071,2.716288,,,3.6743085,-0.388668,0.559904,-4.660386,2.379981,3.680396,-2.495124,6.590324,,0.70081,3.094277,5.59383,3.200034,3.022705,4.75352,6.022591,6.044636,2.565182,5.018769,-2.870424,,1.076202,0.265312,-0.270099,2.283645,0.833887,4.739064,3.224549,4.961266,1.66763,5.971363,3.341482,2.78206,2.470095,0.034001,2.489505,3.327357,4.471226,3.21212,2.993436,1.561939,5.241875,4.376029,0.935868,-1.425123,5.130637,5.989643,2.077731,,1.786215,2.663916,3.512114,3.943134,4.022958,2.140141,4.591334,6.36503,3.951409,-2.950194,4.82132,3.24403,4.325419,3.317127,2.505684,3.770208,1.158372,3.564565,3.445257,,3.503469,5.514462,3.813668,,5.627049,3.409152,5.832877,5.644753,2.433075,5.602162,4.942918,6.254224,3.66851,3.324494,4.304256,3.315013,5.464454,6.044636,3.405291,3.440882,0.465008,3.367886,4.612424,3.230392,5.585467,6.044636,0.950957,5.130864,5.417237,3.222279,6.597221,3.793247,6.619107,4.703663,-2.656498,4.416302,5.611093,0.825965,2.885517,3.705436
NUGC-4,9.618729,6.945794,2.598087,,6.00172,7.364056,8.435509,0.940081,1.161085,0.889671,8.222374,5.623049,7.0575725,5.683412,9.74425,2.217704,-0.02355,0.328991,0.87796,0.539073,4.575802,5.427248,5.489814,-0.457953,3.871833,11.318446,1.825803,-0.668874,-0.37008450000000004,6.895001,7.082681,2.353771,2.758784,5.246634,6.288189,-3.679405,,4.317427,2.603604,-2.7676605,-0.016802,,5.627469,7.920129,,7.147955,3.332669,4.804842,6.524744,7.831507,3.134027,6.040958,-0.96379,-1.414739,2.757502,5.272861,-6.612792,5.8674535,,5.788576,5.47699,1.975886,,1.220707,0.086988,,5.6807475,4.342212,5.138354,7.075844,5.860293,1.464424,1.249067,,,1.6585385000000001,0.514934,4.359005,-1.339789,2.874429,2.020684,0.347571,5.279488,,1.823549,6.024556,7.189745,6.84243,3.660086,8.377361,4.250797,7.233502,3.0958175,7.191334,2.129238,,2.980362,3.732361,4.530272,4.222429,2.779231,6.36069,7.590521,7.236907,5.780653,7.217984,6.238634,5.146626,2.543896,2.727878,0.504124,6.871191,4.883479,5.812773,3.608422,5.199496,6.718121,6.995417,2.589093,3.402985,6.321615,5.551184,3.094265,,1.66316,3.184568,7.232666,5.61159,4.967108,3.815161,5.570278,8.041938,1.727532,-0.230482,6.681346,2.463795,5.965012,4.025968,2.177844,5.762994,3.317111,4.754658,5.6059145,,5.530353,7.107091,4.464836,,6.093336,4.572819,5.1276,7.285262,3.3568,7.345728,6.578081,5.102298,4.412526,4.317017,5.181695,2.030783,6.45214,7.058618,5.6406905,3.861938,1.316962,1.966979,4.819111,3.561677,4.564233,6.966094,1.102503,7.100254,3.319655,6.061818,7.176667,5.970301,7.734025,7.211024,1.691617,5.044947,4.465911,5.278476,2.642824,5.2575
OAW28,8.361913,3.98514,5.007671,,5.831296,7.135085,6.644311,0.363481,3.739998,1.714321,6.842786,2.076356,4.302314,4.005896,10.653843,-1.422746,-2.464873,-2.453865,-0.642912,-2.016098,0.722122,4.350035,4.4600055,-5.049557,3.260149,9.690829,4.088266,3.338704,-2.4228,5.845628,5.390716,2.940965,3.593216,2.314025,5.957558,-5.360015,,1.590898,0.855905,-2.7975605000000003,-1.391045,,4.093572,6.100957,,1.802555,2.564606,3.657852,4.474858,6.638853,1.910247,5.646519,-0.294826,-1.055433,4.370314,5.158922,-3.616424,3.1730505,,2.417924,3.50122,3.922431,,2.578842,2.983921,,5.413029,2.867137,3.930511,5.159152,5.257677,2.707771,2.859133,,,4.52009,2.434836,2.18592,-3.512563,-0.239918,3.814086,0.551845,5.660512,,5.03111,5.374557,5.13702,4.015159,4.442869,5.03572,5.83893,5.704429,2.9176675,5.73423,-0.587898,,1.234691,0.452866,1.681135,4.072161,2.143245,4.024157,4.955842,5.43108,2.782848,5.733516,3.604518,5.345291,5.978897,1.937829,4.374131,5.417341,4.309029,3.509886,-0.356048,4.357651,5.621908,4.425259,2.868031,1.417828,3.526576,5.314178,1.918207,,3.495443,5.034179,5.982187,4.371957,5.159775,3.187491,4.778214,5.499124,4.076767,-0.765955,4.069406,3.893859,4.331425,2.397468,4.730091,4.927288,3.3579,1.623064,5.0162255,,4.09132,6.79304,5.571655,,5.611085,4.715064,5.148217,4.802061,2.519498,6.2726,4.35144,5.308305,3.952691,5.555553,5.097226,2.131623,4.223825,5.912031,4.4235635,4.035038,1.998662,2.015549,5.723226,4.741615,5.233232,5.24681,3.14443,5.842252,4.855981,5.960009,5.437315,3.083309,5.883241,2.708462,1.633392,5.095343,4.3444,2.208575,2.903987,5.294667
OAW42,8.538776,3.461079,1.12284,,4.948157,6.440101,5.068276,-0.627681,2.953163,2.351168,7.340029,0.91568,6.9709135,2.866432,10.431596,-0.623749,-3.245322,-0.772139,1.650411,-3.721494,-2.966931,4.565925,4.2313945,-4.487315,4.074072,,,1.912402,-1.5618314999999998,5.211245,5.212834,3.069034,5.784371,3.133715,,-3.369362,,2.153852,1.46792,-1.9297684999999998,-0.84461,,4.253038,6.570991,,4.249915,3.669209,3.458697,4.090279,6.86851,0.076826,6.175363,-0.885429,1.40676,,4.85137,-1.56524,3.190702,,0.954182,3.362344,,,,2.576994,,3.792756,,4.685474,5.050438,,4.249942,4.044735,,,6.472732,2.286485,0.832809,-1.701048,1.796287,,,4.860222,,4.356803,,5.79207,4.776035,5.219942,4.620849,5.923125,,4.2266575,,-0.857894,,0.885996,0.420844,1.12658,2.640685,0.22785,4.838109,5.471493,5.625241,2.32022,,,3.899385,5.152978,1.427036,5.058467,6.031171,4.400664,1.278294,1.646853,2.380677,5.431718,3.069916,1.106007,-1.929608,3.70077,6.124749,2.229814,,,3.201139,5.921293,4.092355,5.328992,3.720677,1.662423,,,-1.336372,4.533188,5.355923,3.612297,1.512007,4.384611,5.951787,0.303214,1.947194,3.515656,,2.929396,7.163212,3.672614,,4.793514,2.783863,5.54575,5.87497,1.707346,6.176626,5.171459,6.070571,2.593572,3.922814,4.778432,3.083448,5.00812,,4.796749,5.459407,2.508883,1.953913,5.434599,4.688307,4.764254,5.136871,3.390602,4.922887,6.020884,4.994636,5.395464,-0.038895,6.12175,2.616404,-0.525569,,5.241573,2.819217,4.796997,4.46374
OCI-AML2,5.078058,1.550121,0.020817,,4.277855,0.723525,4.219107,-2.508644,1.602545,0.470648,3.64792,-1.898352,4.8084705,0.618155,9.538971,-6.280589,-4.907038,-5.01853,-2.659801,-6.185477,-5.220422,2.6681,2.155742,-6.462465,2.632577,8.610605,-3.839988,,-5.309754,4.277892,4.276091,1.895828,2.78276,0.752992,3.804046,-5.471771,,-0.319692,-2.601729,-5.5880805,-1.811429,,1.614166,0.984074,,1.818869,1.858485,1.064268,2.81018,4.964444,1.819227,3.449025,-1.969456,-4.916301,0.194219,0.234865,-5.117888,2.4101705,,0.303732,1.495331,-2.784563,-6.861951,0.094351,-5.95427,,1.3610540000000002,0.406482,2.021758,4.277872,1.810669,1.767736,-1.793,,,-3.3277605,1.119955,-1.33383,-3.112284,-3.096176,0.892553,-4.502272,0.181864,0.104119,3.694809,1.198272,3.655905,0.658716,-0.798069,2.818218,4.277892,4.277892,-0.55617,2.971755,-1.596052,,0.164099,0.119765,-2.141918,0.211319,1.587021,1.778429,3.557255,3.418268,,3.618067,-0.121592,3.390983,4.277638,-1.10372,-2.949982,1.703373,1.853042,2.106336,-2.648379,-0.532794,2.84422,1.609387,1.469829,-1.89564,2.956544,2.904964,-0.081927,,-4.913077,1.745056,2.086345,2.658024,0.622276,0.590898,3.06799,2.95492,-2.364183,-4.125874,2.408756,-0.152735,3.009275,-5.132331,1.327718,1.66322,2.343694,0.72995,2.2781540000000002,,3.261571,2.987914,3.065355,,2.856492,2.798277,4.275256,4.000375,1.278713,4.416003,2.790723,3.406171,1.139685,3.068471,3.274313,1.313218,3.67827,2.473876,1.830304,1.932622,1.524639,0.855381,2.498515,2.904075,2.856206,3.967936,0.95496,4.271811,2.367157,2.832865,-1.012386,0.836722,4.358952,0.494516,-4.678872,1.771557,3.227486,-0.581342,1.924842,1.600934
OCI-AML3,,2.608336,1.646757,,4.987173,0.948009,3.772613,-2.581559,-0.355267,0.593816,5.757162,1.651639,4.7010345000000004,1.329235,,-6.229397,-3.549858,-4.976433,-2.627002,-3.625837,-5.062831,2.977702,2.5593434999999998,-4.348446,3.371782,,-1.714949,,-5.7132135,4.985843,4.996189,3.382313,3.60251,1.109041,4.770995,-5.479337,,1.096856,-1.332423,-4.2693725,-1.976185,,1.066141,1.852602,,2.369068,1.162708,1.515094,2.364886,5.287358,2.221003,4.988852,-2.772965,-5.222474,1.199441,0.825918,-5.436726,2.94345,,1.346988,1.705877,-0.436085,-6.387932,0.414988,-4.593441,,2.1405570000000003,,1.890087,4.9904,3.167177,1.529976,-2.174665,,,-1.896464,0.734831,-0.653261,-4.362897,1.808251,,-4.763888,1.227991,0.057016,4.07183,1.780278,4.613091,1.858629,-0.286564,3.118384,4.960622,4.996759,-0.5653645,4.472067,-2.034224,,0.135771,0.880316,-1.827261,1.177241,0.400473,3.812368,5.335831,4.004309,0.614491,4.004789,2.331122,2.404681,4.484206,-0.282376,-2.345235,1.964641,2.946882,1.672828,2.443041,-0.405748,4.397074,2.675227,1.603733,-0.987401,2.82367,2.002629,0.863361,,-3.766136,0.678214,2.742007,2.515085,1.533536,1.363893,1.658192,3.506777,-2.026956,-4.060834,2.617031,-0.918831,3.570617,0.064248,0.007438,2.962808,-0.325908,2.661295,2.209881,,2.448995,2.382409,1.965666,,4.236969,2.061398,4.443873,4.766285,,5.090752,2.30977,5.286822,1.245589,3.598276,2.35967,2.123835,1.681435,3.737565,1.673826,,0.868004,0.508874,2.670546,1.276315,2.248024,4.373105,3.028689,4.008712,1.095072,4.026542,-0.962453,1.132939,5.373708,1.678717,-3.419401,,1.960619,2.072049,1.938961,1.676075
OCUM-1,8.73225,4.491291,2.350344,,6.276267,4.098615,5.44596,2.414853,2.643936,1.455952,7.386442,1.096012,4.5059629999999995,3.114803,10.951015,-1.938575,-2.450427,-1.384478,0.427883,-0.470975,-1.212249,5.311581,5.0111325,-3.96876,4.298852,9.93471,-1.611064,4.101843,-0.849079,6.446497,6.434271,4.626183,6.328367,3.799875,5.492661,-1.7845,,1.56679,2.882606,-2.1328484999999997,-0.889039,,4.043112,4.612838,,2.931947,4.80565,2.906875,5.380466,7.561577,3.801936,6.446497,-0.009954,-0.341821,2.978952,4.424837,-5.351745,4.367586,,5.12555,3.452668,-2.523347,-4.778025,0.66106,-4.801466,,3.9008330000000004,2.841945,3.715895,5.790699,2.68245,4.941862,2.407974,,,-2.233778,4.190399,-0.214225,-0.40743,0.384947,6.37687,3.629089,0.857759,2.723941,5.683075,5.476154,6.446497,2.744625,-1.138186,3.316441,6.593302,6.446497,-0.45802350000000003,4.525303,-0.549348,,2.054377,1.751891,5.015481,2.099092,2.999307,5.368276,4.190383,5.130607,3.114309,5.772652,2.456847,3.875047,6.845015,1.858473,-2.631024,6.288053,3.153047,2.809119,-0.279454,3.229745,4.756294,2.271392,1.74588,-0.035471,5.198511,5.645167,0.869099,,-2.605519,2.824975,5.948721,4.789747,5.058331,1.68029,3.315698,4.572101,4.015253,-2.425196,4.062686,2.584051,5.658644,2.875054,-1.403127,1.930658,2.618548,3.730832,2.4215695,,4.649104,5.768737,3.608692,,5.382243,3.32277,6.169779,5.440269,3.062581,5.882926,4.976583,6.3408,1.614386,3.808873,4.546998,2.449801,5.596591,6.446497,4.396926,5.105132,3.873415,2.256754,3.587335,4.318584,4.384281,6.380241,3.661778,5.849515,5.216577,5.152989,6.921019,2.006138,6.99973,1.060348,-3.571407,5.666325,5.38696,3.743777,1.850987,5.311716
OE19,8.527904,3.988818,2.826108,,4.957375,3.077422,5.498184,2.209745,1.652034,0.900787,7.900852,2.574839,0.1950925,3.80369,10.839264,-4.665915,1.024524,-4.499989,-1.042143,-1.38146,3.198544,4.305455,4.5675275,-1.471705,0.755024,9.652184,0.631956,-2.959273,-3.5349155000000003,4.949986,3.487904,2.443023,-1.243186,2.33254,5.092202,-5.004029,,3.950785,3.877284,-2.5796255,-1.140895,,4.435541,6.253707,,4.517996,3.858649,3.424715,3.061772,6.589387,1.700103,4.405173,-2.25076,-3.124607,2.210435,3.9514,-6.068798,4.0395995,,3.774364,2.045015,-3.275075,,0.767264,3.224047,,5.069884,0.635945,2.527638,5.311697,4.344809,1.69985,1.988876,,,5.0148365,-3.614599,-0.663966,-3.020762,2.300066,3.188141,,5.26371,,-0.119682,4.233219,5.216615,2.18856,4.87857,5.044589,4.996327,5.722195,3.9783075,5.669961,-1.104366,,0.731316,1.300758,0.795728,3.275824,1.214336,4.85909,5.220111,4.806317,-1.030976,5.67539,2.531021,3.003859,-0.451885,0.809345,3.357517,4.841704,3.653878,2.336977,4.709703,2.400035,4.24705,2.809148,1.976861,1.527916,3.482868,6.073953,0.652541,,3.327086,3.841476,4.815416,4.619944,3.333347,3.382707,2.475483,4.568449,2.004883,-2.379121,4.601344,3.785596,4.061863,3.287389,2.370499,5.77748,0.412331,2.713637,3.6589080000000003,,2.861534,4.11037,5.493128,,3.588674,2.739459,5.635048,5.552595,1.751169,5.581494,5.274596,5.251002,0.957046,3.287171,4.81226,3.021701,5.995781,5.198069,2.9984845,3.049364,-2.755518,3.005529,4.356682,4.874451,4.038044,6.306246,3.56436,4.404574,4.048915,5.042782,5.96499,4.497597,5.505278,1.695617,-3.066014,1.711103,4.940273,3.350766,2.186293,0.589714
OE21,8.396909,4.208821,3.425439,,5.754453,4.355454,5.493988,1.312645,2.879646,2.892754,7.231482,2.521244,1.292849,3.148417,10.106748,-3.979262,-0.963291,-1.453724,0.244479,-3.264697,2.021378,4.352297,3.9529125,-1.828639,0.376404,9.985608,0.483748,-2.244891,-4.2005805,5.831649,5.931404,0.56394,1.286452,3.423073,5.73057,-4.897045,,1.874475,4.657067,-3.3538794999999997,-1.394898,,4.307143,6.488667,,4.436875,3.441868,2.715848,2.988069,6.654435,0.169623,5.097777,-3.323999,-4.235411,1.949049,3.373898,-5.290046,2.2489965,,3.639242,3.74382,-1.067407,,-2.002439,0.154577,,5.324107,2.281353,3.224694,5.920082,3.872378,1.293035,2.049306,,,3.4599285,-0.634097,-0.904186,-2.844845,3.561591,1.739153,-0.21119,5.663496,,0.133139,2.758547,5.11452,3.065831,2.33826,4.146764,4.311201,5.33821,2.444703,5.608723,-1.846546,,0.65281,-1.186058,-1.270284,2.00654,0.571537,5.12322,5.517781,4.175419,2.856695,5.268231,2.332476,1.979643,1.587232,0.148453,1.864838,4.628654,5.639392,1.652501,3.697544,2.187212,4.804719,1.20038,1.425908,-0.70343,4.451862,5.377371,1.466701,,1.366195,4.064062,5.78511,3.537894,4.294939,1.530951,2.017865,4.440948,0.494949,-2.970313,4.153023,2.731772,3.176864,1.899386,1.890884,2.936105,0.450245,2.80179,1.033385,,2.945442,6.255982,3.971204,,4.392242,3.923662,4.786599,5.462687,2.816288,6.318623,4.542728,5.28495,0.877206,5.066963,6.039967,2.009368,5.23995,5.961734,4.2550405,3.96656,-0.358252,3.032546,3.623364,4.449393,5.750059,4.758316,0.065326,5.802227,4.739904,5.627205,3.483084,3.949159,5.543455,1.675614,-1.603565,3.455805,5.731746,5.595178,2.51381,5.944045
OE33,8.71381,4.049305,2.649701,,6.094971,2.914472,5.471034,0.638755,1.024365,1.079848,7.430981,1.035427,5.646179500000001,3.095779,10.31201,-1.585428,-2.218018,-4.086027,-0.308326,-1.492898,-1.343487,4.444841,3.2013465,-2.497308,2.443801,9.842837,0.272947,-1.069373,-3.392854,5.456852,4.855926,2.773169,2.449046,3.568554,5.193721,-4.695064,,1.847944,-0.025459,-4.0164685,-1.197149,,3.557212,2.868107,,0.857876,4.644626,3.470404,3.536514,6.55855,2.113739,5.543774,-1.518777,-1.471509,4.39425,3.761376,-6.260791,4.3776865,,3.156307,5.242197,-0.301846,-4.030173,0.971445,1.695991,,3.936171,2.431934,2.679427,5.346357,3.889506,1.788317,1.797871,,,3.3368225000000002,0.518823,-0.945636,-2.888803,2.541826,3.472339,0.652248,6.048281,1.871665,2.673398,4.137602,5.525445,1.478969,2.845021,4.595524,5.755743,6.255791,3.107654,5.949496,-2.455705,,1.306703,1.661333,2.185186,0.603194,0.971981,4.903768,4.390831,3.913463,2.898865,5.316263,2.853861,3.120774,4.451998,0.541866,0.926225,5.377076,5.241426,3.396594,4.61409,1.585295,6.108466,3.516344,0.41094,-0.009578,5.478439,4.414594,-0.547164,,2.140017,2.533967,5.138517,3.986404,4.159641,0.769656,4.582193,5.468226,4.422979,-2.941052,4.87094,2.331756,3.633823,2.270716,0.615234,2.943625,2.107228,2.237372,3.0890265,,2.678915,5.523277,4.835567,,4.748693,2.444733,4.785235,5.396514,2.404904,5.539109,5.673176,5.638153,0.832332,3.607333,5.372133,1.401942,4.684872,6.251387,3.2148944999999998,5.903411,2.330951,2.972014,2.647118,5.056828,6.02561,4.585708,2.387862,6.178613,4.651617,4.782741,5.996869,1.255479,6.173278,2.892567,-2.335459,5.377627,5.531599,2.220934,2.142424,6.091484
ONS-76,7.944988,4.352912,6.627174,,5.715363,3.289325,5.281324,0.626796,2.775316,2.159117,6.700305,3.261817,6.951589,3.061504,9.963766,-3.701827,-2.028215,-3.411428,-0.793355,-2.987107,-0.893791,4.321,3.8165579999999997,-2.892002,4.002527,9.586466,0.1845,,-3.9354715000000002,4.517104,5.449247,3.276255,4.428267,3.468047,5.78999,-5.120974,,1.176254,1.053065,-4.4553235,-2.066247,,4.032124,6.356917,,2.863214,4.107749,3.345835,5.003659,6.184636,1.510306,5.936235,-2.996797,-3.994084,3.824915,3.187386,-5.749809,3.5839575,,2.562268,2.805442,3.134444,-5.263186,1.418397,-1.943584,,3.12324,2.526342,2.819292,5.251552,3.90988,2.419973,2.032847,,,1.0694995,2.019099,-1.308234,-4.71115,3.035724,3.101342,0.287377,4.616636,2.056899,6.138651,5.29982,5.54338,2.821102,0.924993,4.954725,5.924946,5.936235,1.0819275,5.651146,-1.994926,,2.096938,1.022039,0.712342,2.039181,3.65954,5.086349,3.796457,5.353391,2.155782,4.937833,5.570168,4.133923,5.91699,0.4042,-0.976064,3.07243,4.600816,3.797999,2.949247,2.25527,5.628615,3.187253,3.007839,-1.619091,5.203192,5.443829,1.558605,,-0.841278,3.09174,4.522034,2.815719,4.202353,1.622153,3.895183,5.935812,2.788092,-2.99241,5.105291,3.576043,5.924146,2.840916,2.045943,2.540064,4.215578,3.606498,2.8335489999999997,,5.618938,4.026566,3.203515,,5.277616,5.294778,5.517208,5.674662,2.124927,6.197167,4.222292,5.832038,2.587885,3.727367,4.380817,3.357854,5.669839,5.936235,4.18532,3.568415,2.672866,3.318499,3.787778,5.002445,5.167356,5.756481,3.350542,5.153931,5.203923,4.177853,5.909114,3.494319,5.202437,4.159887,-1.51015,4.417884,5.287378,3.50974,2.077695,3.101508
OPM-2,7.08613,-0.602124,3.799517,,4.592836,3.453956,4.637042,-0.12454,0.526057,0.48836,5.028085,0.421671,5.1146365,1.413507,9.873345,-5.775805,-2.500489,-4.281278,-1.528899,-4.7147,-1.159716,2.53451,3.2218495,-3.280528,2.800878,8.742627,-1.776269,,-4.0884135,3.85623,4.590892,2.145485,2.439675,2.507692,3.055923,-5.629742,,1.806927,-0.345615,-4.6079575,-2.65493,,2.508401,3.892761,,3.434292,2.445618,2.084267,3.369126,4.969622,1.277993,3.368779,-4.990886,-5.12228,1.151369,1.760744,-5.902083,3.716433,,1.769141,1.249259,-0.422021,-5.148714,-2.839071,1.179243,,3.7041209999999998,1.581299,1.992671,4.574762,3.297342,-0.017466,-1.356495,,,3.5165490000000004,1.778025,-1.229133,-3.471276,1.210362,1.709988,-4.875558,3.798998,1.300774,4.538667,3.015692,3.328255,0.992684,1.74715,1.384744,4.592268,4.592924,1.4235725,4.471415,-3.591936,,0.560302,0.932801,-0.35139,0.507727,1.065314,3.987982,4.549157,4.335866,-0.401729,4.124845,-0.847274,1.470568,3.097544,-0.359407,1.971198,2.148544,3.383843,1.058619,1.650324,-0.001572,3.032393,0.827847,-0.371135,-2.232033,3.716407,4.396292,-0.028162,,1.84925,1.68562,3.273279,2.983486,1.900115,1.185171,0.947546,4.110706,-2.390862,-3.766454,3.133797,-0.037135,0.954771,0.360459,1.873293,1.567351,0.315983,-1.279406,0.5277875000000001,,4.149758,2.152252,4.590948,,3.520754,2.622738,4.047481,4.042937,1.586908,4.4383,3.711375,4.592924,0.985949,3.028747,4.230013,1.728262,4.592924,4.538266,2.9582924999999998,1.494028,1.158681,1.642318,3.385092,2.756995,3.581805,3.897028,1.456914,4.591779,2.07712,4.428433,-3.048923,0.990236,3.888634,-0.638518,-3.423645,3.781675,2.713344,2.951586,1.984335,2.663629
OS-RC-2,6.78207,2.034559,0.900582,,4.046519,1.344305,2.753326,-3.949394,0.250306,-0.466243,2.720706,-1.228263,4.4984685,1.118252,9.284425,-6.298531,-5.263178,-5.003029,-4.235958,-3.867824,-4.657276,2.664905,1.435511,-6.315909,2.552495,8.342387,-3.048272,-3.716858,-6.2626290000000004,3.471829,4.236994,2.674237,1.805213,1.763617,3.585054,-5.536258,,-0.028525,-4.45747,-7.2127385,-1.959606,,1.890277,4.987994,,1.488482,1.645986,0.922242,1.186365,5.218929,1.398685,3.251637,-5.913585,-6.798446,1.414514,0.167709,-5.893287,-4.2643045,,0.661804,0.328724,-2.888285,-4.077455,,1.453097,,0.8190295,-0.166506,1.062861,3.722044,2.843094,1.564925,-0.378724,,,3.9055615,0.496235,-2.475761,-3.980786,-0.239457,1.73778,-5.25656,-0.471896,-0.832724,3.562012,1.076514,4.288876,-2.515013,2.81198,2.894481,4.429989,3.693351,0.8098230000000001,3.666306,-4.04869,,-0.512888,-1.686186,-2.11838,-0.364514,0.537126,2.481655,2.244849,3.042711,-3.69589,2.895079,-0.449793,2.69888,3.358938,-1.671644,1.502085,0.277055,1.100395,2.034146,2.282703,-1.849412,2.181584,1.501428,-0.633014,-2.154451,3.833135,4.038437,-0.440822,,2.922064,1.112183,4.266007,0.96615,2.355832,-0.817361,3.208908,2.960561,0.014281,-4.574898,3.081208,0.339298,0.658107,0.721962,-2.165769,1.885002,1.746784,1.986271,2.0182795000000002,,2.153225,2.238521,1.130939,,3.354272,2.280019,3.683247,3.673302,1.01889,3.959638,2.069837,3.71554,1.593531,1.87049,1.906138,1.76314,2.463032,3.677818,1.074559,3.132841,-0.713202,1.157572,1.325578,2.514192,3.348759,2.706793,2.273405,4.188986,1.379194,2.922815,-0.912805,3.753619,4.300146,-0.623497,-4.738245,3.593398,2.257859,,1.503232,0.800502
OV-90,8.72841,6.716262,4.183582,,6.310599,6.903448,5.077425,4.963679,3.724472,3.279871,6.806117,3.580891,5.314681,3.424932,10.012983,-2.984844,-1.362708,-0.508765,-0.007204,-1.638754,0.023667,5.329992,5.2043325,-3.235733,5.312748,10.677184,0.84706,1.671954,0.8455409999999999,6.814124,6.606703,4.467385,5.929294,3.172585,6.500622,-4.461887,,2.769338,2.71276,-1.444309,-1.400154,,3.300974,7.126444,,6.179984,4.843235,4.076197,4.867953,7.155446,3.151975,6.950739,-2.078346,-0.842474,5.45631,6.242699,-4.089195,4.939468,,4.192231,5.318829,-2.171263,-4.245294,1.28438,-1.520695,,6.7761885,4.700209,5.419079,5.780322,5.515323,4.308229,3.255326,,,1.643398,3.804916,1.584213,-4.682945,0.497215,4.855853,1.658333,7.258982,3.569228,6.64963,4.341119,6.097127,4.608259,2.256003,4.808558,6.836229,7.438567,1.778474,7.235936,-0.631586,,2.406915,0.81697,0.970282,4.751307,3.273169,5.218935,5.282427,6.206871,3.916195,6.092302,3.291244,5.308287,6.96226,1.638474,-0.111986,4.600808,5.870854,4.664359,1.677047,5.044083,5.846074,3.92536,3.62863,0.647503,2.75262,5.18618,1.459163,,0.075073,4.404992,-0.195128,4.686608,4.644164,4.618183,4.81893,5.881189,3.579478,-0.082105,4.320595,4.262396,6.53793,3.168381,3.294116,5.143615,4.334418,3.744572,4.2927455000000005,,5.82527,7.358348,4.498011,,5.401337,4.35096,5.275931,7.01255,2.859835,6.833477,3.436417,6.96226,5.099348,5.999035,3.668136,4.651586,6.870887,7.473021,3.72442,5.241103,4.60454,3.581929,4.490183,5.135282,5.942192,5.925998,4.034868,5.641862,5.275826,5.927615,5.904935,2.534022,6.743754,2.049148,0.474484,3.238374,5.615341,4.046558,5.32689,6.208858
OV56,7.94403,4.709861,3.410617,,4.622644,6.557703,4.023385,0.440801,3.142594,3.553115,7.109136,4.178381,5.1574565,4.150359,9.482878,-1.91121,-2.238279,-0.164675,0.716242,-2.10333,-0.952177,4.558658,4.3030335,-3.671075,4.0904,8.719034,1.276912,0.788759,-0.8815985,6.119003,5.774061,4.15821,6.398821,3.882461,6.139919,-4.395492,,3.116371,0.733457,-3.371125,-1.286262,,3.613964,6.070765,,6.173749,4.81481,3.207942,3.716357,6.261679,1.525725,5.771245,-0.08119,-0.316748,4.566318,4.142338,-3.989492,2.6695585,,2.668953,3.603471,1.281837,,1.510007,3.059885,,5.483381,3.398613,5.479725,5.247342,4.482937,5.323421,3.298864,,,5.788684,3.517706,2.303162,-3.197278,2.478482,2.892251,2.872588,4.911153,,5.466873,5.107281,5.720498,4.263604,4.931854,5.113838,6.063448,6.175756,5.3201605,5.55988,-0.094808,,2.624735,0.205043,2.050662,6.157623,2.05327,4.520319,4.151293,3.681686,4.126,5.857447,5.351141,4.527208,6.092177,2.49092,5.863786,3.887067,5.438562,4.253587,0.800245,3.940657,5.368499,3.626825,6.159437,-1.13087,4.019444,5.977147,3.875505,,2.975316,4.516819,5.222979,4.075868,5.411902,2.938564,3.408475,5.898565,2.93993,-1.193034,3.625363,4.799486,6.046378,3.703819,5.197,6.089604,3.151383,3.258574,6.026887,,3.75535,2.922675,5.793994,,5.522076,5.620723,5.18129,5.339954,2.204239,6.059504,4.92469,6.172963,2.717019,5.877276,5.198842,3.815773,6.145629,6.151404,4.695050999999999,4.935952,3.786916,3.089082,5.379509,4.014967,5.619583,5.101814,3.353259,5.691121,5.116631,5.208478,3.422514,3.062103,5.560744,3.873136,0.049094,4.643098,5.068317,5.146048,2.089246,6.175756
OV7,,5.096676,,4.768045,4.96803,3.850381,6.550531,,2.528455,1.839742,6.251045,,,,,,-3.521462,-5.28743,-0.367351,-4.294978,-1.905191,,3.240517,-3.187905,2.983675,,1.220324,3.042816,-5.819417,3.526967,3.290969,3.790056,2.967866,2.083759,5.345498,-4.639011,4.221587,,,-5.238953,-0.944193,2.906241,2.863971,,3.019435,,3.178105,2.974187,4.992731,,-3.540457,3.889558,-1.949984,-3.584275,2.492432,3.886049,,,2.204033,,3.761303,-1.495044,3.109894,0.614743,0.333347,4.703101,3.543611,1.954647,4.128513,4.356486,3.657676,2.187273,1.393764,2.793761,1.31774,2.95955,2.030076,0.503164,-6.088761,2.505783,1.015345,-2.149963,4.692387,,3.119889,4.250449,4.915828,2.442558,1.874116,4.621959,4.81673,5.38279,2.830326,5.546984,-2.348861,0.869819,1.052742,,2.569551,,0.455831,4.029299,2.942217,5.136781,0.494597,4.418356,0.470016,3.449966,3.9993,0.422011,2.251152,2.065764,3.316177,2.583389,2.205306,0.365358,3.964663,1.855713,,,3.754724,5.161391,0.253192,1.503099,0.739387,2.797508,2.639388,3.938969,,4.66458,,3.066201,0.179349,-3.203295,4.730753,1.953629,,3.156514,2.817279,3.055225,1.022288,4.583708,3.154928,4.435959,1.369571,5.375488,2.280382,1.781755,3.954976,2.607809,5.539998,5.499883,2.4752,5.24419,5.240783,,4.336912,2.063476,4.880311,3.218174,4.012303,,2.538551,3.749147,2.543058,,5.549797,,,,1.557784,5.499433,4.023927,3.438403,,2.417352,,1.06836,-3.851895,4.440399,4.948648,1.101314,1.684795,2.689052
OVCAR-4,7.681742,4.377099,7.164576,,6.079022,5.826503,4.458587,0.841591,3.309113,2.830138,5.944963,4.156863,0.2893355,4.738875,11.053042,-0.775282,0.604,-2.368479,1.748906,-1.692711,4.01383,4.351762,4.822642,-2.87259,3.942092,9.700029,0.628265,-3.090124,-0.6548695,5.566716,4.989822,2.912655,4.487601,2.616934,5.744173,-4.435628,,3.888547,4.185488,-2.6535219999999997,-1.337021,,3.49123,6.481995,,4.216124,3.881022,3.438034,4.460266,6.517643,1.256668,5.031997,-1.363411,0.525004,2.547418,5.88658,-2.835393,4.0009725,,4.644924,3.410614,1.530084,,2.694203,1.637559,,4.748507,3.204765,5.083193,4.411871,4.750367,2.531778,4.065312,,,4.908277,2.163353,0.109253,-6.057904,4.053353,3.954028,0.360142,5.624079,,3.803093,3.913724,5.539786,4.119055,3.055809,4.5044,5.652511,5.936386,3.666774,5.770825,-1.259657,,2.191203,0.78577,3.452894,5.152785,3.335208,5.665317,5.594197,5.807364,3.267119,5.150269,2.34133,5.660743,4.864325,0.53518,3.178904,5.92781,4.844808,4.992953,3.654935,5.21284,5.416016,5.496124,4.97535,0.416381,3.33461,6.076017,2.466347,,2.742244,5.006459,6.081846,4.399873,3.700502,4.258463,4.470821,5.810192,2.504998,-0.354807,3.570752,4.597209,5.797017,2.185889,0.376218,4.996636,3.88682,2.654856,5.7580195,,5.290357,6.820795,4.517826,,5.696303,5.564056,5.544946,5.845159,1.297774,5.913086,4.198516,5.894289,2.382263,5.781576,4.915891,2.83029,5.787321,5.233979,4.791204,4.409974,2.222799,3.681183,5.803626,5.136201,5.913861,5.590518,3.755895,5.947936,5.484602,4.546486,6.081846,2.896395,5.657917,3.664795,1.09641,4.917342,5.121153,4.227858,2.552585,5.273825
OVCAR-8,6.675605,3.299513,4.006948,,5.008575,4.195675,5.228031,-1.553329,1.022019,0.752589,6.180279,-1.409114,3.5336425,2.819847,8.456272,-5.844108,-3.182497,-4.667434,-1.62706,-3.136242,-4.181624,2.744327,3.297878,-4.403311,2.464457,9.43874,0.185468,-3.679265,-5.487029,4.565555,4.06324,1.712056,2.357785,2.156792,4.992312,-4.914222,,1.937775,-0.822707,-4.8628944999999995,-0.749428,,0.987556,1.514425,,3.111456,3.15617,2.765115,3.542086,5.035124,0.582817,4.176283,-2.843537,-3.957837,2.705465,4.118747,-5.795119,0.21380149999999998,,2.366617,3.405867,-0.614009,,1.561599,2.013814,,3.916916,3.154737,3.045425,4.540058,3.609428,2.217026,1.167175,,,4.265847,1.607655,-1.1004,-4.751177,3.514654,2.364597,-2.644608,5.121671,,3.525575,3.977416,4.985486,2.849314,4.885029,3.89752,4.546148,5.130453,2.051276,4.996552,-2.258274,,0.775947,-0.028675,-0.94565,1.938162,1.362894,3.648399,4.228153,3.823686,1.221905,4.318027,2.988993,3.670241,4.428468,-0.467662,2.244996,3.993523,2.872919,3.453627,4.21051,2.367865,4.974259,3.756757,1.754815,0.229375,4.593627,4.982281,1.855803,,2.995738,3.034431,5.031426,3.248521,3.236838,2.049825,3.799823,4.567342,1.658165,-2.695652,4.66563,2.624476,3.205472,2.712415,-1.063183,3.827602,2.967691,1.346436,3.5393515,,2.87509,4.183748,3.0073,,4.467012,3.830881,4.933806,4.48066,1.494676,5.026601,4.738773,5.124239,2.647139,2.66894,4.143051,1.778436,3.954226,5.130453,2.973971,3.198624,1.512733,2.805924,3.894269,4.334579,5.07797,4.7895,2.84275,5.093079,4.110144,4.404048,5.129546,2.83062,5.219174,2.274249,-3.450476,4.413243,3.922865,1.692546,2.167228,4.068508
OVISE,7.578345,4.884138,7.124221,,5.599894,6.584731,5.635036,1.009068,4.11597,2.510437,7.177552,3.756842,0.26354799999999995,4.263934,9.209506,-1.634092,0.22148,-2.157641,-0.684403,-1.846374,0.430623,3.641604,5.1396215,-1.929,2.953159,8.938875,0.638359,-1.00294,-0.6314730000000001,6.415687,6.273526,1.668438,3.050308,2.590579,5.778145,-4.983725,,2.425744,1.298538,-2.7305015,-1.777824,,4.226891,6.747121,,2.496036,3.761305,3.412537,5.656137,6.715663,-1.036031,6.552795,-1.118995,-0.630772,1.744206,6.197815,-4.397447,5.111976,,3.453867,5.633679,2.866476,,1.120219,1.742465,,5.4343605,2.589343,5.639898,6.065207,3.727624,1.938876,2.882403,,,4.7712225,1.462349,-1.064598,-4.361743,0.649361,4.617361,0.729718,3.737001,,2.171327,3.978736,5.45946,4.184424,4.015181,4.256876,5.018606,6.128913,3.256084,5.214489,-0.852821,,0.939149,0.84577,2.257784,2.305949,0.314418,4.769012,4.529213,5.420346,3.424513,5.009924,3.61815,2.911369,5.684979,-0.002245,2.844877,5.192746,5.38104,1.883066,-0.621122,3.923441,4.723924,2.962617,2.180224,0.520622,3.599304,5.078629,1.561788,,2.228938,3.235199,5.856597,4.519475,5.033575,3.150525,2.936729,4.943057,1.852674,-1.958653,4.709827,4.039234,3.319548,2.614418,2.758821,5.287828,-0.056193,3.202474,3.3091435000000002,,2.882715,3.28347,3.871463,,5.324139,2.448884,5.9068,5.986712,1.777167,6.109614,4.329794,6.090183,1.300329,3.562349,5.176691,2.231776,6.081902,6.072407,3.6085624999999997,4.025588,0.855711,2.428363,4.414759,5.284287,5.742374,4.639813,2.130449,6.005303,5.432351,5.80936,6.061746,2.698133,6.404237,2.352713,-2.254671,4.227065,6.120699,4.787889,2.247452,5.444945
OVK18,,5.841511,4.582583,3.756285,4.834609,2.098356,4.970512,0.504836,3.083429,2.070672,5.243437,,2.822905,,,,-2.683232,-4.297266,-2.312039,-1.582775,-2.390266,4.144391,3.418998,-2.485821,4.274612,,1.810799,1.668954,-2.6523205,5.637818,5.88405,4.672199,4.61149,1.433456,5.88405,-5.438773,5.608317,,-0.845354,-5.112057500000001,-1.582837,1.146831,5.88405,2.697648,2.888856,,2.48768,2.705765,5.027171,6.116314,4.274612,5.88405,-2.548587,-3.030567,4.267372,4.625719,-5.622339,1.941159,2.549036,,2.310064,-0.84169,-0.600819,2.197004,3.36971,1.709969,2.518772,2.45971,2.699911,3.85584,4.552451,2.649673,3.966722,5.88405,4.246652,4.909333500000001,5.052334,0.772358,-5.513008,4.683628,2.875783,-1.813292,4.099316,,5.271177,3.911501,5.518346,3.482537,2.778501,4.221822,5.74576,5.88405,2.235898,5.844969,-1.457075,1.663894,1.52424,-0.461445,0.373773,1.962419,1.848695,4.29171,4.678768,4.81724,1.302338,5.882873,3.323317,0.954088,5.842235,1.358039,2.613341,2.414073,4.234232,2.721332,2.191496,3.547796,3.976062,0.979854,1.712778,,2.383789,6.063421,1.694204,2.332746,5.59907,5.639698,4.979152,3.984255,,3.051954,2.725988,4.675156,2.661877,-4.127721,3.022583,5.573422,5.548346,2.540125,2.772831,2.346789,1.745667,5.346133,2.353936,2.085046,2.944848,2.77873,3.012163,1.843541,5.667139,4.674846,5.881784,5.119524,2.247938,5.908274,4.479687,5.837417,2.851867,6.115588,3.916257,3.478365,5.19668,,3.727267,4.497226,1.367061,3.302144,5.260729,4.199932,5.457005,,2.287295,6.268911,4.013304,3.906801,0.23694,3.140733,4.816059,4.979152,-2.165453,5.190902,5.658727,1.366142,3.213692,3.876069
OVTOKO,8.633866,3.168438,3.866194,,5.669749,4.583606,5.519101,-0.499161,1.83021,2.944569,6.851023,2.580658,6.163352,3.293904,9.599571,-1.913335,0.30799,-0.141257,-0.451782,-2.598403,2.107736,4.434974,4.751309,-2.023993,3.439181,10.002899,1.356885,-1.682582,-1.9902085,5.649134,5.559914,2.030441,2.596813,3.420588,6.181357,-4.196257,,2.403509,1.921073,-3.8010865,-1.273014,,4.164568,5.669784,,5.518461,4.332905,3.862805,4.881,6.512249,-2.854127,5.983503,-1.186967,-0.010227,1.214947,2.700413,-4.888203,2.7744305000000002,,2.582242,4.050108,1.431836,,2.295913,2.781411,,3.8769020000000003,2.935197,5.104872,4.205523,3.966621,2.259587,3.057344,,,5.7862405,0.967134,0.722534,-2.178171,4.17061,2.518202,-0.590938,3.371667,,1.549157,3.839561,5.371982,3.382137,4.447848,3.313245,6.161292,6.334891,3.8931164999999996,5.839801,-1.17014,,1.212325,0.801545,2.909828,1.961424,-0.085991,5.78647,3.085648,6.059776,2.41075,5.500841,2.88573,3.462989,3.589909,0.711861,4.706395,3.182727,5.051175,2.213175,4.367464,1.423334,5.153111,2.498992,1.70821,-1.282569,3.198114,5.487092,1.11409,,3.278399,2.177889,2.957364,3.040251,5.215171,3.027175,3.707189,5.511934,3.776929,-2.202442,6.293294,3.244314,1.644058,4.011421,4.104512,5.06298,1.27825,3.887833,3.3277975,,1.733725,3.59899,3.433374,,6.326532,3.630755,5.956863,6.678068,1.581798,6.480293,4.733102,5.560701,1.260981,3.499995,5.122396,3.848389,4.838879,6.335077,4.0611835,3.113482,1.982675,3.272481,3.676367,5.11928,6.075062,5.870666,2.105311,5.992044,4.330788,6.002208,6.335077,3.081558,6.509399,1.660115,-1.100843,5.085237,4.275595,5.677186,2.3853,6.335077
P12-ICHIKAWA,6.48311,2.176031,1.575717,,4.887042,3.755803,3.326017,-4.274002,-0.502224,-0.761207,4.281619,-4.278527,4.7949795,2.208728,9.323715,-6.172001,-4.97213,-4.960524,-3.791865,-3.672033,-4.689905,2.770732,3.1045024999999997,-6.440539,3.132838,,,,-5.7946100000000005,4.519731,4.51951,1.961128,1.801691,0.884232,,-6.247194,,-0.213976,-3.516573,-4.707428999999999,-2.421355,,1.46787,1.899343,,1.675399,2.21865,2.125066,1.891864,1.241928,1.78418,3.959494,-3.426613,-5.697017,,-0.171646,-5.16204,0.901537,,0.364809,0.677889,,,,0.650176,,2.0128245000000002,,2.118752,4.531694,,1.154227,-0.802565,,,3.676769,0.301526,-1.520915,-2.900093,-1.672604,,,3.262972,,3.222772,,4.531856,0.540486,2.377181,3.129824,4.531856,,1.7760185000000002,,-2.833129,,0.168638,-1.453459,-1.756356,1.022087,1.057175,2.747058,3.176773,4.005221,-3.237688,,,1.190388,3.39859,-1.060715,1.834271,0.975411,1.714005,0.382443,-1.788294,-0.234308,3.993882,0.675886,1.778651,0.403962,3.585951,2.538541,-0.856502,,,1.780661,3.132589,1.434618,0.978504,0.451976,1.580391,,,-3.659986,2.796851,0.604965,3.818443,0.225367,0.68838,2.05938,1.301495,1.286582,0.807768,,2.858427,1.63127,1.669558,,3.248092,2.299355,3.866602,4.23674,1.428861,4.446841,3.74116,4.531809,-0.080047,2.380111,3.283128,1.166895,3.172915,,1.9735735,3.885086,0.341263,1.002345,2.463256,3.24863,3.449791,3.704258,2.709533,3.651709,3.421473,3.30911,3.053206,2.902675,4.440133,1.485303,-4.427825,,2.893791,0.570286,1.519886,0.857774
PA-TU-8902,9.100968,6.191042,7.796741,,6.587088,6.44412,5.8609,2.031877,3.201381,1.475791,8.376557,3.42852,3.3491789999999995,3.722725,11.723614,-1.463354,-0.75724,-1.295693,0.286159,-1.524189,1.487982,4.997816,5.2887965,-2.781818,4.752292,10.865398,1.273413,-1.445841,-1.1144595,7.073284,6.621085,6.578974,6.190771,3.540644,6.884635,-4.385796,,2.506269,1.807834,-3.271491,-1.068499,,5.503155,6.452792,,2.511132,3.593137,4.228062,4.484115,7.854507,1.768005,7.196918,-0.992808,-0.705732,4.334876,4.248957,-5.633333,6.0368189999999995,,5.591779,5.031037,1.154709,,2.622655,1.277236,,6.0655065,6.282086,5.464249,6.905839,6.056789,2.641669,4.194001,,,4.542148,3.572515,2.547883,-3.925488,3.178581,6.058041,0.165183,7.464668,,6.210623,6.06467,6.871248,5.054573,4.428734,3.459836,6.415573,7.1412,3.3869015,5.998998,-2.442574,,1.043269,0.486031,1.639957,4.565892,1.021996,5.899853,5.456817,5.523498,3.511083,6.791754,2.169273,4.311891,6.741979,2.076751,3.04379,6.144989,5.269643,4.736185,2.635429,3.954159,7.263756,3.49893,2.737016,-0.350802,5.384178,6.821399,1.717277,,3.460043,3.875491,6.524334,4.76192,6.473098,5.439482,5.846324,6.456118,5.023696,-1.13112,5.326611,5.955019,4.398216,5.860361,4.304167,6.852718,1.127438,3.43326,4.2168805,,3.392298,5.691113,5.107781,,6.325899,3.572673,4.958112,6.889516,1.120298,7.021475,5.483804,7.058708,4.777248,5.342112,6.081626,3.708808,7.060173,7.067377,5.7425945,5.418169,2.654641,4.2321,5.133338,6.0327,6.718611,6.796866,3.839487,6.826361,5.570955,6.908508,7.175117,1.38787,7.483062,2.222448,-0.94605,6.148534,6.16064,4.167721,4.927909,6.832006
PA-TU-8988T,7.588791,5.481536,6.70509,,5.032398,4.186317,4.758588,-0.220197,5.312832,4.16533,6.056579,0.602098,6.3094874999999995,2.914506,10.378344,-4.791117,-1.398871,-3.888007,-1.189844,-4.310183,-1.388208,4.087759,3.049462,-3.174717,3.009984,9.829199,-0.229601,-2.603291,-3.6121865,5.145677,3.699641,4.508246,4.454642,1.869119,5.482665,-5.528257,,1.23666,0.035236,-4.322184,-1.580008,,3.550159,5.225535,,1.814009,3.671297,3.312422,3.824904,6.346752,0.0608,5.337576,-2.037046,-3.332819,2.272508,3.68262,-4.796783,1.5715590000000002,,5.758762,4.457357,-1.118742,,3.004744,0.565038,,4.441676,5.514583,3.759421,5.422791,4.587785,2.250049,0.682368,,,2.3280695,1.914638,1.79922,-5.286424,2.423461,2.026469,-0.582565,5.164561,,4.052185,3.591499,5.333364,4.155959,1.991893,4.473292,5.383033,5.663113,2.130291,5.704667,-2.727584,,0.778878,0.566958,-0.325114,1.635337,1.082166,4.411669,5.834139,5.589312,2.976245,5.683068,3.117719,3.356616,5.409382,-0.425987,1.624377,2.475477,4.994991,3.492683,3.264676,3.200851,5.349091,3.545092,2.162016,0.002418,2.259011,5.432471,1.641477,,0.967424,3.076255,5.134769,3.760042,4.867169,4.190077,3.906477,6.095067,-0.222171,-3.387861,3.830284,2.071909,3.538829,3.405055,3.924273,5.658793,1.868926,2.139184,3.436281,,2.813142,5.7973,4.794684,,4.220487,4.794102,4.730995,5.867618,2.624007,5.831981,3.565145,5.464066,4.970448,4.139697,3.927543,2.075884,5.592973,5.704667,4.1133945,3.086045,1.169957,3.129778,4.835367,4.559365,5.381265,5.25575,3.599147,4.999306,4.971098,4.572704,5.675742,1.522286,5.396169,1.739507,-2.746255,4.573694,4.770845,4.214272,2.604729,2.89236
PC-3,7.937562,6.723134,4.791545,,5.561066,4.509664,5.508434,0.773609,3.519924,2.908385,7.493301,4.036409,3.4788485000000002,2.908778,10.532533,-2.449754,-1.796951,-0.588809,0.728563,-0.197141,0.814758,4.247129,5.0357275,-3.159737,4.939338,10.479059,2.164848,0.260986,-1.8650635,6.459631,4.318196,4.20037,6.197808,3.30614,6.579735,-3.966412,,4.417979,1.637613,-2.0809585,-0.893421,,4.978744,4.214178,,2.21773,3.894285,4.272095,5.779607,7.3511,2.10914,5.08948,-2.409764,0.591762,3.639218,5.908133,-4.008037,2.3285555000000002,,5.40728,3.789629,1.000445,,-1.142059,4.876141,,6.9960525,4.936252,4.406095,4.932817,5.318599,4.215931,4.798562,,,6.0150375,3.725233,3.074162,-6.392703,1.970325,3.86701,1.453562,6.740867,,6.265757,4.46921,6.623914,5.035674,5.666097,5.836167,6.574292,6.655865,4.677618000000001,6.296433,-1.316028,,1.276314,0.987093,0.853129,2.9784,1.432934,5.360984,6.021011,6.583078,4.903886,5.928386,3.700999,4.588768,6.561557,2.693163,6.106877,5.901205,5.765197,3.975786,3.001265,3.151799,5.820781,3.624949,0.924571,-0.519675,6.081552,6.308297,4.166099,,4.604568,3.306989,6.012492,4.611839,5.868638,5.177206,2.909106,6.8098,6.314146,-1.682871,3.902281,5.883586,4.470271,2.034149,3.365935,5.965274,2.81427,2.461778,3.980688,,2.378996,7.691139,4.945026,,4.179874,4.43948,5.806426,6.662351,2.178657,7.006942,6.095093,5.014826,5.149639,3.386807,5.191889,2.525851,5.501099,6.662611,5.332658,4.129581,2.371085,4.315984,5.435991,4.984943,6.089468,5.374831,3.468139,6.49062,6.015357,5.410813,6.471652,4.045185,7.024032,4.065254,-0.145496,5.949799,6.391374,3.879938,6.217296,6.662611
PF-382,6.797445,2.804173,1.995309,,4.948819,4.316744,3.87137,-1.866851,2.053591,0.099747,5.225359,-2.740144,5.4738275000000005,2.061134,10.183253,-4.464675,-4.512799,-4.10956,-2.829149,-3.423231,-3.285119,3.266762,3.1953899999999997,-5.828965,2.432203,9.040933,-2.380442,-3.429415,-4.644795,4.778833,4.934119,3.253089,2.056047,0.833394,2.941757,-5.907797,,1.837484,-1.603805,-4.482799,-1.905993,,1.548282,2.025908,,2.16098,3.032033,2.615231,2.177823,2.301708,-1.160971,3.45919,-3.20951,-3.560966,-0.267638,1.212635,-5.871047,-0.5738679999999999,,0.984009,1.474632,-0.284273,,-1.316409,1.710448,,3.603862,-0.494563,2.541934,4.469154,3.093723,1.863451,0.834754,,,4.197388,0.814748,-0.957517,-3.622979,-0.545326,1.801552,-4.720066,3.65941,,3.801069,2.287711,4.84074,1.07412,2.986419,4.113205,4.946128,4.069802,2.0895205,4.832985,-2.8386,,0.661337,-0.24925,-1.229773,2.029347,0.482823,3.837263,3.843293,4.868705,-0.811454,4.948819,0.954661,2.173738,3.45314,-1.415888,2.529245,2.128528,4.402069,0.69005,-1.069978,1.77898,4.232287,1.265364,0.969029,0.016554,4.889153,4.947896,-0.507882,,2.046452,2.016556,3.530453,3.134089,2.629378,1.427341,0.942378,2.684456,-1.255951,-2.758146,4.140326,1.970587,3.073842,2.318984,0.753035,2.717443,0.809515,1.589416,0.8258574999999999,,2.528825,1.811774,3.378239,,4.906887,2.434959,4.662983,5.260933,1.110855,4.677741,3.639741,3.135241,1.903954,3.127424,4.041606,1.953254,4.044521,4.551999,2.620449,2.199643,1.130405,2.187675,2.571997,3.961883,4.432804,4.834062,2.967883,4.946035,2.801482,4.904462,3.893881,3.06742,3.752704,1.732201,-3.957759,2.770769,4.601852,2.459032,2.067888,2.04376
PSN1,8.617509,6.223643,3.743634,,5.103813,1.354905,6.076066,0.423026,2.431891,1.683624,6.363217,-0.174114,5.8710640000000005,1.886799,11.373402,-4.278802,-2.614169,-3.444545,-2.233696,-3.318746,-3.830996,2.918384,4.122423,-3.316987,4.222534,9.7501,1.356608,-3.366013,-1.8605075,5.995542,6.050159,5.880311,4.719501,2.56725,5.868375,-4.792316,,1.793935,0.210662,-3.1652649999999998,-1.700803,,4.047659,4.682112,,2.073137,3.078413,3.82038,3.852805,6.71446,0.092946,5.686634,-1.150367,-3.503239,3.667133,3.430715,-4.817114,3.795674,,0.956047,4.041078,-0.604241,-4.652339,2.343784,-1.819385,,3.7878335,3.293373,2.46294,5.316041,4.459938,3.72043,5.167472,,,1.2614895,2.677555,1.149731,-5.377279,2.736234,3.221537,-0.090626,6.487413,0.039625,5.666739,4.692839,5.674814,4.128228,0.094244,4.474781,5.512136,6.122015,0.008564000000000002,5.126387,-0.556925,,1.456264,0.178729,0.871243,1.5174,2.417348,4.446483,4.898822,6.125727,2.503693,5.150738,4.530677,4.100675,4.564816,0.714641,-0.673657,4.089625,5.436232,4.655266,2.535262,2.470531,5.616146,4.002125,2.707661,1.92278,3.935635,4.94852,1.430846,,-0.571498,3.4925,2.307283,4.467983,5.433715,4.35808,4.522404,4.884809,6.022676,-2.091343,3.880293,5.507728,2.816262,4.647454,2.447095,5.093206,3.498757,3.378491,5.420531,,4.11924,3.518727,4.324139,,3.703277,4.699821,4.4866,5.245292,1.924343,6.508538,5.327478,5.230503,3.672871,5.060309,5.711896,3.626301,6.136593,5.936562,4.178355,3.982943,1.94084,3.314698,3.613599,4.916971,6.026655,5.292863,3.086407,5.977765,4.313374,3.762715,4.841456,3.680903,6.510116,1.8042,-3.017783,2.397842,6.01128,2.020536,4.541741,3.865133
Panc 02.03,8.054448,4.234788,4.445434,,6.681081,5.335665,5.904794,1.749602,2.19697,1.798865,8.663916,2.233683,6.7980215,4.696511,9.698123,-1.06728,-1.84389,-3.286229,0.502716,-0.936554,0.347126,4.564698,3.8398955,-3.099937,3.645544,10.457328,1.433571,-0.152301,-3.270957,6.264055,5.951557,4.391836,4.861013,3.686793,6.130208,-4.559387,,3.597786,0.7488,-3.2648585,-0.681196,,3.781286,4.798991,,2.085476,5.004953,4.72949,3.711216,7.139483,0.156876,6.846309,-0.733313,-0.463344,4.683414,4.419419,-4.72462,1.650713,,6.626246,5.131218,-0.920688,-4.529506,2.497709,-0.743507,,4.4464855,3.9393,2.927366,6.507658,4.356809,1.894321,0.584378,,,1.480991,1.536018,1.580692,-2.871943,3.920756,4.112568,-0.511987,6.193553,2.941514,2.622768,3.736588,6.895164,3.964658,2.151596,4.317109,5.167288,6.903315,1.4122565,6.711382,-0.245586,,1.820958,1.135578,0.786584,3.480723,0.714201,6.983477,5.168036,5.808088,3.151156,6.230079,3.563079,4.335758,5.733555,0.56789,0.457784,6.88724,4.867967,3.399034,,2.44573,7.547894,5.470329,2.562473,1.143831,6.159076,5.986235,0.115728,,-0.572905,2.83626,5.890015,4.174971,5.91395,4.375409,4.596298,5.305554,0.361667,-1.980839,6.180627,1.05775,3.994754,1.876294,3.491357,4.794303,2.06067,3.711906,5.6421624999999995,,2.751068,4.798781,3.287915,,4.420552,3.269016,5.031972,6.54738,2.549154,6.951685,5.689251,6.762511,6.207086,3.706292,6.071786,4.584557,5.554027,6.903315,4.1251430000000004,3.757401,2.033079,3.997035,4.066393,4.561035,6.119201,6.064967,2.822703,6.095406,4.456281,4.415366,7.37789,3.748477,6.602014,1.865953,-2.345238,5.977178,4.239997,4.661052,4.048699,6.825168
Panc 03.27,7.794959,4.37818,,,5.583563,3.273396,,,,3.594163,6.168423,1.898464,,3.40166,9.842143,-2.6093,-1.890336,-3.25125,-0.065775,-3.956269,-2.798807,,3.322941,-3.500693,1.961593,7.983637,-0.452089,-1.49174,-3.981947,4.308383,5.932176,2.739245,2.910188,3.022837,5.221323,-3.080341,,2.70908,,-2.669019,-0.792804,,4.139897,,,2.444174,3.580671,,4.968976,,-0.427059,4.500237,-0.307552,-1.461629,1.347494,4.738567,,3.937335,,3.5109,3.265001,-0.089097,-4.28985,2.304905,-0.218995,,4.554228,3.613154,,5.807088,4.742392,3.083655,,,,3.552104,1.242482,-1.57234,-6.074939,2.964959,2.842407,3.000419,4.997584,0.244607,2.750629,4.48834,5.660165,3.697433,2.61094,4.804331,,5.525439,2.395627,5.789743,-1.43294,,1.165222,0.972801,1.180927,,1.036704,4.600026,5.701891,,3.31559,5.739696,1.594832,4.963292,,-0.871566,1.583188,5.73116,,2.833564,2.312598,,6.337574,4.506289,,1.376324,,,2.269205,,1.890375,,5.942513,4.333075,3.377975,1.983248,,4.582374,4.045117,,3.759853,,,6.697138,,3.648885,2.095205,2.858887,4.62357,,2.905445,,,,5.4462,3.471599,5.916487,5.798788,1.927242,5.942513,,,,,,2.589942,4.535718,5.676503,5.414915,4.127449,1.574116,,,,,4.312885,2.040036,,5.656413,5.101318,,2.043033,,2.582012,-1.051991,4.379969,,4.508693,2.693361,3.581954
Panc 04.03,9.964977,6.715196,,,8.871683,6.493509,,,,4.432389,9.646216,6.423747,,7.619842,13.091505,0.049059,0.401044,-0.92654,3.380008,-0.263346,1.334767,,5.536126,-1.173578,4.943838,11.37866,4.120535,-0.733579,-0.899066,8.278055,6.83836,4.130992,5.33545,5.670981,8.445495,-1.434465,,5.783998,,-0.449138,0.805325,,6.385072,,,2.96931,5.312776,,5.923644,,0.526652,8.05285,1.462482,1.502929,4.590974,8.871291,,8.803424,,9.229988,5.365582,1.359648,-2.142333,1.365161,0.182081,,6.402958,5.592668,,6.895404,5.394498,2.534337,,,,2.757307,2.498053,2.715752,-2.810233,6.209665,5.966234,4.381983,8.989778,3.676581,3.580509,5.234385,7.789918,5.735528,2.69531,5.171511,,8.413592,3.6348309999999997,7.447476,-0.61737,,3.219618,2.244579,5.145815,,2.769608,7.991791,6.912729,,3.930447,8.433241,6.194111,4.789742,,3.032479,1.16926,7.957159,,4.642114,4.158428,,8.485334,5.175409,,-0.275571,,,4.018469,,1.386815,,7.822713,6.963433,6.284639,7.233909,,7.086945,4.286501,,7.379408,,,8.238595,,6.468588,3.242235,5.858319,6.086855,,4.079692,,,,7.363998,6.049477,8.164128,8.035573,4.464773,9.229497,,,,,,6.419762,8.645224,8.572871,6.955295,5.599987,3.534381,,,,,8.439902,4.17429,,8.460503,7.772411,,2.392433,,3.743696,1.014794,7.139717,,6.622085,5.202619,8.050921
Panc 08.13,9.143301,4.482297,6.338578,,5.659106,7.424185,5.931567,4.086672,1.954814,2.902047,8.02596,4.453535,6.6967265000000005,4.400917,10.650797,1.735338,2.231405,-0.997853,3.547376,-1.398123,4.170801,5.062239,4.6005205,-0.318507,4.148809,10.818825,2.964777,-0.318076,0.4644315,6.671677,5.436492,3.95878,4.834824,4.126795,6.494916,-4.771129,,4.977168,3.551205,-1.931229,-0.797911,,4.804145,5.051071,,4.229503,4.002085,3.780268,4.968375,7.048629,2.401065,6.643128,0.350817,1.585143,3.756266,5.557837,-5.188637,4.9898430000000005,,5.728342,5.780512,1.475728,,3.565573,3.211501,,6.713567,4.76866,4.182361,5.898882,5.255328,3.672196,0.401374,,,4.0108615,2.916364,1.670901,-2.529687,3.234851,3.886012,0.60026,5.870534,,4.662082,5.652517,6.649787,4.213622,6.157722,4.452563,6.421515,6.667838,5.2314405,5.383867,0.366713,,1.792785,1.144934,4.284373,2.377312,1.505896,5.73596,7.037667,6.534111,2.93184,6.124289,2.960153,4.954104,6.211906,2.317782,4.465475,6.644143,5.133404,4.81226,1.36088,3.343818,6.819234,4.903089,2.26384,0.461116,4.186859,6.569345,1.827858,,3.952613,3.384127,6.550716,5.025599,5.574397,5.972599,4.990313,5.943888,0.458937,-1.107068,5.017904,2.080765,2.665307,5.845184,5.363523,6.615353,2.448094,2.717772,4.3249260000000005,,3.196024,4.235953,5.188013,,5.501401,3.914206,6.155758,6.370413,3.666014,6.602422,5.290401,6.16652,5.501459,2.795523,6.317007,2.223038,6.11275,6.502718,5.121504,3.57796,3.220161,3.478826,5.553039,5.036674,5.675738,5.704864,3.029725,6.148208,6.224293,4.278561,6.271222,3.047226,6.192667,1.956614,1.363582,5.276014,4.067215,4.949047,3.745009,5.734984
Panc 10.05,8.899785,6.124103,6.293368,,7.438352,6.6044,5.795455,2.809101,6.124246,3.866418,8.321907,3.196899,7.7588445,5.559419,11.4929,0.426269,-1.460662,-1.948552,2.401231,-1.487159,-0.271417,5.971218,5.454395999999999,-0.495868,4.56561,9.989146,1.074816,-0.419252,-1.338184,7.854268,5.522228,5.422124,2.983134,3.823536,7.208583,-3.834267,,1.991963,1.970391,-1.658192,-1.884795,,4.154844,5.797788,,2.486788,4.899063,4.11839,5.503506,7.094707,0.079492,5.672222,-0.609819,-1.020228,4.48868,4.66018,-4.30446,2.265109,,3.929339,6.188119,0.439015,-3.554526,1.702707,1.012072,,6.8112455,3.541916,4.901772,7.252682,6.350047,3.610273,2.856708,,,3.6129465000000005,2.288281,2.8327,-3.568454,4.130915,6.291339,0.805921,6.772723,3.228786,4.778525,5.905681,7.854268,4.909804,3.25364,3.649547,7.250915,7.854268,2.552562,6.844552,-1.627793,,2.296584,1.779984,0.663902,5.898187,0.89399,7.276768,8.181843,7.222763,3.459751,6.664956,4.484209,5.555161,6.981925,2.097137,2.292964,7.2169,6.476781,3.764645,2.409939,3.821962,8.78991,5.163276,2.477482,0.16222,7.211732,7.003921,1.834249,,1.277547,4.205462,7.271911,5.880898,5.948993,5.545397,4.521301,6.141599,3.406045,-1.175771,7.347985,4.362032,7.164231,7.179952,3.214427,7.690026,1.916206,4.943098,4.1475345,,6.096754,3.73229,7.009998,,7.152038,5.194122,7.683092,6.966612,2.634006,7.899279,7.140827,7.569885,6.722022,4.678484,6.223653,4.336263,6.267201,7.854268,3.96218,4.608967,4.177419,3.868266,4.72507,4.235789,5.528417,5.139898,4.736912,7.240518,7.553129,7.558122,7.809434,1.717464,7.814806,2.841975,-0.173288,7.156819,4.803782,5.749507,2.825891,6.001781
QGP-1,,3.778778,3.146822,6.404683,6.377373,4.893391,6.26616,1.17643,1.913107,3.16134,7.228426,,7.656048999999999,,,,0.49941,-3.116842,0.647825,-1.490456,2.329385,5.060553,4.246567,1.779743,4.689201,,1.359938,3.524449,-3.937418,5.088598,6.304523,5.753512,6.083514,2.995662,6.506036,-3.534671,6.356605,,0.704053,-3.0885725,-1.250508,3.910464,4.025077,0.643432,4.718201,,4.442461,4.085724,6.687354,5.876171,4.95231,6.731836,-1.605323,-2.6335,5.088441,3.600114,-5.739878,4.345103,2.597643,,3.919432,0.783872,-4.495814,0.712558,-0.691425,5.491437,5.6931,3.710005,3.695924,6.492976,4.376989,4.387369,1.667268,6.724123,4.56124,2.1971445000000003,4.397332,2.689756,-5.320524,3.909646,4.518765,-1.863534,5.595432,,6.323551,5.706652,5.568512,2.888002,1.544195,4.92388,4.91812,6.707324,1.877817,6.632659,-0.904782,3.538674,2.814437,2.304341,0.85555,3.766697,2.134144,6.525128,6.912119,6.63462,2.694837,5.934166,1.325196,4.122484,7.037623,2.932459,2.251314,4.633346,6.555311,4.537272,3.823881,3.525185,6.978696,3.489097,4.085082,,5.025921,6.192194,2.111887,5.065737,0.76096,3.634085,5.693989,3.255821,,4.503764,5.473166,6.537066,3.17311,-2.213284,5.608259,2.417674,4.32823,4.07709,1.731365,5.348936,3.045298,5.702143,5.497218,5.336912,4.379931,7.100829,6.018906,3.054307,6.109419,5.172705,6.717563,7.143276,3.601521,7.065293,5.23597,4.499941,5.845911,4.814363,5.320141,3.869876,6.465593,,3.972344,4.811406,3.302383,3.699999,5.541681,4.78174,6.666815,,3.066612,6.95604,4.194608,5.738309,3.903662,5.221009,6.75898,1.880199,-0.266314,5.200661,5.976809,6.092589,4.354703,4.164727
RCC10RGB,9.741061,3.43809,6.743123,,6.205749,6.596895,5.538854,1.769768,5.027222,3.738933,7.97001,2.716277,7.888042,4.807663,11.224416,-2.022709,-1.500611,0.459353,1.319845,-2.894889,-0.75674,5.623809,4.612387,-1.607777,2.074488,7.634961,1.557467,4.249911,-1.0063605,6.664109,3.929497,0.844421,1.587158,4.939811,6.735786,-4.242143,,1.066718,1.802994,-1.6746089999999998,-0.883631,,5.259845,6.465187,,6.198884,2.966145,5.020773,3.954489,7.753521,-0.080548,4.158037,-0.596342,1.592149,2.354053,3.360883,-3.235372,4.774642500000001,,5.851609,5.494935,4.366463,,1.747112,0.1079,,7.3320565,4.755672,4.677448,4.605114,5.599313,2.704071,3.928147,,,3.158222,1.207287,2.478129,-1.036827,2.607607,5.038034,0.871341,3.923888,,2.218398,7.048285,6.487419,5.647463,3.806127,4.551436,7.059612,7.367108,2.8036335,6.656357,-0.565836,,2.201307,0.985255,3.15378,4.11448,1.295378,6.462811,4.834295,6.626259,3.301558,5.53069,5.918011,4.594529,5.323993,1.094978,3.33245,4.032893,4.206554,2.830472,2.751642,5.09214,6.298363,4.458145,2.456833,0.030747,5.254939,5.475529,1.827853,,0.981991,4.147998,6.862371,4.679263,6.671435,5.261717,4.695514,8.276192,3.26017,-1.104162,6.689785,5.192928,4.782722,2.924114,7.314887,7.167601,2.363319,2.908544,4.9330490000000005,,2.013216,3.319289,5.676292,,4.730622,5.09691,5.950988,6.542179,1.974961,6.457229,6.317133,6.045706,6.279033,6.727018,6.778756,4.119511,4.076993,6.609288,4.268634,4.611935,-0.118419,4.433819,4.485684,4.23574,5.323707,7.316899,2.022344,7.048615,5.217023,5.886266,7.20375,4.106204,6.727195,2.401662,3.945349,6.630461,7.044479,5.066297,2.754055,3.992299
RCH-ACV,,2.69783,,2.880446,3.878182,1.880115,3.047796,,-1.735748,-0.502542,3.405154,,,,,,-4.794113,-5.224663,-4.473018,-4.034668,-4.489514,,2.029814,-5.739604,2.586764,,-2.797884,1.617661,-6.013714,3.544411,1.773359,2.341382,2.24904,0.404237,3.710644,-5.025426,4.050709,,,-7.199465,-0.680931,1.30716,2.188687,,2.688355,,2.35096,2.016829,3.970711,,-3.487543,2.789736,-6.776232,-5.534099,0.376873,-1.417591,,,-3.010524,,0.390102,-0.239649,-7.829452,-5.586266,2.981714,2.855654,0.905472,0.083335,1.347547,3.22114,2.883451,1.768373,0.400515,1.048722,-0.012779,3.174296,0.660313,-2.341553,-5.79563,0.295804,1.348142,-3.586517,0.325244,,2.872324,2.487376,4.332697,0.569073,2.294203,2.927988,2.367004,4.332697,2.805137,4.217669,-4.175578,-1.164776,-0.146988,,-1.153752,,-2.684991,1.270156,2.680093,3.221709,-3.162996,3.652913,1.212907,1.17102,-0.121745,-1.454896,3.281546,1.202451,0.699949,-1.920392,0.3863,-0.565606,2.349678,0.349214,,,2.715391,2.885863,-0.506395,0.010201,4.105382,-0.438328,2.725035,0.630108,,-0.298957,,2.378859,-0.785483,-4.479576,2.552255,0.254539,,1.070609,0.803851,0.749436,-3.720165,1.487562,0.18203,1.573481,-0.589429,2.62164,3.060786,1.206355,3.272789,0.150655,3.600724,3.631015,0.784006,4.257701,1.605267,,-0.489452,2.206838,3.003796,1.590382,-0.066713,,1.75889,1.662136,1.383453,,4.329925,,,,1.61914,4.224925,2.053229,3.147458,,0.111418,,1.184476,-3.806363,3.627324,2.331229,-2.071394,2.05294,1.037069
RD,7.356658,4.461372,6.048761,,5.551399,5.554583,4.642025,-0.355611,0.985657,1.491799,6.987296,2.384529,4.930113,3.179751,9.689076,-3.667147,-0.782803,-3.033114,-0.628156,-1.948294,2.138462,2.900059,4.3769435,-3.275099,3.955531,9.010486,2.278036,2.381515,-3.81323,5.992311,5.973433,3.497975,4.046777,3.055738,5.924997,-3.980911,,2.036979,1.8898,-3.4033685,-1.237528,,3.431005,4.912236,,5.14768,3.626047,3.313096,4.883529,6.292017,1.187989,4.102105,-1.82434,-3.931372,2.843115,3.661912,-5.167072,3.7912315000000003,,3.835953,3.883796,-0.661707,,1.805519,1.08329,,5.7204445,3.614188,3.548234,5.736307,4.702244,4.915228,1.247856,,,2.9205880000000004,2.043976,1.127589,-5.453438,1.024909,3.045278,-2.435361,5.681744,,5.117896,4.847516,6.005075,3.153993,2.292071,2.855745,5.965356,6.005075,2.5411825,5.323218,-1.213802,,1.577602,0.640967,2.404076,2.528268,1.197064,3.946369,5.357259,5.870385,2.784226,5.375754,1.727086,3.713273,5.915386,0.610602,1.6299,4.323323,4.067577,3.237654,0.868996,1.83401,5.907633,4.211409,2.732942,0.184092,4.719621,5.031113,1.441111,,2.06223,2.337642,5.943885,4.395638,4.871323,4.314145,3.054763,5.923558,1.337822,-2.87028,4.507845,2.493927,3.082804,3.453065,2.181933,5.870483,0.410402,3.56609,2.6066605000000003,,3.348725,3.17452,3.974197,,6.005075,2.679529,5.776992,6.069328,1.911046,6.19098,5.006198,5.795675,3.368604,3.910848,5.35116,3.540359,5.001586,6.005075,4.6238835,4.29484,3.08244,3.154205,3.685124,5.137571,5.429646,5.192848,3.654092,5.717418,5.207032,5.89083,5.967503,3.966854,5.566737,1.182728,-2.788096,5.139214,4.966929,5.153349,2.659216,5.271913
RERF-GC-1B,6.834234,1.9721,5.574992,,4.99462,6.084772,6.053845,0.336017,2.845773,0.805043,5.775091,3.524092,2.3254985,4.730029,8.930517,-1.978982,-1.771773,-3.504913,-1.42778,-4.762252,0.558784,3.428423,3.594503,-4.63308,2.421038,9.52642,0.379443,2.38856,-3.31822,5.647636,4.377062,1.896682,3.334017,2.888637,4.950113,-4.856388,,2.234227,1.836199,-2.905198,-1.106304,,4.070369,6.281195,,2.182009,3.771601,2.518584,3.191813,6.379946,-4.138921,4.459497,-1.586315,-2.152238,0.197493,5.137646,-5.273469,3.045787,,3.147852,3.030335,1.463767,,3.384213,0.637245,,4.563623,1.046748,4.671707,4.105684,4.632739,0.410689,1.525064,,,3.4844505,1.663546,-0.059419,-4.052385,1.296232,2.308051,-0.061663,5.007334,,2.017082,3.996326,5.669921,1.758795,2.264002,1.674435,5.505988,5.652887,2.18738,5.653544,0.25237,,1.71567,0.367493,3.561406,2.984888,0.831701,4.372598,5.704823,5.476474,1.464457,4.311031,-2.056185,4.010787,2.864983,-0.256667,2.146976,4.685647,5.242606,2.541141,1.751194,1.383266,4.498423,3.017588,1.76766,0.511252,5.583634,4.515766,-0.145421,,0.047537,3.014084,5.659659,2.920521,3.668068,4.159605,2.380428,4.980168,0.71097,-2.767698,4.510871,2.80941,1.67495,2.112745,1.34715,5.370467,0.470933,0.803927,2.4859204999999998,,3.811759,5.973549,2.006979,,5.571119,2.723132,3.575517,5.073505,0.783088,5.534811,2.973472,5.671917,3.094991,2.119154,4.101912,2.026862,5.578737,5.655469,4.1519215,3.501656,2.479225,1.009366,3.353487,3.196594,4.883679,5.681285,3.410028,5.686798,5.098734,5.077243,1.367618,1.83918,6.224489,-0.552328,-3.200639,4.993651,5.460107,3.563741,1.518076,5.543842
RERF-LC-MS,,3.903376,,4.673691,5.18939,3.326052,5.551518,,1.77585,1.192184,6.219171,,,,,,-3.847341,-5.497767,-1.46869,-3.824172,-3.452757,,2.960972,-3.626001,3.572504,,-0.636987,2.044876,-5.716663,3.997843,3.184945,3.109003,1.678623,2.253086,4.570979,-5.105494,5.136398,,,-5.565396,-1.160279,1.855852,1.891637,,1.928117,,3.145968,2.973056,4.546494,,-0.095291,5.221423,-2.893475,-4.545752,2.636781,3.822148,,,-0.248295,,2.868316,-1.519735,-3.622822,-0.936204,-0.951957,4.096116,3.446597,1.603265,2.2853,5.09292,4.266179,2.092679,0.907561,2.715629,2.322375,0.498994,3.03158,-0.623796,-4.52098,1.1828,1.952378,-2.471485,3.420373,,2.179449,3.39986,3.814411,0.326156,0.733998,3.930035,4.351058,5.164799,1.212125,4.969443,-2.641188,2.445099,0.586945,,0.17826,,-0.538001,2.536231,2.828501,2.435049,0.603265,4.863823,0.421464,3.1734,4.32568,-0.115947,0.528738,2.367212,3.724048,1.825132,1.234388,0.400552,3.643174,2.605275,,,3.444454,5.191738,-1.00845,1.923623,0.198834,2.198459,2.990507,1.533905,,1.966932,,4.625745,0.762025,-3.704599,4.837192,1.919977,,1.204764,2.079356,2.328411,-0.145518,2.282628,2.692645,5.184598,1.487769,4.101953,2.890811,2.102963,2.963045,1.808762,5.091304,5.14534,2.27549,4.821187,4.358854,,2.086531,2.531093,3.239442,-0.054981,3.713575,,2.264992,3.123704,1.983289,,4.923784,,,,1.540553,5.274799,3.518749,4.265315,,2.354328,,0.674825,-4.610939,4.562455,3.878852,1.75852,2.616648,2.024009
RKN,8.802554,4.40888,6.653148,,6.147695,7.337751,5.114379,3.723432,4.276651,3.0523,7.973076,4.69859,3.2946435000000003,4.238573,10.881464,-3.765471,-0.8339,-0.359813,2.150508,-2.995752,4.073196,4.869003,4.4179425000000005,-1.647279,4.552335,9.134066,1.698784,0.458139,-2.509496,6.547942,6.28367,4.314391,5.751201,4.409925,6.286546,-2.486297,,2.309232,2.10084,-0.943237,-1.038301,,4.592432,7.134959,,2.524838,4.469534,3.868407,5.18693,6.418321,0.540339,3.698642,-1.590218,-2.665453,3.686183,6.065535,-5.117512,5.2051785,,5.308636,4.735997,3.459716,-0.322567,2.829876,1.219962,,6.624098999999999,5.507214,4.96071,6.027128,4.225493,4.063719,3.277825,,,3.657464,4.029422,1.865423,-4.0838,3.933417,4.097144,-1.074707,5.546903,3.271199,5.546208,4.342997,6.377244,5.013738,3.040529,5.57655,6.12628,6.547942,2.4772015,6.477136,0.842285,,2.77302,0.586603,4.771968,4.786176,2.726532,5.159318,5.694283,4.860142,4.075027,6.236975,6.547942,5.608886,6.058907,1.242692,2.183287,6.199452,5.989041,5.169678,2.902672,3.824376,5.496053,4.02603,2.129224,1.59939,4.113755,5.985055,3.849515,,3.168759,5.11388,4.746355,4.239838,5.446501,5.248201,5.188153,5.31859,4.380769,0.414592,4.295066,3.373128,6.090305,3.248401,2.263954,6.47298,3.53366,4.06543,5.4490395,,3.839225,7.154429,5.714583,,5.852666,5.181303,6.106734,5.170534,2.881327,6.348896,4.856469,6.416579,5.802367,5.543182,5.674488,4.196408,5.512099,6.547942,5.0589855,4.106286,2.927618,3.222336,6.345689,5.559239,6.316806,6.174926,3.671332,5.416911,6.076258,5.338965,5.256264,3.007419,6.406365,2.917284,-0.556916,5.563064,6.485922,6.029774,3.530157,4.167818
RKO,7.76157,3.57041,3.604026,,4.68899,2.041622,4.882224,0.905197,3.369296,2.082971,6.0663,-0.615913,4.8290755,1.622541,9.679174,-5.493944,-3.546082,-4.254078,-1.61748,-2.623523,-3.360928,3.909564,3.2583205,-4.241241,3.697592,9.20284,-0.532235,-2.077879,-5.213292,4.549682,5.178132,3.640328,2.702819,2.086686,4.797965,-5.431457,,0.541373,0.400075,-5.212816500000001,-2.162036,,1.733236,4.549933,,2.310095,2.994856,3.282531,3.005108,5.493062,1.729745,3.371357,-2.449601,-5.268938,3.27092,2.883196,-5.90223,3.8380294999999998,,2.815678,3.602359,-1.655402,-4.296488,0.99258,-0.491212,1.529382,3.560426,2.150704,1.927309,5.116841,3.452899,2.64942,0.744684,,,3.5625355,1.63284,-1.158966,-4.820837,4.583875,2.755124,,2.672117,-0.572317,4.499205,3.87708,5.317747,1.984232,1.154424,4.431695,5.508574,5.318743,0.7867355,4.084803,-2.116784,,1.108203,-0.985629,-1.952465,1.326041,1.128899,4.706656,2.944183,4.82074,1.485966,4.124267,1.623759,2.94031,5.561803,-0.119648,0.787293,3.397573,3.686133,2.845475,1.95388,1.515367,4.601658,2.627229,2.336748,-0.804171,4.01737,4.832283,0.634931,,1.07998,3.992794,1.440832,2.976794,4.010386,2.787022,2.406199,4.765588,1.423477,-3.671847,3.46976,1.684916,5.181852,3.015062,1.336948,3.111129,1.655021,4.33924,2.0346895,,4.177362,2.975754,2.849365,,4.794089,2.840433,4.871435,4.308485,2.235684,4.243924,3.24279,5.169438,3.315463,3.194524,3.841952,2.873091,4.345186,5.318743,3.372007,3.158502,2.980344,2.386363,4.05285,3.626127,4.149242,4.616778,3.349627,4.606612,3.136321,4.133207,4.731556,2.962766,5.175697,2.728707,-3.738177,2.994537,4.201922,3.860934,2.004644,2.409941
RL,,4.540791,,3.720225,4.974766,3.170021,3.889598,,-0.300617,0.723214,6.075475,,,,,,-3.567831,-5.798054,-3.643601,-2.853027,-5.061836,,2.658145,-3.707117,3.362849,,-1.509687,1.686107,-6.198677,2.999707,2.88318,,2.771168,1.542343,4.615872,-5.546624,3.453696,,,-7.113407,-2.647597,1.299723,0.718234,,2.653958,,2.630242,2.669727,4.778841,,,4.400119,-4.438214,-6.719289,2.100892,0.780758,,,0.443132,,1.860309,-0.667093,-4.901233,-2.353977,4.002211,4.708229,1.917224,2.320365,1.890904,4.976863,3.883037,1.818995,-0.729664,2.17082,1.893126,4.488817,1.223663,0.224494,-6.139252,-1.625941,1.990294,-4.199385,4.961851,,3.839654,2.692126,1.439454,2.469083,2.174171,3.860629,1.783886,4.976863,3.232347,4.566504,-3.248889,2.812101,0.616031,,-1.91152,,1.041542,3.19134,3.788437,1.425745,-2.626595,4.686276,2.024913,3.002225,1.116153,-0.468055,1.43825,2.995417,2.779244,0.469768,-0.414474,-0.333709,4.042636,1.651426,,,4.059468,4.975437,-0.351085,3.09449,2.264017,2.028983,4.976863,3.21569,,2.895011,,4.769608,-0.914448,-3.966329,3.127751,0.931048,,-3.571091,-5.06936,4.357641,2.097159,3.398631,1.510695,3.17503,0.587647,1.527763,3.945472,1.981131,4.178552,3.841881,4.471704,3.416309,1.843683,2.282981,3.984119,,1.773022,1.304099,2.427824,2.593018,3.820417,,2.637875,2.85626,-0.492876,,4.975667,,,,1.874136,4.965917,2.60016,-0.538562,,1.553298,,2.353607,-3.889762,4.217885,4.943672,-1.948847,1.947677,1.934559
RL95-2,7.336802,3.543442,4.978903,,5.525137,4.091622,4.811929,-0.976084,1.666833,1.166476,6.218045,1.692861,1.2285139999999999,0.102793,9.303723,-4.802116,-1.166981,-4.19956,-0.334479,-2.267507,0.96604,3.40166,4.044115,-3.246671,2.393527,9.177567,0.220302,-2.190904,-4.8256725,5.243127,4.2,1.859347,2.650483,2.062843,5.53175,-4.218172,,0.874435,-0.817595,-3.4187265,-1.277682,,3.818266,4.980487,,4.7717,2.699709,2.364514,4.185559,6.260271,1.97348,5.574117,-2.325241,-4.51402,3.015637,3.472444,-6.00052,2.278225,,2.871739,2.247075,1.420184,,0.401339,-0.208297,,5.482893499999999,1.695399,4.186566,4.780247,3.252594,2.18039,2.044354,,,3.1311125,1.609325,0.458106,-4.339046,1.522864,3.733904,,4.925681,,3.792577,3.847525,4.464154,2.701967,1.260015,4.45444,5.49955,5.505178,1.6878104999999999,5.576904,-0.674577,,1.67595,-0.71981,-1.951172,1.642041,2.211517,3.600523,3.230912,5.536464,0.526465,5.557488,2.011511,1.079703,4.191483,-0.014087,1.815387,1.881415,5.188014,3.116509,1.654622,4.687034,5.154623,0.174188,3.152417,-0.456966,2.272489,5.151564,0.692789,,1.186302,3.529118,5.030984,3.626017,4.882375,4.083563,0.360518,4.836396,2.270759,-3.145801,3.483381,2.995943,5.093025,2.823771,1.832057,5.500603,2.801276,2.658756,0.379991,,3.880786,6.134342,2.609699,,5.37783,5.184152,5.094814,5.096522,1.206963,5.746125,3.367913,5.478207,2.601432,4.675531,3.715362,1.541794,5.076442,5.578377,3.7194434999999997,5.091415,1.708272,2.667794,3.833188,3.765232,4.546718,5.486165,2.758742,5.120927,4.932865,5.340905,1.017678,3.169902,6.168632,2.671921,1.027573,4.67972,4.197819,3.702822,1.522616,2.260315
RMG-I,8.184471,6.103265,,,6.806988,8.027904,,,,2.79714,9.076289,5.170109,,4.987647,11.225764,-1.660472,1.3188,1.713208,0.505951,-0.213671,4.068712,,5.349269,1.766882,1.368525,10.193452,0.500805,6.149508,-0.574914,7.348473,7.264863,0.770173,2.283141,5.148189,7.018643,-4.154909,,3.185606,,-4.384675,-0.844598,,5.90009,,,6.139005,3.696369,,6.680114,,0.391699,7.553361,0.094723,1.594092,2.286065,4.515403,,6.246322,,7.731496,5.35045,3.879301,2.617438,1.292795,1.558392,,7.398601,5.239153,,7.618495,6.582065,2.02646,,,,2.752286,-0.00411,1.590253,-4.550768,0.849326,6.260969,5.271367,6.529485,3.628653,1.352052,6.339251,8.596891,3.456416,4.724261,8.131287,,8.63935,4.986846,8.120563,-0.755179,,1.895115,1.581886,8.677827,,1.230692,7.09793,5.10563,,5.269554,7.569608,7.469959,5.199471,,2.018563,3.871833,6.033955,,3.940075,1.29804,,,5.491311,,0.317891,,,2.534872,,1.773716,,7.428685,4.755502,7.217714,6.829487,,6.226056,2.141386,,8.138584,,,3.257386,,7.486165,2.414137,5.720495,7.64003,,2.41201,,,,6.515478,4.723511,7.761068,7.226704,2.704195,8.430044,,,,,,6.093679,7.8547,8.677827,5.597626,4.462388,1.006485,,,,,6.740524,1.437516,,5.278146,7.985851,,2.840531,,3.49214,2.637268,5.457986,,8.040663,4.507096,5.568976
RPMI 8226,6.159367,3.522221,2.577681,,4.648699,1.390813,4.519347,-0.157747,0.034809,0.404358,5.009974,2.16804,5.079969999999999,1.366081,9.759484,-5.486008,-3.963567,-5.747591,-2.847188,-3.535742,-3.633757,2.949167,2.60737,-4.224858,3.068788,8.861574,-0.592237,-2.574658,-6.331863,4.702755,4.703483,1.964066,2.5275,1.624907,4.302698,-5.685577,,1.201619,-1.516623,-5.5852055,-1.724324,,2.645776,5.396968,,2.430836,2.315933,1.308785,2.402282,5.396968,1.922007,4.70379,-3.753289,-5.238359,1.644936,2.332315,-5.74973,3.091933,,2.561052,2.499797,0.112126,,1.272266,1.291962,,1.400014,1.258904,1.939103,3.590527,2.859008,1.945817,0.251424,,,3.0834025,1.40063,-1.268494,-5.244109,-0.565073,3.118308,-2.873555,4.630457,,4.276374,3.914805,4.632912,2.27382,2.909177,2.616322,3.730539,4.419679,2.0402875,3.980961,-2.709488,,0.569757,0.171379,0.881942,1.232622,1.474084,3.100375,4.587277,4.50261,-0.773537,4.177713,2.404984,3.221557,3.032158,0.342986,2.233839,4.703821,3.109753,2.125417,-1.324271,0.155481,4.193152,2.992882,0.776306,-1.783112,3.429726,3.901306,1.305961,,3.3025,1.747245,2.248854,3.094383,2.206029,2.651252,2.077416,4.964089,0.33675,-3.819382,3.466794,1.2346,3.085484,0.853445,-2.8636,3.00051,2.058217,1.839957,2.2169365,,3.039219,2.97205,2.96748,,3.939827,3.533606,4.570286,3.25461,1.249317,3.347675,2.929986,3.149615,1.268346,2.199902,3.110006,2.258328,4.274542,4.15888,2.4858260000000003,3.312794,1.232728,2.401235,2.451024,1.893883,3.446703,4.64885,2.672387,3.960282,2.915823,3.827844,-2.330743,0.386921,2.818335,2.266988,-2.911484,3.475982,3.101351,3.220164,2.884794,2.18924
RPMI-7951,7.536615,4.448751,2.388768,,4.967126,3.675399,4.850844,-1.95119,1.655571,1.269855,5.510609,0.22409,4.8579485,1.606998,8.929944,-5.605892,-4.044458,-4.388196,-2.367701,-5.686393,-3.580022,3.44334,2.8756329999999997,-5.380044,3.604111,7.426337,-0.687531,2.750463,-5.387103,5.114998,3.63813,2.786872,2.352957,2.432851,5.220789,-5.435392,,0.202215,-1.801291,-5.1592095,-1.499881,,2.981992,2.315445,,4.303638,4.203728,2.567729,4.345263,5.074149,-1.551683,4.169514,-3.859075,-4.946774,2.963262,2.607913,-6.368542,0.5043955,,0.82011,2.859499,-3.73665,,-0.456432,0.444469,,3.847804,1.673146,2.991813,3.809263,3.093726,1.988031,2.013323,,,3.6250489999999997,1.762045,-0.897847,-5.491816,1.945493,2.308051,-3.521851,4.02535,,4.234507,3.142307,4.807804,1.771607,2.210913,3.784376,4.047312,4.976364,2.085057,5.109703,-3.441215,,0.492737,-0.467784,-0.080713,0.699763,0.240199,3.696549,3.079197,3.474322,0.846815,3.593777,1.363698,2.945463,5.226624,-0.5744,2.196933,0.887494,2.157489,2.310244,1.558713,1.106516,4.328405,1.754137,1.159487,-1.854668,4.384436,4.150724,0.60498,,0.976315,1.952121,4.576738,2.499413,3.766146,1.420536,1.682463,4.684596,2.219829,-3.885527,5.338308,3.05754,2.464256,2.490809,-2.164301,2.575809,0.892884,1.82751,1.8262825,,1.788676,2.461679,3.189273,,4.083141,3.31352,5.1819,4.696838,1.514585,4.409032,3.984262,5.190596,4.016419,2.518474,5.860121,1.73314,3.639242,4.482912,3.2838195,3.838737,2.297181,1.189674,2.814686,2.727889,4.702804,5.041739,2.34115,4.279242,4.170905,3.45237,4.36659,-0.014592,5.84807,1.419977,-4.34646,4.091888,4.437813,2.241004,1.715486,1.632167
RT-112,7.240862,0.010265,5.116177,,5.145672,3.551807,5.389993,0.270053,2.314076,1.669858,6.984954,1.470995,2.2369205,4.693029,9.210037,-5.711151,-0.12578,-4.258013,-0.693269,-2.481721,-0.550799,3.842137,3.014076,-2.388315,3.17896,8.658445,0.140353,0.224558,-5.770422999999999,5.508215,5.4434,1.826617,4.023137,3.374046,5.454888,-5.490802,,2.629276,-0.72852,-3.261127,-1.83929,,3.732035,4.979246,,3.17658,2.772547,2.743367,3.774933,5.695331,2.698551,5.555511,-2.169214,-4.814322,3.221985,3.45582,-5.662878,2.0695200000000002,,4.66005,0.875413,-0.688777,-4.699127,0.492869,0.302436,,5.2193455,1.592165,2.479164,4.632972,4.383115,0.354397,4.161565,,,2.875444,2.247983,-0.03275,-4.189146,5.096545,4.145249,-3.191712,5.490915,2.322198,4.524815,3.87411,5.296882,2.02925,2.278247,3.158338,5.471946,4.915999,1.5660885,5.553151,-1.376706,,0.97671,1.917881,0.439633,1.217304,1.34386,4.563164,5.710582,4.794735,0.355932,5.130068,1.67799,4.021432,2.860126,-0.209176,1.042844,4.400323,4.096973,3.004609,2.945045,0.523648,3.660012,3.757272,1.400955,-0.175681,4.654356,5.18846,-0.32962,,2.350968,2.549293,5.555511,3.063221,4.174254,2.931343,3.580326,4.119121,3.267293,-3.739057,4.347476,4.814578,1.133774,1.527194,1.771577,3.671667,1.996393,-1.076512,3.0765510000000003,,3.917556,6.12435,3.179743,,4.490748,2.488737,5.5434,4.75363,1.426756,5.721295,4.068736,5.083059,2.138045,3.18044,3.937151,3.067563,4.536606,5.555511,3.4389825,3.959316,1.8879,2.558465,2.838079,4.696698,4.995888,4.061798,2.283334,5.353217,5.533402,4.867378,2.793569,1.65503,4.880231,1.042513,-3.175865,4.862363,5.502838,3.931433,2.44334,2.699922
RVH-421,8.095223,3.75626,,3.455829,5.409741,5.050242,6.102769,,1.967972,3.31013,5.35881,,,,10.288844,,-0.97533,0.087206,0.507883,-1.405092,3.978,,3.52624,-0.477867,3.327676,8.782137,1.269787,3.130101,-0.983728,5.645979,5.802992,4.074324,4.754119,2.95068,5.767003,-5.01577,5.44458,,,-4.430723,-1.001494,5.086918,5.579733,,4.153773,,3.014622,2.932787,5.534279,,4.256232,5.869303,-0.27969,-1.618181,3.662278,4.827261,,,4.83328,,4.45088,3.410029,0.131451,3.100553,0.25637,3.792256,5.472831,4.30468,4.103234,5.649877,3.703314,4.542132,4.706997,5.869303,4.502749,2.367889,4.428409,2.160055,0.695662,3.122423,4.621076,2.309829,4.90732,,5.154847,4.128695,5.407664,5.75856,1.834478,5.30572,2.451576,5.733314,1.682083,5.732227,0.391718,4.237246,2.645064,,5.540592,,2.915685,5.25883,2.822955,5.374057,5.288358,5.441722,5.796077,2.635487,3.622619,4.179641,2.128933,4.901272,4.509482,2.769605,3.87353,5.58005,5.241062,1.600317,,,2.569954,5.736025,2.605815,2.604129,2.420887,3.592115,3.136368,4.0477,,4.143322,,4.441059,5.867236,-3.539617,4.781716,5.272511,,2.49427,5.047318,4.174894,3.448578,5.743449,3.756237,3.754851,1.183475,5.968351,5.728698,2.665791,4.80385,5.452693,5.868529,4.908335,2.494131,5.794276,5.362049,,5.151218,2.865978,5.063826,3.566718,4.784684,,3.066572,5.133672,1.293456,,5.858389,,,,1.74192,5.869303,4.508277,3.521712,,3.777893,,4.485065,2.099873,3.028505,3.836685,4.465845,3.223098,4.890219
Raji,7.155152,3.287376,3.511939,,3.657728,3.5886,3.37364,-3.256693,1.529933,-0.114194,4.815451,-1.312158,5.846654,2.652614,10.002194,-5.644579,-4.486053,-5.100574,-3.833384,-1.55023,-5.249496,3.140546,3.16555,-5.714733,3.017283,8.909318,-0.83043,-3.752898,-4.4557295,4.618927,4.737458,1.438342,2.794451,1.502852,3.564444,-5.474086,,0.757098,-2.09315,-4.2118850000000005,-1.324401,,-0.030207,1.725785,,2.117171,3.459261,2.173325,3.287124,5.443582,2.021391,4.718736,-4.305084,-5.213799,1.929095,1.698131,-5.342705,3.0985500000000004,,1.420276,2.762075,1.039442,,0.639127,2.905972,,4.24,2.457653,2.087162,2.941419,4.032814,1.640284,2.844469,,,4.772134,1.370767,-1.513474,-5.795506,2.979747,3.132451,-3.545157,4.319989,,3.522008,3.45495,4.433491,2.580528,2.975574,3.265736,4.125699,3.479043,2.476458,4.33116,-2.634889,,0.657167,-0.637808,-1.707703,1.070553,1.687419,2.744985,4.242185,4.750434,3.070739,3.967379,3.554025,2.697184,4.750434,-0.018864,3.239937,4.035791,0.6284,2.403573,4.336357,2.858993,4.681275,3.128993,-0.208378,0.015938,2.836847,2.753475,1.912373,,4.506053,2.247713,4.111435,1.631779,1.251986,2.025255,2.974199,4.045451,1.57224,-3.686437,3.461274,3.256297,2.962219,1.909866,1.565302,1.591208,3.818809,1.70439,2.9633535,,2.844842,1.633158,2.202946,,3.922205,4.306396,3.957561,4.242642,1.741313,4.984408,2.466112,3.864607,0.987622,3.164441,3.172265,1.840565,3.550582,4.497455,2.023254,4.075067,0.666067,1.129006,3.154523,3.633504,3.827153,3.775269,2.766312,2.606296,3.041552,2.011519,-2.681287,2.867225,5.439756,3.347294,-4.553752,2.773135,3.915472,-0.732344,1.702484,2.870409
Reh,7.218536,2.757767,2.155921,,4.281847,4.281505,4.56107,-2.687324,2.169917,0.931497,5.465002,-2.648134,5.6257225,2.850969,10.01957,-6.173933,-4.088645,-4.925049,-2.898779,-1.869916,-3.10708,3.112931,2.9923005000000003,-6.634927,3.116701,8.874291,0.065604,,-5.249134,4.701107,4.515655,2.829685,2.955153,2.45472,4.361039,-4.42134,,0.147892,-2.082552,-5.1020205,-0.885125,,1.961852,0.620908,,2.798309,3.294129,2.258045,2.870674,3.24715,2.341691,4.422616,-1.521426,-5.165493,2.595242,1.440842,-5.79343,1.6409965,,0.999533,1.898666,2.050928,-7.346847,0.899519,2.588248,,2.1525195,1.03942,2.995762,4.710507,3.219558,1.684749,2.825362,,,3.92274,1.216164,-0.30642,-5.949721,-1.601544,2.608787,-4.533103,1.773929,0.516924,4.313589,2.696266,4.726054,1.125312,3.076288,2.356472,4.716553,4.118974,3.169835,4.375863,-1.401556,,0.820576,0.548239,-0.406317,1.237252,0.365561,3.139722,4.722259,4.362077,-0.358685,3.579358,0.230119,1.931701,4.323891,0.073104,3.649723,2.162972,1.667883,1.04881,-1.467661,0.873996,4.709561,1.656105,2.487397,0.539029,3.370918,4.514184,0.588077,,3.294715,2.462121,4.531269,2.632175,2.539557,2.850376,1.709898,4.294687,2.650477,-3.606069,3.392587,3.33041,4.254935,-2.743805,-2.963363,3.497695,0.603152,2.423019,1.5021095,,2.545047,3.01692,3.262475,,3.775969,2.336511,4.364278,4.336288,1.650049,4.721725,4.643249,3.559082,2.519723,3.76102,3.641361,2.189823,3.344439,4.490385,2.803687,3.719467,1.241326,1.832277,3.146146,3.290225,4.682994,4.31604,2.361083,4.726238,2.837084,4.150751,-0.096984,2.254301,5.419386,1.707568,-2.518694,3.975358,4.1429,0.779527,1.723788,2.340015
SBC-5,6.056963,4.078151,-0.18166,,4.231071,4.234584,4.738608,-1.79409,2.51339,0.585803,6.034565,0.156692,4.07787,1.956015,8.704009,-5.105577,-3.46312,-4.432274,-2.07729,-1.628902,-4.727078,3.410492,2.798958,-4.829715,3.457458,8.330035,0.802588,-1.213966,-5.7002055,5.06881,4.280178,2.404297,4.766396,1.919248,5.108804,-4.971522,,0.78799,-2.104512,-4.1058115,-1.089566,,1.619246,5.455062,,2.948385,2.340714,2.783523,2.316324,5.743246,3.78919,4.828484,-3.291724,-5.354159,2.962581,3.110163,-6.158797,2.7430380000000003,,2.824911,2.043699,-1.446085,,-1.412052,2.392564,,3.939325,3.825931,4.708539,4.542352,3.544349,1.763837,3.756547,,,3.854654,1.779089,0.030642,-5.990727,2.65533,2.707275,-1.959502,4.479524,,4.194952,3.264326,4.796805,1.64514,2.932562,3.411547,3.989282,4.854081,2.7491234999999996,4.250202,-2.889063,,0.046793,0.298863,-1.283271,1.667343,0.372553,3.674754,5.259706,5.044698,1.262764,4.841653,1.027119,3.107014,5.051581,-0.141453,3.18024,4.945126,5.084916,3.207205,2.342281,0.381633,4.920169,2.598854,0.702274,-1.098055,2.912805,5.072204,-0.21545,,2.493544,3.153009,4.993072,2.800322,3.615453,2.871309,3.681224,5.21077,1.188806,-3.750303,2.644526,3.928588,4.322856,1.356966,1.92849,3.813649,1.428253,1.75782,3.251135,,2.217209,3.042664,3.317201,,2.958882,4.255099,4.607889,4.739164,0.840303,5.38303,3.851455,4.872833,4.402788,2.906929,3.488978,0.132214,4.604316,5.1152,3.49229,3.83638,1.000638,2.720203,4.822975,3.920415,4.751407,4.522,2.73798,4.936247,4.12853,4.221502,2.618303,2.794863,5.467027,2.437614,-3.342956,4.074169,5.001321,1.659688,2.092786,3.075425
SCC-25,,5.553021,,3.687867,5.629278,5.843689,5.20943,,4.153634,3.354886,6.678996,,,,,,1.148087,-0.822464,1.608488,-3.307818,4.275553,,3.326693,-0.143734,3.218003,,2.457771,3.154078,-1.691791,4.735256,5.629278,3.399116,3.331709,1.454848,5.515233,-3.801408,3.645675,,,-3.486982,-0.735326,3.627931,5.592044,,5.593642,,2.72205,3.233629,5.466114,,-0.864818,5.026273,0.696228,0.046472,3.634747,4.5911,,,4.503602,,3.142408,-0.191571,-2.198535,2.479655,2.108011,3.781155,5.570474,4.488409,3.673782,4.977781,4.495631,3.226445,4.15864,5.629278,4.454473,3.877901,3.682927,2.677396,-2.613214,2.087616,4.932996,2.222559,4.643626,,3.562281,3.721581,3.944881,3.510312,2.787568,4.755792,4.851314,5.629278,3.632675,5.560648,1.781157,3.153289,4.40432,,0.870969,,3.435427,3.662166,3.712072,5.459251,3.88945,4.331082,4.387537,5.433758,3.718105,5.510964,2.528365,2.747671,5.386296,4.400334,1.22681,4.973877,4.190197,4.17242,,,3.184455,5.615192,1.665298,5.493592,2.378658,5.277307,4.347551,3.885408,,4.122648,,4.118965,5.399664,-3.240169,3.806226,4.506559,,2.005292,3.840186,4.719995,2.59856,5.108963,4.217803,2.637063,5.029663,5.045307,3.980979,2.6275,4.715552,2.966696,5.571279,4.342544,2.502279,5.503962,3.46596,,4.685515,4.896936,3.412379,3.326693,5.537184,,2.735229,5.59137,1.396178,,5.253783,,,,1.97408,5.629278,4.916799,5.167396,,5.276728,,2.239248,1.859961,4.936131,5.443289,4.421164,3.651349,5.177078
SCC-4,6.845063,4.840132,4.177459,,5.856867,5.413154,5.480927,4.662286,3.915066,1.952749,6.803051,3.312251,2.1568625,4.487826,10.953333,-3.694964,-2.331864,-2.97744,1.642381,-3.290698,-0.675292,4.343068,4.794478,-3.395234,3.701816,9.039924,0.789834,0.830776,-4.571759,5.956184,5.032617,3.8892,3.059037,3.081555,5.849729,-4.189144,,4.614043,2.374664,-2.3413985,-1.178776,,4.085987,6.29011,,2.841859,3.23811,2.9434,4.110516,6.496646,0.48342,3.828037,-1.322507,-3.515401,2.048316,5.040238,-6.001767,2.2681595000000003,,2.826589,3.871179,-1.371573,-4.447622,0.163725,0.774732,,6.4222925,1.550556,4.392302,5.691938,5.087175,4.718835,3.092604,,,2.2496335,1.096917,0.691374,-3.866277,1.429362,3.555271,,5.235859,3.104893,3.436763,3.646494,5.956184,2.580694,3.368901,4.50975,5.664779,5.943568,2.6227665,5.313038,-0.798804,,1.568728,0.632679,1.74323,2.342944,1.327987,5.057313,4.627863,5.425175,1.497536,5.854494,1.434043,4.833563,4.594715,1.467729,2.795711,5.905107,5.176465,3.836742,-0.183441,1.095646,4.717092,4.745587,1.723912,-1.332713,4.286398,5.425523,1.503715,,1.145093,3.799301,5.666397,4.346034,5.062595,4.719474,4.092626,3.959867,2.182315,-3.065946,4.531276,4.221623,4.329878,2.886214,2.503209,5.576076,0.569168,3.34707,3.3558605,,3.934405,5.493051,4.469167,,5.875178,2.776647,5.09677,5.605158,2.959451,6.218271,5.006632,5.925644,3.98477,3.631245,4.489791,2.695521,5.846795,5.354412,3.846152,4.380243,1.553656,3.226322,4.048871,4.181451,4.886321,5.133916,3.258459,5.408916,5.100117,5.69953,4.054342,1.693175,6.293688,2.184676,-2.577021,5.181407,5.001258,4.992988,4.729444,4.410724
SF-295,,5.004228,,4.321061,5.701865,4.089975,5.273372,,1.902735,1.655059,6.189135,,,,,,-4.145417,-2.277345,-1.181773,-2.868563,-3.232864,,3.532879,-4.123496,3.603228,,0.976036,2.950751,-4.089474,3.534774,5.805004,5.460858,3.376754,1.842464,5.64903,-5.404347,5.547354,,,-4.746717,-1.815522,3.361888,2.916281,,2.555204,,2.26303,3.521502,5.835464,,3.114787,5.835464,-4.322863,-2.42007,4.089452,3.056441,,,1.793912,,2.686892,-1.16802,-3.965262,-1.809714,3.982184,4.049065,3.114038,1.525495,3.047576,4.498932,3.478841,2.429861,3.160108,5.239849,2.686248,4.924671,2.955332,0.062915,-4.378942,3.893209,2.975519,-0.843243,5.495575,,5.07466,3.007237,4.774025,2.68182,3.252166,5.772428,4.172714,5.835464,5.616207,5.643655,-2.526632,1.635539,1.55138,,0.442085,,1.845414,3.658513,4.303178,4.212545,0.449746,4.096297,2.240952,2.625151,3.977904,0.990826,4.590516,3.247643,3.523686,2.218968,2.755708,1.890483,5.104489,1.568378,,,3.692874,5.759916,0.538032,3.036901,4.493468,4.378128,4.958742,3.801434,,1.794298,,3.223689,2.56891,-3.037538,5.565752,3.691356,,2.272789,5.747672,4.066095,2.417383,5.225369,1.983261,4.417111,1.934382,4.954771,4.615759,2.036621,3.723078,3.91338,4.726693,5.473513,2.837168,5.801271,3.921505,,3.918324,4.609102,4.421007,3.119522,4.638472,,3.162113,5.217603,1.614564,,5.808721,,,,1.992829,5.835464,5.15038,3.721457,,3.411915,,3.941477,-3.26222,5.125181,5.246443,0.527635,2.736372,2.221625
SF268,8.046059,4.198197,5.480948,,4.839423,6.618559,5.299526,0.410561,1.785913,1.92519,7.64035,2.57426,6.5779895,3.357821,9.767087,-4.115244,-3.040841,-3.386434,-0.55761,-3.000532,-2.711507,4.285249,4.2970515,-4.4402,3.377769,9.581834,0.814608,-2.323873,-2.153905,5.082327,4.636144,2.776192,4.083242,2.841343,6.025404,-4.711105,,2.744968,0.294255,-3.5734055,-1.553075,,4.106287,6.434552,,3.662575,3.179679,2.531761,5.173407,6.636792,1.52031,5.708489,-0.255247,-2.585639,2.733129,4.895213,-5.936769,3.221344,,2.30519,3.293525,0.638774,,1.6057,3.387917,,4.342751,3.585932,3.457289,4.353572,5.01397,3.946356,4.630675,,,5.6651615,1.856072,0.705196,-6.026812,3.70739,4.25082,0.715884,6.476837,,4.38494,5.342362,5.495149,3.173122,5.088804,5.230055,4.60098,5.959249,3.412274,5.443075,-0.4673,,1.483134,0.607047,1.53057,3.37579,2.187625,4.121286,4.986116,5.249174,1.226218,5.106228,2.781109,4.79053,5.940501,1.600801,3.324547,2.38262,4.364622,3.732668,5.186803,2.356264,5.052144,4.401331,3.398751,0.867002,4.636452,5.270273,1.708379,,3.666469,3.742199,6.061045,3.653497,5.232399,3.027976,4.54073,5.530493,4.829889,-2.782188,4.800995,4.986053,5.421174,2.932446,2.332147,4.716235,2.786764,2.309716,3.8215615,,4.844744,6.79776,3.80257,,5.949597,4.382483,5.687055,6.237026,2.265832,6.033544,4.170391,5.850754,4.128156,3.811899,4.701537,2.49821,3.919481,6.03817,3.486189,4.914646,3.163986,3.444269,4.032872,3.269282,6.020661,5.098156,3.487938,5.968987,5.847531,4.631718,6.061045,5.819144,6.612038,2.849847,-0.251537,5.321752,6.05703,3.910546,2.567753,4.231296
SF539,6.724,2.092168,3.807409,,5.10311,2.371581,4.63321,-1.271209,2.262299,1.821345,4.839919,1.776812,6.233288,1.433658,10.260177,-5.907746,-3.522655,-5.040421,-1.437737,-3.885004,-3.599261,3.021068,3.5074715,-4.25238,3.164515,8.784026,-1.192695,,-5.297136,5.125799,4.910424,2.036205,2.459709,2.974254,3.798179,-5.630701,,0.157,-0.697042,-4.6374949999999995,-1.858702,,3.048664,5.716438,,1.739647,3.822639,2.852885,4.47055,5.858335,-0.225114,5.124503,-3.436384,-5.281105,2.305382,4.056149,-5.430613,1.434837,,1.779059,1.300323,-1.722513,-6.413307,0.790783,1.000821,,2.7318145,1.408195,2.924104,3.779145,4.330174,0.942654,1.415828,,,2.946783,1.545262,-1.926737,-4.974995,4.039062,4.161552,-1.387766,4.758603,2.259066,4.029647,3.701422,4.638924,1.701896,2.514643,4.917304,4.801382,5.083883,2.3796815000000002,4.692826,-1.926653,,0.589595,0.342738,0.274515,1.388329,0.624198,3.092802,3.201006,3.424939,0.334516,5.136426,2.177727,1.941374,4.712104,-1.391294,1.304948,2.574096,2.400449,2.004697,2.003593,0.844306,4.083599,0.994012,0.639329,-0.980344,4.602625,4.212844,-0.05165,,1.872689,1.458588,4.339426,2.693791,3.988325,0.497712,0.827717,4.662227,1.538191,-3.71657,4.0445,2.511301,1.402484,1.924944,1.388369,2.752364,1.347326,1.449856,1.2234795,,2.733845,3.008781,3.35795,,4.558671,3.467763,5.165705,5.07748,1.7923,5.37323,3.826839,4.722731,1.093046,1.933066,4.110432,1.724316,3.78028,5.166863,2.3027245,4.115869,1.531806,1.107839,3.932543,2.951482,4.024205,3.732755,2.798032,4.201593,4.99046,4.579476,4.392788,1.935218,5.338035,1.759093,-3.566355,4.470896,3.885944,1.150622,1.736868,2.081359
SH-4,6.46558,3.866208,4.864297,,5.99072,4.697778,5.525726,1.418972,2.449355,1.587578,6.701107,2.171449,5.4897355,2.322145,10.362274,-2.880362,-1.981938,-2.949387,-0.88445,-2.500647,-1.32245,4.123904,4.0886675,-3.624863,3.773775,9.76397,-1.717588,2.499252,-1.158366,5.791769,5.756141,3.993006,4.519782,2.435435,4.969635,-5.691456,,1.079026,1.543965,-4.139557,-2.155309,,2.520504,5.92365,,2.007242,4.088154,3.205518,5.095358,6.570251,4.800055,5.842598,-3.869334,-2.776618,2.593308,2.788505,-5.812035,4.296222,,2.99347,4.357688,-1.165298,-2.95431,0.330528,-4.307682,,3.8649544999999996,4.037364,3.749833,5.067597,2.728382,2.802064,1.656806,,,-1.0002415,2.572234,1.205242,-4.106113,4.163851,3.72182,0.132082,3.544195,2.899933,5.918291,2.632349,4.395544,2.43217,-0.644865,5.620658,4.718447,6.002547,-0.003858499999999987,5.328815,-2.197208,,1.983469,0.55682,0.671928,2.294279,2.632252,5.072854,0.218318,5.970272,4.446266,5.453714,5.788949,4.337691,6.002449,1.085276,-1.771016,2.944756,5.075544,5.272565,4.231344,4.462102,5.791742,4.913383,1.473336,-0.765607,5.50224,5.084214,1.665999,,-2.718281,2.588478,-3.135298,2.242189,5.13705,3.67207,3.949175,5.052613,1.055916,-2.529744,5.245436,2.398234,4.868653,2.666684,2.039036,4.003838,4.172475,3.123796,2.825936,,5.628059,3.426257,4.05896,,5.61708,5.2109,5.491732,5.450775,2.603019,6.424411,4.496801,4.574314,5.169421,5.495384,4.725885,2.836714,3.983504,5.99296,2.9083375,3.466168,3.693609,3.69432,1.930283,5.147815,5.923128,4.862551,3.607802,5.262848,3.959496,4.098814,5.510564,1.200595,6.125548,2.952484,-1.91571,1.300375,5.426894,4.674192,1.337683,4.461307
SHP-77,6.34783,3.977848,2.433531,,4.972559,4.018432,4.933352,1.884774,1.191306,1.232035,5.965707,1.502166,5.5285125,4.11203,10.384116,-5.393392,-1.346215,-2.719154,-0.243077,-3.359636,0.974419,3.522668,2.2029870000000003,-2.042742,2.541271,8.162075,-0.20421,,-4.8374215,5.132669,5.119596,2.778265,2.677453,1.566087,5.124133,-5.227474,,2.50541,1.488378,-3.1309769999999997,-1.053489,,1.831269,5.034038,,1.215431,2.693238,1.889286,2.672048,5.810954,3.933855,5.028041,-1.123034,-2.876348,2.225894,2.566836,-5.450761,3.1886775,,2.654954,2.249562,-0.004482,-5.452795,0.989008,1.940696,,3.7602555,3.479299,2.677019,4.73849,2.956023,1.434625,2.295746,,,4.3470135,1.196447,-0.296001,-2.768718,-0.204874,3.434848,-3.799834,4.43064,-0.393235,4.233395,3.317154,4.7116,2.786005,2.109041,3.728354,4.744356,5.120969,2.4121995,4.013173,-2.192962,,0.702154,0.204907,1.400318,1.091671,2.597609,3.7716,3.837282,5.039375,4.966584,2.720355,5.137443,3.598903,5.136229,0.281672,3.794124,3.345187,4.701723,2.965725,-0.11251,1.487112,5.004262,3.396512,2.69993,0.456563,3.514115,4.263071,1.209256,,2.793463,2.199203,4.156325,3.345335,3.256127,2.654438,3.88835,3.930752,3.269584,-3.467583,2.729861,3.430605,4.086066,0.43674,3.609275,3.87396,4.242544,2.603153,3.120133,,4.367641,3.875096,3.166374,,3.930664,3.895736,4.051788,3.783935,1.968273,4.949801,2.878862,4.636189,2.702975,3.068438,3.363029,2.892662,4.288614,5.006916,2.705225,4.168068,1.849159,2.519329,3.454259,2.961185,3.733191,3.379627,2.024348,4.662077,3.284382,4.808828,1.47404,3.180511,4.301255,2.530811,-2.164789,4.332968,3.873632,3.49307,2.497575,4.091039
SIMA,7.968801,3.345535,1.916737,,5.477564,2.594119,4.918221,-1.485261,0.930964,0.580894,6.290052,-0.516747,6.0698039999999995,3.294298,9.589892,-3.384949,-4.359837,-1.458956,-1.836545,-2.868583,-4.088042,3.440634,3.336912,-5.961314,3.435878,9.175506,-1.095403,,-3.7707785,,,3.874272,3.051372,1.959015,5.427501,-5.439447,,-0.822246,-0.608857,-4.4116875,-1.650545,,3.610077,2.935631,,2.320861,2.979801,3.101746,3.186779,5.861741,3.969397,,-2.156484,-3.363953,3.78868,3.832524,-4.574922,2.2927714999999997,,1.22238,1.847909,3.453905,,2.052804,0.373179,,2.6801465,1.257722,2.482744,3.709321,3.483366,1.565298,4.097395,,,2.7533279999999998,1.870803,-1.678639,-0.230709,-0.549509,3.180112,-2.91995,1.745837,,4.048861,3.668983,,2.128354,1.383088,1.947267,4.609432,5.270831,0.8143710000000001,5.204331,-1.892636,,0.174947,1.219317,-0.066344,3.268164,1.504818,2.681174,5.453758,5.332523,-0.051886,5.363328,-0.564399,3.241851,5.071509,-0.894951,1.453427,5.368061,3.187358,3.383232,0.388446,0.910763,4.616347,3.679048,3.056813,0.711537,3.646556,5.375969,0.770182,,1.382023,2.619159,5.300265,3.160911,4.790562,0.061278,4.247764,5.716415,3.018563,-1.398227,4.117306,4.038292,2.687238,0.366389,4.234563,3.113325,1.58496,1.397207,3.6739765,,3.29676,3.21867,4.382735,,2.782081,4.059671,5.482028,4.06983,,4.960242,4.13937,3.825996,2.322808,5.34948,4.306605,3.001223,4.013097,4.264305,3.3914929999999996,,0.953009,3.169653,5.047645,4.447017,4.997651,5.358974,3.065886,5.411656,4.020133,3.578459,5.39747,2.296333,4.79781,0.865842,-2.13823,3.621518,4.975704,0.071051,1.925623,
SJSA-1,8.518112,3.973139,,,5.498899,4.33331,,,,1.918964,7.364953,0.2765,,3.029238,11.27217,-4.359071,-2.123625,-3.205533,-0.947906,-3.377742,-1.857021,,3.237291,-0.902761,4.011098,10.106916,0.357049,-1.805047,-5.357607,5.383666,5.370875,3.599891,4.386315,2.525133,5.987661,-4.905065,,0.480584,,-4.60497,-1.116585,,3.071111,,,2.374326,3.299159,,3.421652,,1.848348,5.915863,-1.823118,-3.571692,3.618145,3.431092,,3.737912,,3.720688,3.625177,0.224369,-5.924435,0.258797,0.808497,,5.421492,3.372458,,5.421811,4.464167,1.736298,,,,3.039653,1.746357,-0.22742,-2.77491,3.689106,3.754992,-1.294016,0.752504,1.06333,5.648705,4.896756,5.743095,2.431444,3.027222,3.796627,,6.032129,2.8709945,5.955627,-2.107547,,0.897533,-0.62234,1.568043,,0.997779,4.477683,5.424296,,2.403884,5.794181,2.891163,3.079697,,1.396221,2.152592,3.15976,,3.089864,3.192566,,,2.573972,,-0.802283,,,1.361671,,1.997733,,4.817393,2.502651,5.286116,3.146486,,6.204957,2.555547,,5.755891,,,2.523058,,4.70627,1.537266,3.580843,2.006954,,3.612864,,,,5.340149,3.651887,4.60001,4.81213,2.822981,6.030073,,,,,,3.729544,5.704416,6.032129,4.091496,3.747146,1.825697,,,,,3.812237,3.079676,,3.627611,5.275671,,3.075957,,1.160048,-3.017968,4.910111,,2.807903,2.432025,4.53764
SK-CO-1,8.078234,3.618624,-0.437292,,4.556295,2.686446,5.789083,-0.679968,2.859531,1.282442,3.984188,0.095457,1.6208855,3.327139,9.520765,-5.672442,-5.232523,-5.095638,-1.320781,-4.652228,-3.43303,3.983442,2.8468430000000002,-6.146257,2.506645,9.807066,-0.561639,-2.331498,-5.0076385000000005,5.463762,4.062463,2.251229,2.587551,2.258134,5.625901,-5.441688,,1.188057,-0.76415,-3.6518115,-2.136041,,1.845958,2.595139,,3.645197,3.898489,3.303026,2.380986,5.222008,0.958694,3.32288,-1.848439,-4.85544,1.996344,2.08407,-4.828349,-0.5906095,,-0.471954,1.747751,-2.124881,-3.666076,0.260225,-2.352397,1.353427,2.4721355000000003,0.416422,5.206389,4.77503,2.103305,2.527856,5.588451,,,0.664539,0.472805,-1.114878,-3.385728,-0.291142,2.548998,0.757347,1.346726,0.037677,1.655687,2.870197,5.628188,0.661403,-0.120049,0.946234,4.752006,5.641071,-0.4343625,5.538648,-2.030954,,0.213245,0.455032,0.121442,3.409637,0.567677,1.828192,4.408867,5.663603,-0.155131,4.473871,-2.908384,3.323438,4.011195,-0.282055,-2.643804,2.911693,3.545556,3.036426,-1.03182,1.64606,4.253743,2.968875,4.913244,0.11949,3.737086,5.508985,-0.517976,,-1.109797,5.623319,3.708916,3.126974,3.695656,3.710953,3.562856,5.011439,4.694175,2.04059,3.798611,5.574217,4.561339,1.238644,4.664351,2.907369,0.095485,2.498786,4.5621345,,1.727109,6.663398,4.480512,,4.31566,2.584439,3.884922,5.494778,1.569169,6.071579,4.301773,4.947122,4.994357,5.359896,5.996593,3.32984,4.776354,5.690884,3.4854475000000003,5.074086,0.816516,3.149656,5.672615,4.757075,5.619929,3.992031,2.083693,5.633923,4.360513,4.795376,5.647915,3.499957,5.471775,-0.525733,-2.074402,3.339398,5.608465,-2.560145,2.728077,3.259324
SK-ES-1,6.708209,2.796826,1.088007,,4.353299,3.838446,4.588518,-4.294253,1.406839,0.832627,5.336612,-2.912224,1.4513735,2.933776,8.729169,-5.167295,-5.142961,-5.373631,-3.159,-3.805461,-5.075268,2.364466,3.548737,-6.437863,3.044692,9.067739,-2.697224,-3.296773,-6.203611,3.470033,4.912137,1.624808,2.502029,2.213505,4.530531,-4.925538,,0.167357,-2.951739,-5.208298,-1.210334,,1.919352,2.643236,,1.497473,3.640021,2.237338,3.26266,4.494124,2.87714,4.904798,-3.814403,-5.400712,0.863484,1.59262,-5.444689,-0.7846255,,-0.13433,0.640129,-0.851453,,-0.865633,3.542297,,2.8861895000000004,-0.722767,2.508395,3.592365,1.405407,1.5216,3.3488,,,4.8390415,1.136412,-0.665673,-5.918777,0.204227,2.872349,-3.535587,4.306808,,5.150966,0.964202,4.263828,0.352974,3.701455,0.925905,4.912874,4.796769,2.1142019999999997,3.923346,-2.861759,,0.418074,-0.179008,-2.031976,1.414882,0.014664,0.5929,3.356384,4.913736,-2.548715,3.818319,-2.621207,2.806648,4.380138,-0.955245,3.15951,1.983379,0.283371,1.891847,-0.364327,0.335837,3.828766,1.566932,1.129247,-1.428751,4.883453,4.808354,-0.278983,,3.643526,1.92878,1.823126,1.091608,2.516416,1.588255,2.959603,4.726701,1.910623,-3.720787,4.92477,3.696188,2.350204,0.88715,1.836479,3.296582,-0.186937,0.328116,2.589953,,2.215815,5.040692,2.530721,,3.982163,2.605469,4.63377,4.183525,1.490873,4.841818,3.552286,4.252174,1.20574,4.726622,4.734229,2.077066,4.168447,4.884045,2.7575595,2.916847,1.658029,2.437045,2.325315,3.903588,4.772952,4.662303,2.477115,4.903805,4.036106,3.328763,1.32709,3.456171,5.112691,1.019442,-3.058168,3.013997,4.913736,-4.652585,1.818797,0.98817
SK-HEP-1,7.312052,3.448207,5.862421,,5.06674,5.309577,5.363453,0.239833,4.043469,1.495045,5.874015,2.165332,3.6748275,3.004228,9.23866,-4.962714,-2.165986,-3.661307,-1.086651,-2.047074,1.135378,3.976464,4.3727885,-1.146668,3.885721,8.328144,-0.161135,2.581414,-3.1783255,5.608809,5.376411,2.003285,6.006712,2.283946,4.692141,-4.737989,,0.990328,0.137058,-4.697592,-1.202856,,0.910116,4.736413,,3.537975,4.431924,2.646418,4.843766,6.289639,3.48661,3.842006,-2.492141,-2.777048,2.978155,3.217498,-5.454234,3.231396,,4.355934,3.295092,0.652135,-5.220891,1.45406,1.881847,,5.5240975,3.104489,3.740483,5.508623,3.938306,3.393249,3.480126,,,4.484818499999999,3.110401,2.381226,-6.189527,,4.805047,-0.205454,3.739771,2.457273,5.649095,4.965908,3.892612,3.152474,3.724077,5.388166,5.37259,5.613956,2.650239,5.169741,-2.45567,,1.401393,1.706653,-0.740422,1.684336,1.875845,4.475953,2.961245,5.516962,2.503654,4.603271,4.868088,5.208147,5.560533,2.465964,3.412951,2.273123,4.156265,2.523998,2.021832,3.439429,5.212761,3.823037,1.490062,-0.477783,3.948645,5.2443,1.57948,,3.037545,3.42882,4.196746,3.38792,3.608611,4.838788,4.400245,5.117053,4.114926,-3.78937,4.662491,3.848136,5.50329,3.264194,3.403709,4.228062,4.073833,3.236525,4.5144400000000005,,5.579824,5.764354,3.016546,,2.358748,5.178005,5.079397,4.373213,0.765577,5.41117,5.486312,4.962249,4.89041,3.621604,5.200251,3.211981,5.204165,5.613956,4.3530705,5.376708,3.311371,1.919689,3.372143,3.531202,5.019561,4.990059,2.073396,5.383266,4.036118,4.118911,5.510749,3.647279,5.634075,4.490901,-1.595467,3.45102,5.273948,5.206176,2.116337,3.229061
SK-MEL-2,,4.507932,6.493917,,4.069163,7.01311,6.883862,4.256415,1.656142,0.978567,6.896531,1.29007,6.544117999999999,2.665069,,-4.29575,0.997352,-4.020379,-0.576331,-1.536368,5.329024,3.817551,4.19311,-1.151177,3.3094,,-0.386172,1.641261,0.8097920000000001,5.252172,2.98514,3.475767,4.76806,2.014249,3.753602,-5.471897,,5.340872,4.255454,-2.9017654999999998,-1.381528,,3.668267,2.545715,,2.26675,3.633828,2.780968,4.821311,6.15453,2.280454,5.460395,-0.754471,-0.808123,1.901626,5.225847,-5.557854,4.843675,,5.400201,5.760642,-0.026551,-3.467868,3.158798,-1.46409,,6.1052205,,5.247929,4.990977,4.454364,1.685024,5.159528,,,1.5884269999999998,1.513971,-0.035229,-4.750577,4.640219,,2.793255,4.430981,4.747953,4.166486,4.531348,4.931214,4.144256,1.125303,4.698792,4.416714,5.239115,1.4976805,4.836982,0.8109,,1.572,1.553354,-0.108459,2.61039,5.394405,5.047234,5.758964,4.313208,5.486028,5.077958,4.253155,4.995736,5.415154,0.588731,0.530616,5.318857,5.393884,3.557639,3.581862,5.461383,4.999535,4.936215,5.46061,1.527515,5.414768,5.404017,1.921037,,0.180595,5.362627,5.461383,3.789529,2.565895,4.473451,3.256084,4.920596,0.831771,-2.329685,5.724345,4.689922,5.329217,3.124624,1.911168,4.789622,5.10961,2.965485,5.4368905000000005,,4.695231,6.501353,5.435838,,4.475392,4.990758,4.515283,5.394356,,5.410501,5.442938,4.937288,4.689844,5.33251,6.132963,2.82061,5.371494,5.450564,4.164486,,1.44943,2.443782,5.193743,3.834263,5.011641,4.149655,2.801731,5.299999,4.842717,4.210215,-0.207006,3.814952,5.558634,5.459684,1.025338,,3.875515,5.427041,4.297479,3.674354
SK-MEL-24,8.359471,3.858639,3.342416,,6.11006,5.819432,5.83965,1.043806,3.971082,3.600113,7.301066,1.842215,7.17975,4.420239,9.30842,-1.344202,-2.959517,-1.144595,-0.571279,-2.324942,-1.484751,4.64566,4.2798575,-5.369884,4.134126,8.237409,0.074713,2.538179,-2.0243595,6.255441,4.734983,4.168872,2.429156,4.30486,6.124047,-2.130995,,0.785872,0.442693,-2.345586,-0.835261,,3.857727,4.186311,,2.767701,4.769106,2.777449,3.596798,6.04603,2.053689,4.315254,-3.445827,-2.725124,4.701274,3.518803,-5.713896,2.602319,,3.001846,4.234457,-1.957916,-0.350386,0.322041,-1.052667,,6.057404,1.837598,4.891143,5.543959,3.921817,2.22952,1.704966,,,1.5975415000000002,2.242391,2.013999,-2.930196,4.338296,2.682395,1.37119,3.626792,1.695498,5.469721,2.654318,5.99603,1.925116,2.253076,5.384353,6.17319,6.314507,3.080673,5.566092,-0.350065,,2.06378,-0.829583,2.418291,2.465102,1.652444,5.056545,1.628539,5.225541,1.633839,5.624236,3.202196,3.906352,4.069424,2.711998,1.892849,3.774985,4.716519,2.927605,4.709452,3.361564,6.024569,2.8562,2.68328,0.898712,5.446543,4.933928,1.128068,,0.56346,2.378275,0.373917,4.136453,5.62136,5.112888,3.008229,5.228787,3.229391,-2.699714,5.27606,3.102822,3.880785,3.202831,3.515954,5.53041,2.38848,2.955919,1.4765605000000002,,4.264544,6.446996,3.912466,,4.938844,5.00222,6.282525,5.91221,2.852977,6.546549,3.699144,6.141232,5.363565,3.919219,5.035205,3.683491,6.007142,6.314507,2.8090825,3.92987,2.99331,2.981642,1.832419,4.636788,5.863325,6.314507,3.681948,6.077295,4.976048,5.652007,6.314507,2.112956,6.81811,3.706621,-3.6885,1.661852,5.059629,4.934852,2.05055,3.890494
SK-MEL-30,,3.16756,,4.946956,5.209144,3.643781,6.561428,,0.837829,1.525835,6.782031,,,,,,-0.800237,-3.997479,-1.533467,-1.764075,1.225742,,3.407895,-1.421156,3.233713,,1.55277,2.743523,-4.499634,1.883738,5.696293,3.592838,2.482605,2.197435,5.699246,-5.355713,5.355341,,,-5.985198,-1.648645,1.60257,1.817953,,3.08969,,,2.496691,4.702456,,4.079444,5.554049,-1.240337,-3.035412,3.57088,2.866237,,,1.532273,,4.187642,0.252273,-2.35396,1.207726,-2.359714,5.666282,3.378002,1.771062,1.784448,4.420021,4.506791,1.678805,1.160282,6.111881,3.989624,-0.797204,1.569491,-1.259256,-6.017772,4.254427,3.08872,-1.082866,5.087692,,4.94848,2.276649,4.518673,2.560289,0.741631,5.647139,5.316339,5.70555,-0.025368,5.526807,-1.926498,3.28705,2.340796,,-0.15761,,2.125018,5.347714,3.971989,2.73695,3.20583,5.544348,2.288063,3.799331,4.441581,0.045266,-1.352615,4.18355,3.584624,2.478356,3.260281,3.31948,5.659858,4.347495,,,5.847089,5.66619,1.5586,4.64125,-1.294159,2.289512,4.624918,4.433565,,1.124928,,4.825341,0.880425,-3.969101,5.50896,2.316434,,2.591443,0.855914,2.215068,2.382095,4.435199,2.571736,4.329203,4.56901,3.171953,5.71048,2.835537,5.424164,3.566761,5.210807,5.59395,0.556463,5.572283,6.025809,,1.08418,4.063826,6.338043,3.809296,4.336393,,3.770725,3.24208,2.323746,,5.71048,,,,3.278957,6.109663,4.575397,2.398103,,3.148913,,3.222455,-1.989095,2.137517,4.662568,3.303769,1.689367,3.450279
SK-MEL-5,,4.291216,5.339336,5.567169,6.006751,5.247728,6.012902,2.922779,0.932056,0.879626,6.096604,,6.8122315,,,,-2.28559,-2.580589,-0.554663,-1.997984,0.206688,4.371861,4.317298,-2.966353,3.569948,,0.084677,2.836635,-1.9572055,4.797552,6.350324,5.151821,4.842189,2.033574,6.122686,-4.755644,4.735646,,0.710655,-3.496963,-1.07285,3.61242,2.991019,5.825254,6.354565,,4.154571,4.197777,6.106907,6.543431,3.53265,5.685268,-0.994388,-2.52075,4.679929,3.660927,-5.754876,4.147329,4.075656,,4.782168,3.683774,2.51752,2.656772,-1.116862,4.363063,4.9555045,2.604397,4.144551,5.44416,4.646697,4.147551,3.909406,6.367172,3.848075,1.245761,3.570404,2.098441,-4.64981,3.537286,4.150343,0.753283,5.261659,,5.595793,2.572565,4.838366,4.134849,2.413762,5.250103,4.559522,6.323216,1.586822,6.374798,-1.493654,3.537459,1.281418,-0.53148,2.693408,2.918384,1.316757,5.97206,2.632218,4.564044,5.537041,4.69949,5.621941,4.330787,4.952591,2.193361,1.366215,4.63336,4.428674,3.490691,3.381955,2.86752,5.14919,3.263209,1.190001,,3.822719,6.328948,1.433506,3.40581,1.191796,3.276694,1.924422,4.61988,,3.571466,4.451234,3.34952,3.971902,-2.499804,4.819074,4.56075,5.227427,2.581171,0.346464,5.078409,2.826274,6.000137,3.427966,3.984693,3.572778,4.126872,4.66774,3.015583,3.622544,4.042872,5.883168,5.20057,2.276072,6.152886,4.56313,4.60171,5.329706,4.447972,4.282932,3.769722,4.982608,,3.190056,6.165625,2.523564,2.707806,3.997432,5.049938,5.88793,,2.634794,6.230841,6.076309,3.381667,5.545615,2.777164,5.817117,3.33986,1.108944,2.477272,5.393507,3.936548,2.781749,4.711072
SK-MES-1,7.217825,4.474085,2.870058,,6.023795,7.086673,5.828307,1.504309,3.707919,2.966401,7.681133,1.57931,6.514870500000001,1.868621,9.252059,-2.487844,-2.822803,-0.865901,0.115886,-3.732179,-0.710119,3.987457,4.551551,-3.624796,2.091955,9.545678,-0.932998,1.609313,-3.0713644999999996,5.03447,5.059786,1.358889,2.327838,2.751422,5.102369,-2.568237,,1.049724,0.35641,-2.635706,-0.611885,,4.371866,4.353735,,2.45002,4.253473,3.724739,4.625585,6.616631,-0.035246,5.611536,-3.194468,-3.963676,2.70653,3.976279,-5.483039,3.668037,,4.333717,4.88768,-0.817714,,1.444407,-0.409351,,6.488846,2.801158,5.373888,4.732932,3.839413,2.03012,3.209825,,,3.1180339999999998,0.324819,0.45139,-4.540052,2.587491,3.056215,0.78705,5.647053,,1.77831,5.406751,4.673664,3.028007,2.224844,4.788551,5.840831,6.029208,2.5099185,5.400081,-0.489582,,1.737014,0.324708,1.414441,3.298534,0.705798,4.743937,4.229151,5.499645,2.102558,5.604715,3.120581,5.579195,2.486008,1.215464,2.201759,3.236676,5.762806,3.592072,3.307007,2.27445,5.938663,4.443208,2.064896,-0.506179,5.170193,4.962125,1.549223,,0.584649,3.613548,2.75834,4.381192,5.348707,1.863043,4.785169,5.358122,2.857125,-0.481727,5.731792,3.408871,4.241166,3.000608,2.904289,3.003393,2.083323,3.624439,3.9564624999999998,,3.187363,7.132811,3.533736,,5.742503,4.933546,4.557968,6.166544,2.484694,5.973158,4.227909,6.041855,4.245473,4.616738,5.518997,2.763473,3.685153,6.041855,3.5098825,4.83848,1.042218,3.291276,2.788329,4.714587,6.005876,5.127829,1.861789,4.919956,5.399395,4.779427,6.038236,1.322523,6.105657,2.427616,-2.844944,4.933884,5.340272,3.251048,2.992111,4.628259
SK-MM-2,8.333271,5.148397,1.481483,,5.782441,4.77009,3.345046,-4.919464,0.575754,0.597747,5.800172,2.683813,6.1921725,4.345446,10.70221,-0.688478,-2.354589,-1.291153,1.62647,-1.295559,3.222509,3.53879,4.039305499999999,-2.459114,4.181662,9.948599,2.361997,0.609362,-3.1037415,5.750561,4.365151,4.102482,5.790009,2.77589,5.495433,-5.083882,,3.927954,-4.179123,-3.3129334999999998,-2.0231,,4.118008,1.201662,,5.235279,4.724542,3.06628,2.716161,6.046276,3.90589,4.976499,-0.509619,1.18593,1.925775,4.412999,-4.831021,3.6636625,,3.107998,3.585555,2.22572,-4.285887,1.960957,2.180404,,3.230839,5.679401,3.721677,4.538019,4.420223,3.928509,2.058278,,,5.9206385,4.162967,2.093091,-1.280325,-5.310295,2.621394,0.858138,5.910526,3.666487,5.367404,5.028358,4.567879,3.015557,4.42754,3.233705,5.732776,5.733216,3.574274,5.106916,-0.373054,,2.281056,1.371066,-0.271379,0.461645,2.120214,4.897411,5.526629,5.594417,,5.500463,3.319905,3.734638,5.788769,3.930329,4.744248,5.660788,2.907752,3.095663,-2.658507,0.108697,4.527271,3.424213,5.789933,2.263889,0.986099,5.521029,2.805483,,3.860886,5.603834,3.375953,4.14108,2.953074,5.094227,4.579965,5.801542,1.556055,-3.331174,3.249146,2.929506,5.724903,-6.688903,1.632704,5.736153,2.327891,2.470976,3.0917185,,4.866075,3.239342,2.99333,,5.44596,3.290718,5.774398,5.893027,2.795368,5.486572,2.602475,5.7911,0.439551,4.922071,2.800634,3.396341,5.013168,5.543998,4.472734,1.476156,3.058858,2.873199,4.996949,4.394619,5.092949,4.766813,3.798307,5.490101,2.489099,5.787853,-1.075742,3.470752,5.984305,2.701422,-2.078537,5.084904,4.614303,5.7911,3.974602,4.681432
SK-N-AS,8.198591,5.207497,6.549691,,5.917507,4.605422,4.810663,-0.438,2.049562,1.174385,6.723831,1.055109,6.8400680000000005,2.737274,9.797595,-4.595479,-1.949012,-3.159519,-0.415331,-1.89913,-0.847515,4.543563,4.2422284999999995,-2.664105,4.352658,9.41002,-0.285187,1.552008,-3.1092174999999997,5.546551,5.893397,4.007983,6.165601,3.249051,5.043025,-5.25081,,2.235604,0.484755,-3.0751169999999997,-1.854084,,3.643158,5.401888,,3.150297,3.304467,1.883411,4.4086,6.421293,2.643654,6.147301,-0.700123,-2.59788,4.338316,2.627771,-5.46575,3.5515305,,3.432811,3.883261,1.801389,-4.432749,1.46338,-1.280367,,5.9887335,2.70497,3.054724,6.055984,4.46539,3.050517,2.178158,,,1.6278730000000001,2.064825,-0.750506,-3.407367,3.903055,3.990001,-3.128492,5.714531,2.968964,5.492303,3.888351,5.429173,3.364012,3.510879,3.758149,5.976989,6.153874,1.3962845000000002,5.706673,-1.411311,,0.050886,0.683072,2.433812,2.810109,2.057088,4.778457,5.705117,3.615688,0.152062,5.367631,3.834707,5.780266,6.136581,-0.316215,0.171456,5.72864,2.859935,4.28292,2.015344,1.215575,4.057515,4.462147,4.214356,0.551165,6.093497,5.881337,1.399032,,0.469285,4.078577,5.655338,3.368399,4.946396,1.657121,4.889252,6.03849,2.048187,-3.346317,3.719793,2.310255,6.113288,3.114447,2.941219,5.335317,3.49301,2.496288,4.1882035,,5.791966,2.335742,5.820285,,6.017964,4.250941,5.514845,4.455899,2.426655,4.930744,5.76861,6.150769,2.3771,4.667913,5.529194,3.45306,5.84414,6.153874,4.851121,3.56746,3.722847,3.299423,5.571404,4.643324,5.015614,4.223485,2.912621,6.013838,5.148319,4.547902,2.301365,1.821595,5.044393,2.848098,-2.556439,4.339237,5.176184,4.508285,3.616374,3.834861
SK-N-DZ,7.262706,3.686574,4.952953,,3.844642,3.685289,4.851086,-1.523174,0.365232,0.458466,5.962792,-0.922344,5.644161,1.767328,8.562226,-5.175439,-3.703295,-2.678895,-2.283195,-2.461632,-2.19099,3.180823,3.6665145,-5.505286,2.443797,8.900334,-1.307767,2.730003,-5.220686499999999,4.924771,4.980474,1.055647,1.883548,1.640974,4.244893,-5.280684,,-1.29928,-0.335821,-4.006561,-1.195235,,2.208509,4.612892,,3.470594,2.690834,2.249278,2.13029,5.800156,2.195185,3.646219,-1.557191,-3.216749,0.717372,2.065766,-5.387415,2.278598,,1.807443,0.80366,1.02491,,1.060859,2.600841,,3.993919,1.485164,4.292736,2.412197,3.376988,1.706107,3.736043,,,4.8302825,1.466235,-0.903027,-0.85352,0.299672,2.795128,-3.201064,4.032112,,4.524216,3.465758,4.245671,1.138501,5.109133,1.654382,3.287824,4.868113,2.772974,4.862551,-1.583734,,0.31185,-0.179736,-0.67493,1.520924,1.227299,2.583588,3.816261,4.463812,-3.164586,4.582419,1.277543,3.699543,5.165894,-1.447851,3.520868,3.588951,2.346962,2.495239,-0.265089,1.083736,4.495534,3.06656,1.15975,-0.390681,4.170784,5.13651,-0.143912,,2.841449,3.064948,2.938334,3.341669,3.859973,1.542375,3.8641,3.588145,2.676801,-2.407893,4.636353,4.203139,3.342834,1.544478,4.13736,2.732305,2.087279,1.137285,3.3015565000000002,,2.915597,2.081476,3.331927,,4.102626,3.844055,5.051323,4.52069,1.767709,4.934932,4.227628,3.110432,0.429925,4.718624,4.703218,1.120318,4.697088,4.875911,3.2502585,2.923313,1.42207,1.800217,2.189894,3.279276,5.091117,4.656639,2.036582,5.166431,5.157427,3.95511,2.442606,3.101811,4.383223,0.933815,-3.400162,4.47027,4.38026,1.99837,2.009746,0.954618
SK-N-FI,8.293119,3.904165,,,5.218242,6.895786,,,,1.100615,6.936157,2.047865,,3.241033,8.477893,-3.668628,-1.894433,-1.118255,0.890363,-2.357692,2.199688,,2.753574,-2.088516,3.531773,6.94767,0.551875,3.137615,-2.367136,4.599599,5.197549,3.518246,5.654797,2.522036,5.636624,-4.804344,,1.074919,,-2.791708,-0.889634,,3.733783,,,2.5583,3.182929,,4.167906,,4.321956,5.803419,-2.704428,-0.720245,3.363027,2.539296,,6.535569,,3.243696,2.715546,0.92772,-4.650711,1.079976,-0.609483,,5.908721,2.478156,,4.814046,3.579724,1.593907,,,,2.085923,1.873478,0.16539,2.423366,3.166677,3.166794,-1.795266,6.321728,-0.121879,5.194713,3.798318,5.73177,2.785277,2.623663,1.507967,,5.803419,1.5304805,5.578256,-0.55392,,0.34851,-0.618855,3.887195,,1.403166,4.429107,3.969185,,-0.612478,4.680822,-0.822322,4.121378,,0.197437,1.734574,4.562577,,3.000238,2.75752,,,3.499726,,0.02342,,,0.245018,,0.555085,,4.451262,4.190828,5.106331,3.446584,,5.834822,2.31902,,5.19364,,,1.865876,,5.043565,1.266498,3.201666,3.210054,,3.777147,,,,4.808082,1.995723,5.356334,4.513718,2.746233,5.699928,,,,,,3.029127,5.540589,5.631314,5.817397,2.750467,1.670034,,,,,5.261287,3.074032,,4.382747,5.237954,,2.173116,,0.326552,-2.823792,4.120257,,4.471622,2.589934,3.937361
SK-OV-3,9.393486,4.529504,4.973811,,6.281105,4.604,4.811193,0.25218,3.609636,2.379132,8.058023,3.207307,7.9380905,4.936027,10.61028,-2.223581,-1.426132,-2.613084,-0.054831,-2.270009,1.549487,5.379301,5.437884,-1.045186,2.974489,9.48429,0.299135,-0.651213,-1.6016804999999998,6.734474,6.711036,2.427755,3.039563,6.18173,6.688052,-3.710593,,2.61487,1.827039,-2.2185255,-0.938884,,5.329728,5.670028,,4.367427,4.504385,3.998923,4.79887,6.467452,0.713997,6.292424,-1.188171,-1.157661,3.6295,5.588969,-5.203184,4.8718615,,4.147191,6.753558,0.885142,-4.206979,1.068938,2.473693,,7.4185155,4.377301,6.518702,6.614645,4.713488,4.27787,3.007678,,,5.2207935,1.503162,0.053307,-4.600172,4.79082,4.720782,0.293573,7.126915,3.8605,2.230066,5.209389,6.789585,5.998202,5.407064,6.349888,6.941374,6.955275,5.4052050000000005,6.89217,-1.365874,,1.786264,3.109532,4.721676,5.477906,1.126867,5.777096,4.574718,4.139508,4.740552,6.979025,6.180892,2.984789,4.907936,0.671181,4.23629,5.056831,4.763394,2.548905,5.635308,4.368108,5.263258,2.524031,3.91049,0.05746,6.30023,6.907568,2.592511,,3.572351,4.714396,5.31749,5.806777,5.891513,4.435165,4.569427,6.676227,3.315132,-0.266853,6.07635,3.829061,6.638578,2.470772,-4.523235,5.896909,0.637253,3.778688,2.5917395,,3.404784,6.834188,4.452875,,5.406179,2.937615,6.450249,6.250636,2.990027,7.020926,6.5659,6.564185,6.190203,4.551345,7.322049,3.871922,6.410899,7.021677,5.7552319999999995,5.647377,0.543248,3.781695,6.118639,5.706771,6.764599,6.138033,3.344256,6.266289,5.903112,6.977392,7.021677,3.664738,6.124768,3.842669,-1.084658,6.314561,6.706361,3.010904,4.391755,5.619461
SK-UT-1,7.45224,3.46587,0.687911,,5.382625,4.47775,5.322075,0.63379,3.821222,2.211501,5.770239,-0.695689,3.0389555,2.268531,9.878564,-4.688471,-3.264142,-3.320793,-1.001963,-1.998196,-3.956577,3.500463,3.238956,-4.244427,3.857287,8.633356,0.467141,2.885182,-2.694964,4.502572,4.180926,3.018527,3.307379,2.364518,4.452375,-5.001342,,1.363743,-0.56547,-3.067079,-1.543212,,2.953591,3.595024,,2.457825,3.043156,2.978619,4.066763,6.090209,1.638763,4.614753,-0.776842,-3.270356,3.832005,4.799793,-4.582523,1.7664775000000001,,2.889671,2.807769,-2.573983,-5.90373,1.807592,3.330202,,5.366368,3.371141,4.54241,4.828898,3.493118,4.450557,2.413634,,,4.724594,2.20325,-0.765608,-3.240772,3.154303,3.579834,-1.764695,4.748307,0.387533,5.393571,4.352381,4.841541,3.085828,3.336795,4.634939,5.398913,5.469638,3.6570695,3.957626,-1.211352,,1.61756,0.968851,-0.819154,1.604748,1.513794,3.989387,4.78774,5.291114,1.332576,4.327009,3.873159,3.266502,5.090543,-0.014481,3.908804,4.869506,4.270311,3.694784,1.808173,2.128141,5.209356,3.609043,2.491308,0.773172,3.648635,5.440297,1.847626,,3.847335,4.580373,4.360419,3.487676,4.348949,0.736008,3.338757,4.603344,2.714903,-2.362578,3.709214,3.970153,3.958525,2.203518,3.271301,3.507568,2.1244,3.082103,3.5071335,,4.706128,3.173376,4.307167,,5.04118,3.346637,4.79947,5.770831,1.526087,5.777141,3.582906,5.471712,2.504798,2.958099,4.524193,2.890399,3.874021,5.471712,4.015777,4.596696,3.169126,2.920433,4.212272,4.775202,5.466291,3.918656,2.901332,5.45257,4.325535,3.794689,4.654527,4.556566,5.141412,3.743976,-3.24704,4.775331,4.198231,3.333341,2.125668,3.525571
SKM-1,,1.496005,2.860911,4.161895,3.597668,1.116198,4.410377,-2.084806,-0.185173,0.170134,2.675381,,4.557894,,,,-4.361569,-4.86882,-3.590132,-4.477047,-3.571382,3.194736,2.3230375,-5.674412,2.600943,,-1.912398,-1.184056,-5.096698,3.588381,4.525634,3.15345,4.066004,1.703359,4.010268,-5.457566,1.336777,,-2.717363,-4.73368,-1.366547,1.178494,1.635167,2.841975,2.660541,,1.505465,2.26984,3.235376,5.461293,1.706705,3.526542,-1.193659,-5.795371,1.166731,0.730679,-5.801251,3.194538,-0.157307,,2.039039,-1.663922,-5.590526,2.237356,-4.667212,3.404552,1.9244664999999999,1.071504,1.62347,4.543059,3.849912,1.912329,-1.147038,3.517894,2.190363,-2.320643,0.987177,-1.748123,-4.243631,-0.331019,1.144312,-4.238453,4.543059,,3.667405,1.898167,3.846265,0.816148,0.244894,1.576044,4.491254,4.226798,-0.078334,3.748716,-1.606999,2.038622,0.399654,-0.005573,-1.92617,0.777002,-0.385145,2.867628,3.193622,4.088603,1.518789,4.183573,-1.033968,2.852397,4.180225,-1.254209,-2.175185,2.782714,2.755641,2.296187,0.204649,0.107414,3.892015,2.559065,1.760224,,3.187012,4.188912,-0.076635,2.309794,-2.960849,1.528187,3.180671,1.117173,,-0.230667,3.5392,2.936134,-1.895738,-4.432135,3.993898,0.450031,2.623927,0.305139,1.151193,1.889966,-0.156775,2.016179,2.385015,2.876269,1.578427,2.981391,2.548232,1.289716,4.52786,2.335477,3.677444,3.698319,1.296398,4.155576,3.831086,3.96442,1.454563,3.008777,3.52725,2.160773,4.147387,,2.069585,1.998834,0.230045,1.803767,3.211414,2.911514,4.21104,,1.839203,4.369026,2.056818,3.350564,0.398186,3.472427,5.333308,-0.295623,-4.14603,3.774646,3.442809,1.824354,1.130891,1.933321
SNB75,,3.003284,,4.995961,6.040406,4.38502,6.306336,,4.535444,2.952108,5.708701,,,,,,-1.924682,-3.96229,-0.723157,-2.672347,-0.824201,,3.919486,-2.778042,3.764428,,1.623342,2.48491,-4.925302,5.237603,6.183526,4.805224,4.745567,3.190241,5.734548,-4.729849,4.675695,,,-5.021452,-1.470872,2.421609,3.008069,,5.344159,,3.807087,3.698059,5.417706,,-0.272348,5.707438,-2.876589,-1.912644,2.309512,4.511179,,,4.717295,,4.714834,0.117426,-3.064871,-0.672626,3.25146,5.333257,4.077083,2.278918,5.349859,5.881593,3.794167,1.913598,2.935278,6.225257,3.12864,5.333978,3.516477,0.829219,-2.980501,4.336118,2.391924,-0.041135,4.758119,,4.999186,4.165861,4.008058,2.783121,3.223418,5.801652,3.531993,6.163743,4.753088,6.085926,-2.308772,2.662074,1.967495,,3.311784,,0.699329,4.353254,3.584794,5.751194,2.132151,5.249882,2.805476,2.965497,3.596152,1.67009,4.179279,3.44337,4.070887,2.565268,3.417391,0.814742,6.160736,2.76651,,,3.388135,5.825603,0.930502,2.774712,3.54369,3.474399,4.741855,4.31079,,5.472585,,3.438767,3.569565,-3.719177,6.209065,4.670615,,3.601399,3.033861,5.115235,1.86787,3.112675,3.478513,5.196659,2.200798,3.366163,4.667504,3.229525,4.561496,2.698209,6.108993,5.905503,3.061403,6.115428,5.595837,,5.52155,2.480565,5.595724,3.766604,4.686716,,3.666843,5.92244,1.547716,,6.204725,,,,2.125023,6.225257,5.988227,5.238324,,3.72684,,2.506041,-2.105118,5.525588,5.068459,3.285866,3.681675,3.443318
SNG-M,7.831482,3.547463,6.407122,,4.446326,4.608559,6.438519,1.968137,3.963842,2.185306,6.519554,1.116337,4.1539395,1.935254,10.283876,-5.619254,-2.201049,-4.615426,-1.737209,-3.972093,0.061421,3.406715,4.080213,-2.456832,3.60043,8.102692,0.663548,0.38605,-5.3758955,3.661591,5.257716,2.899667,3.86076,2.659611,4.312618,-5.080752,,-0.352502,0.753706,-2.439968,-1.628217,,3.330796,5.792797,,4.370875,3.717078,2.97324,4.032322,5.73607,-1.285948,4.88843,-1.003607,-5.119237,3.072092,3.92134,-5.04041,3.5068995000000003,,4.113313,3.767888,1.199247,-5.295668,1.408138,2.203636,,3.7526420000000003,2.436099,4.814621,4.551252,3.133569,1.720684,3.369257,,,4.7273035,1.740358,-0.237245,-5.282179,1.932877,2.635161,-3.70002,2.756674,-0.207883,2.367975,4.601184,4.169607,2.092537,2.340002,4.710653,5.270252,5.314227,3.298428,4.303801,0.440356,,1.523879,0.12711,0.766819,0.644617,1.183231,4.42612,3.035986,4.632493,0.399292,4.798414,3.698891,3.50927,4.138841,0.334581,3.094935,1.976785,3.208818,3.623567,1.471597,1.624039,4.576632,2.493734,3.214247,1.527719,3.0146,4.95889,1.507295,,3.354094,3.536211,3.156641,3.09799,3.813316,2.204871,3.814101,4.172539,4.01092,-3.563247,3.969201,4.865159,3.01345,1.813863,-2.593672,2.231889,1.671364,2.985267,3.4591649999999996,,4.594473,2.829598,3.149868,,4.98927,3.717179,4.179317,5.562531,0.555809,5.479722,4.707879,5.133547,2.353713,3.863851,4.82576,3.01914,4.886808,5.308061,3.5360759999999996,3.455992,1.79258,2.719421,3.564698,3.94783,5.13654,4.971293,2.457242,5.111306,4.558788,5.23164,4.225559,2.423708,5.18357,2.566202,-2.09286,4.381011,5.203474,3.397613,1.181217,2.932384
SNU-1,6.742065,3.279806,4.137647,,4.840889,4.488564,3.670084,-1.56535,2.954217,1.309695,6.065783,-0.874197,2.9012175,1.7923,10.489919,-1.425242,-3.323193,-3.307513,-2.609128,-3.240431,-1.968477,3.700631,3.178271,-4.793059,3.392222,9.478832,-1.162852,-2.819769,-0.3156160000000001,5.227591,4.779448,0.453414,3.123366,1.253228,3.610685,-3.954265,,1.253107,-0.195971,-4.2838745,-0.623867,,1.733357,3.357302,,3.264675,3.707552,2.945088,4.723211,5.993186,2.253719,4.099696,-1.272544,-0.529444,2.346535,2.494958,-4.264124,2.854203,,3.015164,3.171465,-1.777505,,-0.604732,0.862107,,3.4167525,2.753034,1.91172,3.285636,3.907927,2.215693,2.178475,,,4.4545505,1.506084,-0.045429,-1.389616,1.718058,0.62709,-1.03663,3.342001,,4.931434,4.631439,5.210627,1.774333,3.293609,4.211254,4.534756,3.598259,2.2611995,5.319949,-2.03178,,0.973273,-0.299194,-1.007581,2.012388,1.987898,3.202444,5.125438,5.278135,5.181449,5.269946,1.751402,3.939974,5.270829,0.603974,3.148377,4.199664,5.290182,2.91222,0.416392,5.10847,5.113501,2.635325,2.412907,0.786095,2.959276,5.124167,1.140634,,1.735028,4.740921,4.881435,2.760434,4.21093,3.632191,4.115976,4.463788,0.390078,-3.69507,3.564137,3.086256,3.966557,1.337274,1.795414,3.193902,2.42443,0.592403,2.4022375,,3.975092,6.414782,2.980878,,4.819243,4.526348,5.312031,5.05045,2.296106,5.422186,3.436384,5.313384,2.673824,5.001931,4.12484,1.716719,5.213952,3.723259,3.2376535,3.350567,2.68684,3.016183,3.687874,4.61906,5.297421,4.65285,3.03354,5.310771,4.360144,4.195574,2.419617,3.789069,5.504399,2.379573,-2.836017,4.260437,5.279624,2.494671,2.667873,2.577089
SNU-387,9.309631,3.475947,7.549893,,6.310808,6.065938,6.102306,-0.443781,2.471921,2.319952,6.448638,4.604647,7.483366,4.173168,11.688929,-3.553171,2.124211,-1.545183,0.76922,-3.601966,4.543302,4.842853,5.3192895,-0.949899,4.393333,8.589003,2.255444,1.376305,-4.303437000000001,6.279701,5.870355,4.489051,4.359097,5.8007,5.538897,-4.508469,,2.352775,1.928724,-3.0280804999999997,-1.249479,,4.843019,6.259049,,3.76498,3.38365,2.893184,4.175143,6.761855,1.126044,5.283719,-0.492042,-2.89661,4.068852,4.028704,-5.469396,3.9811505,,5.825072,5.360694,1.392562,-2.499315,3.088119,1.807306,,6.1297145,2.645914,4.120458,5.662098,4.183375,1.85463,1.730969,,,4.389068,2.347365,0.78117,-3.481197,3.869289,4.134998,-0.086745,5.84229,3.264322,6.189682,4.140794,5.445131,3.000381,3.325377,1.978008,6.42224,6.101921,2.8989355000000003,6.103551,-1.070158,,0.42873,1.938058,4.193434,2.98028,0.921163,4.847685,6.030633,4.204029,3.896993,6.275012,3.171837,2.828062,6.423098,1.453924,1.659321,3.174584,3.883622,2.535591,2.401438,2.684983,6.121368,3.491123,3.748841,,4.641257,5.462926,0.19861,,2.66057,1.561407,6.342018,3.84343,,4.743692,4.94917,5.575171,3.333869,-3.723098,5.877429,2.638486,4.288051,2.853261,0.905516,3.30411,1.878933,3.647026,2.5105705,,2.632732,3.110152,5.050065,,5.629551,2.577285,5.33411,5.762999,1.832398,6.213218,5.17509,6.035202,3.640371,2.993124,6.328244,4.07582,5.034475,6.062759,4.515382000000001,3.743957,2.136882,3.253414,2.809097,5.310412,5.630746,5.663198,3.793413,5.446461,4.64837,5.349284,3.565492,2.885602,6.689079,1.492892,1.342332,5.772674,5.23298,4.520513,3.384042,5.518945
SNU-398,7.792284,3.057717,0.665726,,5.423814,4.231405,4.326702,0.227915,3.498955,2.260735,5.820286,0.158218,4.331347,3.530872,9.984897,-4.877374,-1.294397,-3.630825,-1.804268,-2.453771,2.768752,3.90558,2.879179,-2.845146,3.886271,8.826876,1.573224,-3.703081,-5.362213000000001,4.692453,4.432818,2.040539,3.271733,2.047668,5.547415,-4.391417,,2.112584,-1.159644,-4.9281605,-0.733006,,2.615077,0.08813,,1.090788,3.066142,3.097138,2.522695,4.992053,3.444909,5.632729,-3.498408,-3.534043,3.264539,3.229667,-6.022261,2.4171665,,4.603227,2.050253,0.572795,,1.939879,1.655925,,5.0833715,2.159099,1.743436,5.376597,4.694203,2.755624,2.500382,,,3.4142225,1.256183,-0.20238,-6.097061,2.559028,3.964815,-2.537168,4.951336,,4.716227,3.874878,4.882622,2.876117,2.291895,3.567142,3.73017,5.677318,1.48257,5.664641,-1.802737,,0.863877,-0.581004,1.003737,-0.079828,2.820291,4.342667,5.199493,5.382443,0.082221,5.015443,3.983731,3.574649,3.307449,-0.410287,2.211809,4.240077,3.474649,3.969049,2.862019,0.182237,5.416713,3.653609,1.896792,-1.38567,3.106035,4.881551,0.652339,,2.866088,2.7121,5.160225,4.027742,3.046948,2.641737,4.440112,5.358793,5.688326,-4.487804,3.461566,2.106979,3.154021,0.97801,0.371309,3.591928,3.827455,1.880273,4.014806,,4.219601,5.840314,3.764336,,3.972732,5.364038,5.589851,4.750934,1.132956,4.95879,3.217717,5.439694,1.379382,1.31986,2.877597,1.757894,5.568795,4.954954,3.7357905000000002,4.890889,1.666099,2.649705,4.799471,3.830193,3.038546,4.808586,3.111356,5.47181,5.653284,4.92122,-1.752858,1.426893,3.530144,2.435611,-2.220997,3.380647,4.543665,3.232607,2.519681,2.766648
SNU-407,8.328083,4.392105,2.569025,,4.608412,2.980941,4.604428,2.507387,3.850852,2.654505,6.724218,2.259474,4.2623565,2.518934,8.576377,-3.988554,-1.612538,-1.431552,-0.811739,-3.407359,1.141452,3.834554,4.234744,-2.381254,4.127668,9.518451,-0.11821,-3.230125,-1.832819,5.90107,5.527728,2.155876,2.252717,2.132943,4.357851,-5.269062,,1.648402,3.519511,-3.6769550000000004,-1.756028,,4.260949,5.635288,,4.701179,3.424883,3.434045,3.360369,6.420555,1.706481,5.699649,-2.572913,-3.503566,1.738257,3.217094,-2.663723,2.4521355,,2.420486,3.033552,0.875677,,1.66063,-1.08491,1.169552,3.9979975,2.687557,3.975493,,4.811854,2.338691,1.271452,,,2.348073,1.685717,1.399239,-2.231023,3.265606,3.395706,-1.868647,2.070472,,2.807766,3.97462,5.361949,1.691177,1.76909,2.925985,5.29872,5.174614,2.518578,5.779059,-0.204771,,0.727137,0.278937,-0.041813,2.356426,1.08013,4.193576,5.835403,5.2573,0.68462,5.870578,1.008732,2.963698,4.312191,0.54499,1.009997,2.053316,4.046735,2.471248,3.484859,4.138714,4.815723,2.617976,2.286124,-0.549561,5.779092,5.64029,,,0.154395,4.090915,4.736908,3.562604,3.474647,,3.460026,4.139445,-0.633018,-2.110735,3.634371,2.749285,4.612223,2.223008,3.561889,3.712735,0.600624,4.325728,1.8872735,,2.897189,5.369163,4.194529,,4.281723,2.867759,4.29239,6.070524,2.615795,6.145048,4.294633,5.349158,5.010479,4.563252,3.615479,1.780376,,5.035265,3.470921,3.017207,1.11571,2.908151,5.210015,4.954282,5.782407,5.79578,1.708337,5.038759,4.736854,5.119751,4.331401,3.321294,5.725333,1.238511,-1.240668,5.153433,5.336181,2.352444,3.478701,2.851081
SNU-423,7.701644,4.070432,5.172903,,6.113932,4.389677,6.170278,1.111956,3.267956,2.14227,6.137775,2.502246,6.5676445,4.121442,10.565988,-4.18678,-1.359233,-2.276475,-1.103344,-3.757794,0.294492,3.166736,3.9553155,-1.585435,4.370736,9.639202,1.076329,-1.575409,-3.0096230000000004,5.869901,5.587474,3.975537,4.204256,4.106888,6.105975,-4.50475,,2.528015,1.188154,-3.7882190000000002,-1.478664,,4.45789,4.434787,,2.746582,4.805038,3.255092,4.693103,6.033021,0.069156,6.009747,-1.544005,-1.88196,4.162567,4.703277,-5.710299,3.7283255000000004,,3.643977,5.317575,1.280927,-4.440491,1.317796,2.114174,,5.683794499999999,2.665778,4.650083,5.34804,4.953095,2.0925,2.377843,,,4.493005,2.059492,0.407363,-5.391768,2.724939,3.311724,0.294801,5.10327,3.418704,5.468126,4.329317,6.028644,2.44772,4.14338,4.957982,6.070251,6.073372,3.9913635000000003,5.963178,-1.683173,,1.535013,0.044127,3.173507,2.150602,1.4978,5.054953,4.849929,4.646594,2.904811,6.072875,3.612781,3.894976,4.932186,0.635653,2.966407,3.284857,3.552945,2.731485,0.667141,1.969972,6.044225,2.801144,2.066882,-1.004596,5.848172,3.737591,0.766782,,2.676213,2.31216,6.132032,3.999125,2.550461,4.359635,2.360484,5.913891,3.268957,-3.15489,6.156104,3.050857,5.072161,2.483997,1.289175,6.359219,2.267397,3.811824,2.9609055,,2.820026,2.419676,5.095137,,5.681869,3.22727,5.694325,5.861145,2.777305,6.303488,5.796033,4.987768,5.110961,2.827769,5.929404,3.140243,4.138826,6.157985,3.8521795,4.366284,3.290379,2.887025,1.927935,2.799566,5.463428,5.58262,4.094457,4.653379,4.681438,6.26293,4.588585,4.538114,6.643464,3.476169,-3.646811,5.441797,4.130371,3.760688,2.260391,3.724189
SNU-449,8.279459,4.607738,2.604146,,5.877914,6.029024,5.195591,5.524956,4.919352,2.312062,6.966562,5.192118,6.9785664999999995,4.096978,10.101801,-0.520054,1.370542,0.285106,3.657299,-1.363758,3.05989,5.510859,4.7519065000000005,0.062137,3.221776,9.011691,2.89845,,1.2903114999999998,5.041119,6.854716,2.643816,3.650849,4.260863,6.847588,-3.378887,,3.177304,5.605964,0.8706985,-1.084408,,3.980657,7.623211,,3.785367,4.872564,4.295036,3.994396,7.553809,-0.813104,6.146974,-1.893762,1.383509,3.757855,5.003869,-0.00707,3.957797,,4.96565,4.151371,3.481075,-4.587819,2.174546,1.914735,,6.2412585,5.482797,3.647797,4.999079,4.119683,2.843047,5.71894,,,4.772451,1.975419,2.128364,-2.680566,3.787846,5.697473,2.368085,6.481451,1.63606,3.481462,4.935829,6.860664,3.355029,3.001513,4.71253,6.5158,7.083943,3.424247,6.005892,-0.810345,,2.171841,0.833128,5.288877,2.194509,2.410983,6.253905,3.908312,5.961036,3.232539,6.770998,3.947148,5.805748,3.731575,3.066714,4.980316,3.679795,5.160767,4.893129,3.262312,2.033539,5.877225,5.037177,2.33057,-0.13104,6.014663,6.718604,0.756421,,1.685736,3.495277,6.194366,5.585351,4.945503,6.036771,5.25852,5.544603,5.941049,-0.778452,5.824269,6.302178,4.285811,3.358742,4.788057,5.852635,2.923733,4.141095,3.411995,,5.762411,5.237402,4.724237,,5.108555,5.037994,5.772584,6.134625,1.557392,7.322153,4.235892,6.84267,5.326824,4.071988,4.165436,4.892204,5.394124,7.194789,4.8308935,4.204496,1.352249,3.552368,2.604434,5.181557,6.712687,7.194286,3.385002,6.67367,6.755798,4.360819,7.194789,3.422179,7.260987,2.146744,-0.972779,5.978569,6.658698,5.674429,4.34885,5.452207
SNU-61,7.741923,4.271255,5.646295,,5.701209,5.595192,6.317439,2.510515,1.062502,1.477381,7.54324,4.240237,3.512163,4.786457,10.519636,-1.743355,1.343563,-0.788096,2.502496,-1.5965,1.789817,4.399959,4.5746515,-0.529105,3.77136,10.085786,3.7026,-0.010685,-1.2423440000000001,6.118309,6.020233,2.107398,3.839179,3.918245,5.946062,-3.303994,,,4.067464,-1.6721240000000002,-0.710341,,3.976463,6.680399,,4.893374,4.255711,2.911427,4.895509,6.808821,2.560922,6.11966,,,3.719841,5.086288,-4.48443,6.0005645,,5.764587,4.264433,0.46343,,3.472422,0.170437,,5.2315404999999995,2.493341,4.221983,,4.485547,4.051516,2.306065,,,2.7957905,2.141861,1.153779,-3.392267,3.989244,2.97858,1.299852,5.827259,,2.964821,4.145132,5.9211,3.928091,,4.332064,5.442053,6.103448,2.179553,5.532261,2.264468,,2.062271,1.414401,3.048499,3.61665,2.778717,5.598324,5.821319,5.579523,3.488502,5.82662,4.796993,4.771739,6.074764,0.850819,1.193186,,5.176304,4.40505,3.346554,2.497191,5.619663,4.244142,5.063923,3.637929,5.008657,6.072271,,,1.837705,3.805668,,3.655226,4.776111,,4.471376,6.212441,4.800478,-0.737794,4.593982,3.542516,4.896301,2.837136,3.310382,,3.531926,2.914486,4.173053,,4.901721,6.318064,3.436559,,4.336518,4.533982,5.958906,6.176552,2.860333,5.956346,4.534302,6.046377,3.638021,4.253507,5.562114,2.544757,,6.11966,3.114073,3.908137,2.378973,2.799462,4.842203,4.123037,5.283683,5.747821,2.874252,5.922277,6.034693,,4.304366,5.223429,6.752235,4.130262,1.287009,4.805902,5.069054,5.46733,,4.179317
SU-DHL-1,,2.821542,,3.231509,3.264888,3.247237,3.47631,,-0.393701,-0.059126,4.318492,,,,,,-5.154963,-5.953241,-2.685241,-4.670765,-5.404243,,1.915167,-4.861482,2.335299,,-2.940482,1.900273,-6.731767,3.582202,4.223636,2.042952,1.939979,1.635518,3.491521,-5.614528,3.613087,,,-7.69429,-2.173711,0.859621,2.118155,,1.930978,,3.031414,1.314894,3.271179,,-5.168639,3.067331,-7.470054,-6.588159,-1.131058,0.821905,,,-3.843867,,0.110362,-2.505378,-5.353131,-6.621086,1.619091,1.899359,0.662625,-0.742806,-0.074234,3.99043,3.290266,1.281062,-2.203859,4.012842,1.017475,2.83454,0.059248,-2.256753,-5.4973,-2.811228,1.263096,-4.262919,3.41192,,0.398362,2.57765,4.204252,-0.049604,2.378175,3.448038,3.306945,3.857947,2.630443,3.5235,-4.746832,-0.021439,-0.115608,,-3.220445,,-1.647812,2.486757,2.405132,2.401593,-2.773968,3.753521,-0.385531,-1.032587,-0.707762,-1.002666,1.860688,1.034645,3.02363,-1.026104,-1.652583,-0.620512,3.057429,-1.39763,,,3.478009,4.170859,-0.784344,1.221406,3.351257,-0.038787,0.292864,2.064136,,0.992484,,3.079414,-1.628102,-4.472351,3.672174,-0.75057,,-4.652951,0.810084,1.216101,-1.545956,1.854775,-1.246609,2.906023,0.561718,1.76119,2.748406,1.01893,3.545697,1.389506,3.736714,2.944288,0.764519,3.183334,3.217528,,0.792203,0.857671,3.480298,1.653127,2.641921,,0.53447,1.746902,0.805243,,4.224233,,,,1.445566,4.014632,1.878048,2.184766,,0.100502,,0.647324,-4.118086,2.208427,2.309364,1.608233,1.46639,0.855352
SU-DHL-4,,4.38842,,2.765244,3.480669,3.628163,3.780967,,0.099992,0.653218,3.339251,,,,,,-4.221604,-4.96616,-3.360851,-3.419044,-5.157499,,2.087004,-5.120312,2.732204,,-1.770899,2.064859,-5.441196,4.378914,2.25439,2.756863,2.02323,1.14432,4.284704,-6.325479,4.174702,,,-6.387704,-1.991458,1.399639,1.199866,,2.750156,,,0.824904,3.502397,,-2.520245,4.389589,,-5.499929,0.572569,1.163053,,,1.654674,,2.133216,-0.121354,-5.735427,-0.196556,2.983531,1.316083,2.026604,0.988042,1.450849,4.207224,3.690852,1.771246,0.855936,1.333931,1.767456,2.837582,1.216188,-1.038372,-5.680754,0.087452,2.172457,-3.540376,4.152101,,2.546824,3.089591,3.915138,1.857276,1.170185,2.260888,3.584923,4.389589,3.679173,4.358013,-2.624898,0.044387,0.854787,,-1.838493,,0.033119,3.363454,3.664966,3.369903,-0.105937,2.405322,0.652516,-0.091058,1.168182,-0.806633,2.225903,2.475891,2.590559,0.201896,0.332713,-0.290876,2.963475,-0.436888,,,3.69935,3.356539,0.371212,2.176972,3.737444,-0.061537,3.128905,1.503608,,1.362029,,4.15682,0.517387,-4.717262,2.960878,1.224311,,0.705222,1.363664,1.938917,1.265792,2.617215,-0.543774,2.819638,1.460902,1.955078,3.467591,1.393856,4.212115,2.569503,3.918567,3.237486,0.609422,3.213744,2.395296,,1.115772,1.884806,3.226848,2.087004,2.490994,,2.085663,3.187444,1.386312,,4.364096,,,,2.071923,4.389589,3.286669,3.169213,,2.700199,,1.672259,-4.045461,3.616084,4.044882,2.067245,1.457456,2.407369
SU.86.86,8.469092,6.3006,7.59779,,4.707375,7.174144,5.78929,5.140834,5.883246,5.192238,7.69831,5.169415,3.6224040000000004,4.95126,11.732421,-0.349671,1.414935,-1.072509,1.020093,-0.513963,2.363157,4.972593,4.693238,-0.487771,4.745277,10.042229,0.696289,-0.152216,0.20731450000000007,6.137404,5.660822,2.988155,4.501588,3.063845,6.178357,-3.420794,,4.837954,4.22227,-2.7091575,-0.899024,,4.620508,5.861878,,5.312398,4.562398,3.563903,4.688049,6.78141,0.559859,6.793501,0.579134,1.261197,1.903406,7.724763,-3.824404,5.364645,,7.326663,4.622437,1.660671,,3.658145,0.824535,,6.061577,4.425328,6.103769,5.400088,5.373671,3.074678,6.845533,,,2.4973840000000003,3.82556,1.486111,-4.982209,2.308056,5.075815,2.012367,6.719752,,3.526274,5.046239,5.74868,5.919449,3.933588,5.921189,4.838645,6.701445,4.0490604999999995,6.720895,0.912759,,2.329283,3.688254,2.161484,4.318729,3.431398,5.243717,5.119004,6.190716,5.546995,6.228989,4.110757,4.723739,5.454893,2.550593,2.417673,6.829401,6.829042,5.477529,1.818551,4.511195,6.407428,4.860262,4.924512,1.250379,4.948217,5.893499,3.171777,,1.340658,6.196814,6.320999,5.236932,6.084313,4.899272,5.629482,5.172301,6.371841,0.015727,4.111211,6.840602,5.76655,4.495964,5.165972,6.074828,2.993881,3.724078,6.733201,,2.700097,7.911886,4.537409,,5.019008,4.710418,6.0501,5.85008,3.579604,7.278798,5.675828,6.814511,5.110279,4.385099,5.509998,3.185519,6.402471,6.30512,5.648228,6.461752,2.226408,4.443136,6.708719,6.095527,6.374011,6.357582,2.589057,6.680855,6.687092,5.347824,6.811729,5.492374,5.749659,2.66092,0.994049,5.461448,6.722791,5.855849,3.786007,6.84637
SUIT-2,8.301087,4.597104,2.920182,,5.98911,4.856861,4.642007,2.23678,4.573898,3.651384,7.714658,1.700691,7.630036500000001,3.905165,10.634478,-0.529051,-2.766648,0.110995,-0.660912,-0.87074,-1.782267,4.421052,4.800491,-3.929504,4.783802,10.908147,0.055913,-0.319849,-0.4169905,5.482061,5.946531,3.538633,5.019822,2.121439,4.927478,-3.708187,,5.59903,1.349607,-1.81153,-0.372542,,5.065195,5.732089,,2.704492,2.94872,3.221149,4.667372,6.682932,4.304961,6.747872,0.425712,1.266738,3.009002,4.013583,-1.660476,3.787294,,2.91361,5.606348,1.471325,,4.011263,0.723036,,4.774525499999999,3.571926,3.927167,5.302462,5.624333,3.569914,3.020813,,,3.0967205,3.354014,1.243557,-3.752027,3.839571,3.767037,1.10525,6.243443,,6.423564,4.220156,5.161648,4.531086,4.013058,5.483161,6.935547,4.904281,3.064975,6.635966,-0.890928,,2.056341,0.342535,1.11721,4.791394,2.37614,5.008577,6.028809,6.135639,5.078632,6.734483,3.323457,5.542508,7.173387,0.248596,2.638647,6.557907,3.827999,5.552703,3.121869,5.815938,6.397577,5.722563,3.838173,-0.043845,4.609748,6.99568,3.11081,,1.79478,4.998615,5.495351,4.355047,5.784133,3.135607,5.938229,5.741154,1.75879,-0.288617,4.887543,4.009061,6.689677,5.100076,6.405868,6.167165,5.334795,2.791667,6.3792295,,4.73716,7.078174,3.908012,,4.521683,6.184912,5.211656,5.735081,1.730486,6.422364,4.499136,6.721847,5.561777,5.546531,4.343655,2.734214,5.642232,5.209089,5.1356494999999995,5.273011,3.018142,2.217968,4.7776,3.644742,4.853758,5.238305,3.683549,6.733231,6.478474,6.680135,6.749264,4.156184,6.90337,3.494359,2.697419,6.044473,5.364627,2.423172,4.665657,5.92936
SUP-B15,6.896441,4.03385,1.378104,,4.086495,2.163407,5.013367,-3.484062,1.450813,0.292178,5.16813,-3.116519,4.537212500000001,1.515847,9.24503,-4.678953,-5.022001,-4.173867,-3.204824,-3.109902,-3.242925,2.574495,3.1833835,-6.704682,2.789678,8.558577,-1.608882,,-4.520867,4.403311,4.398413,2.019405,2.775275,1.357123,3.699787,-5.854776,,0.010936,-3.420491,-6.5218805,-1.866747,,-0.452123,-0.37658,,1.007605,3.362367,2.025449,3.385981,2.204646,-4.013793,4.202532,-2.531292,-4.648019,-0.86207,2.644696,-6.549155,2.2523125,,0.693837,-0.215337,1.466255,,0.965868,0.188587,,0.8737839999999999,-0.018831,2.17268,3.916559,0.944789,2.647857,1.2236,,,3.10677,1.796674,-0.506489,-5.541572,-5.174936,1.655426,,-0.512263,,4.03741,1.466091,4.39021,0.447045,2.242324,4.418826,3.769774,4.403311,2.215618,2.978863,-2.116661,,1.024299,-1.72451,-0.963146,1.331114,3.048702,0.369442,4.534674,4.402355,-3.350146,3.974992,1.186211,4.037382,1.289206,-0.056503,1.760153,1.823216,-0.717239,2.88005,-3.764462,2.21264,4.362565,2.478614,1.40415,-0.310414,3.409557,3.657471,-0.644541,,2.46974,3.19448,2.472784,2.29882,3.709974,1.596381,3.137106,4.052625,-0.564847,-4.640332,4.193122,2.057007,4.122096,-6.356198,1.279855,2.146364,3.582009,0.277767,3.2583765,,3.160331,3.350388,2.96938,,4.12465,3.913987,3.35525,4.63804,1.407233,4.602932,4.374063,4.395701,2.360738,4.248887,3.774926,0.572845,3.588948,3.550671,2.8582905,4.229733,1.556791,2.093028,3.901012,3.112982,4.083364,3.154405,2.139909,4.331445,3.374205,4.403311,-0.243397,0.038525,4.329298,2.387854,-3.013569,3.367637,4.356198,-3.689575,1.872734,3.390334
SUP-M2,6.40983,1.83008,0.847666,,3.238402,-0.190025,3.217706,-3.849813,0.516619,0.847935,2.357186,-1.102592,3.9482850000000003,0.460403,9.212775,-7.295926,-5.387443,-5.268265,-4.177191,-3.233622,-4.588377,1.653094,1.461838,-7.029721,2.283482,7.113298,-2.389561,-3.945632,-5.942309,3.916217,3.666721,0.622914,1.911533,0.961951,3.582793,-5.767437,,0.123964,-3.492656,-6.3561875,-1.824741,,1.90442,4.365575,,1.813983,2.059122,0.999601,2.049193,4.36733,1.843427,2.672329,-2.953164,-6.386464,1.661183,1.530055,-5.118219,0.0036515000000000297,,0.211263,-0.286965,-1.602235,,0.009258,1.844093,,1.549705,-0.422964,1.791994,2.455559,1.949797,1.767202,0.73882,,,3.7975995,1.135839,-1.786298,-5.314974,1.255053,1.527514,-3.866523,0.391828,,2.888364,2.462203,3.916672,-1.697048,2.067296,3.204412,3.916672,2.783989,1.7857569999999998,3.4789,-3.458172,,-0.292411,-1.041957,-2.003094,-0.296487,1.141127,0.70281,3.304878,2.336751,-3.348934,3.916672,-0.498666,3.881242,3.741039,-1.47687,2.647287,2.222658,1.126974,1.765232,0.515687,-1.431312,3.359437,2.376509,0.301881,-2.005618,1.253286,3.047568,-0.746003,,3.527147,1.489684,2.843129,0.769596,0.581109,0.135072,2.712653,2.45191,-0.850021,-3.998035,2.335398,2.591856,1.188163,0.365883,,1.323416,2.226475,0.574621,2.385291,,2.941918,4.838004,2.350854,,3.130127,3.37795,2.768812,3.228084,0.56051,4.045704,2.147589,3.916557,-1.026358,3.569714,2.978505,0.607588,3.914473,3.248078,1.6747535,3.096684,1.32999,1.605788,1.86819,3.223525,3.350566,3.821531,1.745861,3.717711,3.521086,2.782441,-1.201468,2.190534,3.753311,0.422948,-3.554936,3.218472,3.916672,-3.509224,1.635463,1.492915
SUP-T1,7.280197,2.878163,0.560265,,4.615372,3.613812,3.91258,-2.383615,1.031579,0.415285,4.883841,-4.35616,5.8061215,1.745859,9.865591,-5.839348,-4.657179,-3.552214,-1.8332,-3.013725,-3.795621,3.696105,3.2702080000000002,-6.518069,3.658879,8.532734,-1.783284,-1.51383,-4.4500405,2.967112,5.505899,2.245184,2.972361,2.965606,4.907378,-4.012149,,0.205765,-1.960871,-4.519746,-0.660901,,1.541919,0.742134,,3.261094,2.828204,3.102532,3.128306,0.829994,0.350782,3.159367,-4.653436,-5.106494,1.653191,1.724071,-6.155395,2.8392375000000003,,0.835525,1.102039,-0.589625,-6.448063,0.807625,3.430173,,3.5988365,1.378018,2.841424,5.290146,3.046784,1.789258,-0.122044,,,4.983376,1.135648,-1.083793,-5.650906,4.705913,2.72402,-3.777756,5.001291,1.334825,3.333567,3.55713,5.412267,0.678135,4.181814,4.004712,5.462889,5.44732,3.757389,4.860816,-1.912878,,0.740294,-0.362988,-0.947279,1.530113,0.852224,3.110159,3.807848,5.507026,-1.767527,3.932921,1.451894,2.157381,3.23442,-0.69804,3.941015,0.482254,1.905099,1.222971,1.432721,1.090814,5.393312,1.701111,1.107728,-0.7123,3.921453,5.225641,0.766834,,2.903246,2.278473,4.60377,1.325369,1.956352,1.470397,0.94027,3.050319,-0.097871,-2.998596,4.410413,0.663717,3.115599,1.802226,1.747007,2.29514,0.808727,2.338925,1.4976935,,3.750171,3.234366,2.422548,,3.446092,1.971537,4.494649,5.057935,1.629976,5.725634,3.957063,4.196886,1.63205,2.521426,4.424989,3.202834,5.186657,5.507026,3.6788670000000003,1.960674,2.581119,3.038613,2.340342,4.425903,4.355772,3.733723,2.568059,5.499413,2.016701,2.990158,4.276699,1.476323,4.337846,2.414062,-3.063176,4.413592,4.246368,0.458943,1.763573,2.518958
SW 1088,8.892735,3.467416,6.270789,,4.95158,6.279248,5.677217,2.663921,5.049385,2.765761,7.489338,2.988934,5.016282,5.047832,10.910245,-2.947981,-1.342535,-3.97403,-0.523513,-4.648659,4.100109,4.618811,4.232925,-3.510008,4.415947,9.367217,-0.526864,3.757559,-5.917512,5.700235,6.095856,3.099623,4.360989,3.656044,6.245066,-5.760534,,2.438975,1.629769,-2.2253730000000003,-1.828069,,4.387581,6.133579,,1.90713,3.711617,3.924145,3.704088,6.551425,-1.863036,4.739973,-4.798505,-2.785899,3.441292,3.520082,-5.242256,4.132132,,4.457668,1.705208,-0.601825,-1.584117,-2.272724,2.969848,,5.806298,1.983981,6.042989,5.272711,4.553497,1.357301,2.588319,,,5.468701,2.355382,-0.686879,-4.474996,3.898579,2.531382,0.35044,6.43392,2.48715,3.41955,4.638486,5.778387,2.1156,3.776811,5.622384,5.155949,6.39953,3.6624730000000003,4.870172,-3.230928,,0.767192,1.50697,1.30562,3.402545,-0.205481,4.148482,3.769252,6.081612,0.476341,5.451045,2.080458,2.183032,5.71825,1.342051,5.348036,1.850138,5.884469,1.556786,2.008549,1.367782,6.352683,1.303697,1.874084,-1.171812,4.910498,6.029197,-0.287742,,3.41788,4.775691,5.868703,4.268959,5.287266,3.559579,2.51944,5.523724,4.00955,-1.64752,4.684761,4.213349,3.339284,2.660513,6.214702,5.35705,1.272352,1.954125,1.6674959999999999,,1.120532,7.375968,5.959819,,4.751482,4.824924,3.782471,5.629939,2.923191,6.599177,5.375933,6.136554,5.542205,4.911222,6.192901,3.411242,4.798291,6.39953,4.3989845,5.01143,2.029277,3.928429,3.420028,5.467494,5.963447,5.988558,3.35913,6.087896,5.107351,2.889145,5.702181,-0.284157,6.515265,1.858281,-2.8686,5.603816,5.842146,3.186898,2.43815,3.435092
SW 1271,9.287065,5.735783,6.552142,,7.019476,6.479569,5.616363,0.523075,3.071583,3.538011,8.206196,4.035565,6.230233,4.711468,11.327203,-2.291543,-1.262933,-1.365165,1.059949,-0.658554,0.057973,5.79717,6.14573,-0.986088,5.749913,8.717402,0.976394,4.091789,-2.4325435,7.395262,7.390174,5.358783,4.808961,5.981284,5.142279,-3.298776,,2.538021,1.354889,-2.4363955,-1.347118,,5.345948,7.814166,,2.833394,3.756627,3.717583,6.72605,8.15919,0.071699,6.157317,-1.569908,-1.338255,4.581207,4.893535,-5.040573,6.94233,,6.747474,5.776474,2.441026,-3.444701,2.932233,0.281531,,6.7559465,3.081275,4.99976,6.929984,5.822465,5.115485,2.043591,,,2.5586795,3.456383,1.92579,-5.840379,5.441393,5.110153,1.622784,7.253618,4.223612,6.007395,6.267063,7.45622,3.811092,3.340186,5.778775,6.256161,7.335163,2.30953,5.831742,0.39347,,2.527594,1.268387,1.604683,3.785289,2.697439,5.952416,6.422345,3.689303,3.633192,4.52068,6.47171,7.04648,6.667111,1.499388,1.730005,3.865487,5.172168,6.055323,5.028491,2.373379,6.075798,5.101882,2.734389,1.803166,4.69739,6.072955,1.691705,,1.596215,3.294044,5.938391,5.684296,6.648624,4.348024,4.974193,5.43988,2.591295,-1.133802,5.927972,3.372902,3.574539,3.904305,1.240241,4.94101,4.745192,4.779224,5.5093835,,6.07854,5.246827,5.862483,,5.880887,5.376099,5.844259,6.594361,3.638193,7.48036,6.211576,7.334277,4.698912,3.776969,6.17815,4.645601,6.234168,7.466042,4.0751775,5.229194,4.042859,2.949935,6.322723,4.292292,5.087598,6.087256,5.24261,7.184112,6.992893,5.991146,7.398945,1.371215,7.384809,3.524284,-1.282367,5.654803,6.146683,5.39252,3.85258,3.385838
SW 1990,8.362038,5.746548,,,5.038392,5.368764,,,,4.553816,6.853031,3.246626,,4.216784,9.736251,-1.127351,-1.187091,-1.412383,0.098476,-1.781887,1.494867,,3.048322,-2.544585,4.091829,9.160399,0.267367,1.780244,-1.615472,6.114683,6.149002,4.154823,3.968984,2.436082,6.146151,-5.394029,,3.11226,,-3.650668,-1.46596,,4.608701,,,3.657952,2.756327,,4.543312,,2.519587,5.518252,0.398336,1.142888,4.513081,5.449516,,6.547373,,3.756217,4.224534,-1.604218,-1.075196,2.14684,1.371842,,5.167876,5.521249,,5.723599,3.702271,4.221424,,,,3.086764,3.317348,-0.354946,-3.343089,3.770216,6.314142,2.589088,5.185968,2.748234,4.261289,4.777832,5.176205,6.102549,3.586284,4.949055,,6.866481,3.7027390000000002,5.516822,-0.601714,,2.566872,0.710723,1.63475,,2.079625,4.735334,5.589029,,3.940472,5.305298,5.873053,4.572305,,1.449713,3.186918,6.806234,,5.116389,2.370282,,5.950037,3.7841,,1.074397,,,4.213203,,2.286405,,5.344313,5.278275,5.574299,1.860099,,5.990323,6.115873,,3.557642,,,3.734498,,5.076561,2.950571,3.74789,6.018287,,5.177242,,,,4.623879,5.565153,4.574437,5.445843,1.537705,6.267447,,,,,,3.942326,5.632586,6.896975,5.936589,5.623745,2.231209,,,,,5.384657,3.893597,,4.747204,3.499497,,4.067621,,4.862014,-2.779107,5.320548,,4.728894,4.421342,6.261782
SW1463,7.916304,3.853463,3.062671,,5.876766,4.563716,5.704245,1.813124,3.275953,1.262086,6.754949,1.444064,4.1907250000000005,2.874024,10.113231,-2.207039,-2.092786,-2.584583,0.67652,-0.978395,3.515624,4.210153,4.716604,-4.166168,2.454935,8.992228,1.829665,-0.197477,-1.5393735,5.978023,5.748163,2.062968,2.196321,2.503341,5.673154,-4.485593,,5.956562,3.50423,-2.4895345,-1.133571,,3.418822,5.382831,,3.799436,3.893003,3.383289,3.362536,6.048415,4.224733,5.300446,0.160505,-1.476307,2.896645,2.349851,-2.667225,2.8055325,,4.598338,3.493671,0.047916,-2.741549,3.675888,-1.626457,1.971662,3.103035,3.87283,5.025738,5.954726,4.159415,2.460887,4.279415,,,2.154313,0.613601,1.191812,-0.737613,3.456165,3.928107,-0.383288,5.508611,1.454512,1.883752,4.140375,5.969805,2.671683,0.930157,3.03375,5.900268,5.856877,0.72465,5.505799,-1.126842,,2.33214,1.587887,3.066072,2.43235,1.245152,5.123389,5.621476,5.657531,1.470976,4.128515,1.802501,4.394528,5.804175,0.799021,1.244903,5.967561,5.74413,3.863041,1.850488,4.971414,5.740044,4.568276,3.609938,0.556093,4.346404,5.964443,0.997895,,-0.296747,4.528245,5.377925,1.967942,4.99399,4.958155,4.34141,4.2811,2.468549,-2.297305,3.385317,5.353969,4.993668,3.181488,-0.425104,4.359665,2.442991,6.254718,5.125315,,3.734159,4.151483,5.538567,,5.352132,4.579487,4.574541,5.162727,2.730454,6.307159,5.636863,5.947942,2.364182,4.884216,4.560872,3.633909,5.913912,5.839118,4.292915499999999,4.677411,0.788025,2.177269,5.190314,5.15264,5.542466,5.365314,1.426495,5.953598,5.526322,3.74824,5.802805,2.306585,5.58382,2.744205,0.756832,4.819556,5.715751,3.651769,3.361836,3.268655
SW48,8.10518,3.867833,3.327102,,5.709971,3.771439,5.479155,-0.218889,3.034596,1.5514,7.065301,3.401754,4.6583695,1.258452,10.255106,-4.77919,-3.645354,-5.020249,-1.624732,-4.383869,-1.903365,3.775874,4.0998255,-5.704583,0.267915,8.876045,-2.547668,2.636944,-5.2657435,5.682089,4.464423,0.00508,1.163169,4.165944,5.085889,-4.171701,,,-0.423904,-4.0387640000000005,-1.653961,,4.094829,4.853714,,2.060987,3.033781,3.020607,3.156493,5.001322,2.9011,5.86039,,-5.429349,3.890903,1.873141,-5.774759,1.3310385,,2.392391,0.525687,-3.166059,,1.406188,0.022925,3.386424,2.5977105,-0.90233,3.051531,5.40582,5.153565,1.060856,1.303717,,,3.3030545,0.267445,-0.546966,-2.760307,0.129727,2.738358,-1.387382,1.383897,0.327757,1.068312,3.808986,5.135925,0.592513,,1.223004,4.500542,5.711832,0.6016170000000001,5.601965,-1.274164,,0.422733,1.278063,-0.70438,2.468144,-0.129436,4.33687,5.072261,5.662706,-2.990788,5.04552,-2.169411,2.148486,2.216845,0.306726,-0.233738,,3.30475,2.185361,0.311541,0.289791,3.66436,1.410232,2.890982,-1.227965,4.471827,5.840953,-1.196559,,2.488291,2.966663,6.009099,2.492182,5.167558,3.146938,2.873693,5.174121,1.022121,-2.009304,4.854399,2.349362,2.23684,2.014109,2.45992,,-0.33483,2.74325,2.451797,,1.450198,2.996655,5.69358,,4.07782,1.954087,4.547804,4.924007,2.652696,6.397821,5.528716,5.373376,5.194468,5.138898,6.306221,3.404009,5.144629,5.897027,4.757745,3.667677,-1.242085,2.33816,5.948846,5.105706,3.689869,4.890587,-1.049646,5.80031,2.855007,,5.690915,0.988909,4.385295,-0.557369,-4.036602,5.255699,3.811564,1.62069,,1.396343
SW620,10.134473,4.198377,5.210139,5.257587,6.776554,4.826839,5.443901,0.117368,2.091031,0.995005,6.733225,1.067421,7.553078,2.06282,9.958651,-3.916093,-3.182662,-3.732212,-1.132381,-2.807406,-1.582869,5.834531,5.0700590000000005,-4.268584,5.351725,9.325135,-0.042592,-0.021713,-2.3836700000000004,5.496839,7.48839,4.987499,5.259691,2.72418,7.544894,-4.99103,6.478539,0.644468,-0.563481,-4.539064,-2.089528,1.97778,4.616748,7.162975,2.62774,3.115653,3.698217,4.007764,4.809416,7.404013,3.437531,7.709581,-0.469289,-3.158912,4.925757,2.512171,-5.528896,3.78695,2.021774,3.43572,4.448863,-2.122434,-3.868716,2.426164,-2.612885,2.640004,2.9576225000000003,3.837815,3.248961,6.33423,5.380313,3.969541,3.056321,7.884993,2.91659,0.399505,2.078062,0.975226,-6.745899,3.482737,3.632775,-3.086619,6.937962,-0.245126,5.79455,4.627208,6.121728,2.304073,1.75014,4.329771,6.055224,8.304398,1.4101435,7.489874,-1.487279,2.816749,1.491316,-0.535127,1.077716,1.537001,2.63563,4.862201,5.411276,6.252676,1.867594,6.606707,1.303905,5.721249,6.899076,0.646991,0.278894,4.571953,3.972153,5.918964,1.132266,1.085902,6.208841,5.087682,2.684672,0.658212,3.34772,7.096334,0.28199,5.678133,-1.124333,3.525232,5.134787,4.188871,6.30439,6.270702,6.725574,6.162432,3.23422,-3.558535,4.024059,3.562006,4.194782,4.120572,2.706422,5.014862,3.979551,4.839718,6.5174905,3.525523,5.080266,3.691591,4.121123,4.762408,6.223872,4.533737,6.1753,5.919942,3.13857,7.064234,4.476375,6.873979,4.08566,4.607786,3.853238,4.917558,7.255927,7.695153,5.8789134999999995,4.592878,3.82462,3.077385,5.64283,4.411521,5.533363,6.717449,4.525138,7.031463,5.89658,4.245218,7.290915,3.749199,6.218632,2.441633,-3.270477,7.540786,6.172036,2.031442,3.163208,3.117394
SW837,8.074782,5.645243,5.99512,,6.035455,4.067336,5.094266,3.961803,4.43092,0.82728,6.498999,3.877369,2.4490835,3.847486,9.712503,-1.08113,-0.932695,-0.75127,0.308,-1.627519,0.361862,4.453049,3.761898,-3.339743,3.771962,8.985955,0.810546,1.977993,-0.669757,6.141468,5.335862,3.272451,4.531367,3.938316,5.520648,-4.481268,,2.417214,4.139471,-2.383831,-0.645911,,4.523953,6.70634,,3.115643,3.766655,3.147554,3.635961,5.629957,2.794373,4.344318,-0.068496,-2.028497,3.415131,4.903865,-4.799434,3.2595020000000003,,4.2585,4.427079,-1.152275,-2.942308,3.118327,-0.291117,1.634894,4.8195665000000005,4.327892,4.625146,5.719697,4.575185,2.582536,5.806307,,,2.2329025,2.257309,0.426701,-3.57194,1.473466,4.912436,-1.614638,6.164361,0.289034,3.94358,4.425081,6.125662,3.133864,3.088151,4.230687,5.820473,6.156485,2.5811669999999998,5.403491,-0.406969,,1.935616,1.268665,2.403593,4.277411,2.776507,4.768,4.834631,5.188588,2.772845,5.214366,2.001587,4.602924,6.149414,0.338562,1.217446,6.077685,5.928332,4.123839,1.146962,4.403614,5.10179,4.700368,4.264136,2.671488,3.747106,6.13836,1.385829,,0.715434,5.58392,6.476991,4.248641,4.73784,4.820854,4.948208,4.590575,4.292365,-0.577489,4.747846,6.039411,5.747544,2.964061,5.151365,5.675148,3.61426,3.685119,5.4048305,,3.712256,7.174363,4.783418,,4.770524,5.354376,4.307067,5.863999,1.883754,6.383807,5.260648,6.144814,4.741611,5.571097,4.502021,3.633109,5.031436,6.156485,4.7234295,5.014758,2.217785,3.704642,6.038891,4.867295,4.880519,5.40529,2.788376,6.092666,4.56737,5.179171,5.520358,3.954457,5.441566,3.39664,0.840999,4.824045,5.789171,3.997023,3.748453,4.671754
SW948,8.53288,4.598864,7.113086,,5.858479,4.462151,6.384175,3.09289,1.678143,1.053295,6.49353,2.21274,6.1869885,1.964113,8.703099,-4.296553,-2.162355,-3.614621,1.972611,-3.090112,3.936462,3.041774,5.152977999999999,-4.011816,4.360855,10.139675,0.085924,2.99905,-5.168179,6.036015,6.40755,4.554136,5.092289,3.689125,5.963636,-4.836389,,3.222509,1.614565,-1.187023,-1.863249,,4.569527,6.71747,,5.64873,2.292482,2.633207,4.844986,6.717017,3.568533,5.812688,-1.758897,-4.22015,3.587636,4.04337,-4.595311,3.7362064999999998,,3.464852,0.860924,-0.782926,-4.596617,0.608804,-1.231792,2.637915,4.586749,0.325797,3.577023,6.33521,4.492061,2.244238,3.815606,,,2.8552845,1.990648,-0.019823,-0.661808,1.574324,2.646274,-3.202634,6.355111,3.075853,5.621906,5.012122,6.025816,1.219783,1.4886,3.668875,6.009112,6.023498,1.8939545,5.328736,-2.338834,,0.987016,2.196597,3.400473,2.351676,0.492756,5.081232,4.353965,5.999618,-1.7772,5.640286,-1.195351,2.220646,5.952852,-0.135597,1.099024,2.0181,4.996965,1.830502,-0.173793,4.521182,5.207545,2.326833,2.687983,-1.32018,3.940979,6.037017,0.051468,,0.367284,5.03919,4.194222,4.103669,4.127082,4.728782,1.468821,5.814402,2.714461,-0.67657,3.884298,3.694207,5.852468,2.792022,4.206771,4.644122,-0.129155,3.335159,0.750745,,4.358852,6.931823,4.483368,,6.04302,2.337606,5.700108,6.309776,2.067386,6.679941,4.508095,5.48798,3.922031,4.715207,5.442422,1.088312,6.086547,5.658778,4.935423,5.92344,3.38928,2.288389,5.864205,4.439336,4.995454,5.453686,3.989832,5.992742,6.09866,4.796441,3.877566,4.993914,5.601212,3.308632,1.432995,4.92066,5.76132,3.518315,1.775976,2.892988
Saos-2,7.955388,4.338045,4.533779,,5.738382,4.658073,5.746587,0.887457,3.296619,2.266233,5.744213,2.406615,4.8288585,3.453178,11.015083,-2.706503,-2.903441,-2.023967,-0.275952,-3.966831,-1.118242,4.130113,3.5464029999999998,-4.138279,4.123607,9.329475,-0.521088,-2.883163,-4.077762,5.739551,5.739049,4.130113,4.208319,3.377032,4.480887,-1.37056,,1.942884,-0.15037,-2.4001825,-0.578216,,3.768866,3.584589,,3.326514,2.469004,3.391812,4.801625,5.651881,1.168816,4.405424,-0.934364,-2.510702,2.447744,4.42718,-6.51283,3.4179165,,2.934207,2.352932,0.088737,-4.304585,1.665124,4.038664,,6.240774,1.499729,2.949765,5.672356,4.86759,4.513167,1.514317,,,5.737213499999999,1.673157,0.605255,-2.935697,3.235618,3.598935,0.117986,4.832702,2.075026,4.634933,4.316396,5.739423,1.516046,3.774971,2.175809,5.473273,5.659338,4.689114,5.344906,0.080207,,1.990571,0.386408,2.019832,2.277808,0.695145,4.829651,4.150917,4.345622,1.131036,4.646927,0.773954,3.774327,4.981472,0.525272,4.564159,1.476262,4.157472,2.764607,2.194478,1.191252,4.676297,3.392542,2.090611,1.57919,4.684544,5.019204,1.283397,,4.005023,1.734801,4.356686,4.130113,3.034938,5.043648,2.458104,4.812,1.696478,-2.925055,5.208084,2.60225,2.138589,2.777037,1.211293,4.553894,0.801469,3.07221,2.240439,,3.942159,5.351822,4.013168,,5.739551,2.531851,5.580219,5.23805,2.12371,5.871347,3.607269,5.558837,4.341827,2.19916,4.97031,3.390716,5.594089,5.031882,3.6894345,4.211095,3.352368,2.080685,2.347851,3.931214,5.022249,4.352724,3.716453,5.082704,4.32987,4.855383,3.001376,2.18545,4.155218,1.976008,-2.44772,5.046223,4.777059,4.003364,2.882007,3.68627
T-47D,7.087104,3.965472,6.215559,,5.478079,4.94648,7.264632,1.647235,2.388304,1.376546,7.125263,4.078375,2.7346075,3.09399,9.6197,-1.42625,-1.334657,-2.383426,-0.825894,-2.32504,3.982992,3.934415,1.5932715,-4.122797,4.092374,8.775582,1.521519,-2.167085,-2.6286300000000002,5.352507,5.646292,2.605145,2.986112,3.489174,5.716241,-5.239903,,4.417213,1.401622,-3.672937,-1.228666,,2.393147,4.464342,,2.272791,2.485245,3.387959,2.453349,6.214856,1.838424,4.563089,-1.432791,-2.216507,3.101124,3.234354,-4.970844,4.1672495000000005,3.803311,5.842057,3.262051,2.654807,,-0.636968,3.95977,,5.1515795,4.025647,4.759785,4.65421,3.97942,1.696281,3.724902,,,5.014488,1.792109,2.696661,-3.277195,2.850694,3.605863,1.758306,4.334916,,3.405298,3.826367,4.986036,2.946148,3.671711,3.490702,3.151502,5.715134,3.3289875,5.707498,-1.632571,3.876097,0.292449,1.441403,3.084313,2.939442,0.287768,4.628519,4.596622,4.962625,3.237231,5.166577,2.746845,1.313764,3.773826,2.280706,3.221874,4.847589,5.694593,1.957843,1.834042,3.717433,5.328684,1.954658,0.892034,-0.497457,2.193936,4.902349,2.455258,2.254416,3.156826,3.667582,3.95095,3.461209,4.10101,4.943965,1.656994,5.309769,3.409986,-1.266592,3.589321,3.911564,4.018641,2.157161,1.92393,5.301539,-0.054402,2.604282,3.300757,4.258793,1.833225,3.440276,3.794067,,4.401028,1.613908,3.238564,5.335184,2.113485,5.807066,3.100637,3.319852,3.608087,3.839801,3.749293,2.23497,4.864372,5.748523,3.6580475,4.81757,1.164546,3.114044,5.085952,4.981961,5.527708,5.307656,2.17363,5.745388,5.489956,4.374641,5.435315,0.960206,6.011908,2.370526,-1.413533,4.982919,5.361239,4.257477,2.953465,3.626741
T24,,4.790753,,4.654729,5.702859,3.666305,6.508816,,2.893409,2.65916,6.698686,,,,,,-2.717354,-2.459691,0.936968,-2.126267,-2.444554,,3.675852,-3.835686,3.986257,,1.3732,3.362797,-3.370713,5.608349,5.993672,4.180037,5.330951,2.931146,5.530103,-4.43601,5.248086,,,-2.665871,-0.728744,3.413164,4.842685,,4.194062,,3.0162,3.674978,5.801949,,1.063229,5.989073,-1.767023,-1.029775,3.038453,4.223756,,,4.336556,,5.277769,0.180609,-3.805403,3.282811,3.156393,5.745273,5.01177,5.326303,2.976661,5.294697,5.09013,3.832116,3.945157,5.985957,3.43998,3.704257,4.061979,1.778795,-2.787616,2.924887,2.770793,-0.455165,4.915735,,4.514342,4.577703,5.136498,4.022709,3.664824,5.17233,3.799079,5.986842,4.214781,5.9465,-0.48257,2.938896,2.717397,,2.11982,,3.326457,5.993218,3.651327,5.854372,2.867041,4.525727,4.289295,4.998994,5.574016,3.332983,4.187785,4.236699,5.468398,5.045328,1.673202,2.304241,5.763804,5.135276,,,3.069942,5.973852,3.648877,4.247015,3.36958,4.880335,4.03521,4.298911,,3.813288,,4.659708,3.514869,-1.871409,3.768629,4.712563,,3.453023,5.754953,5.172338,4.557647,5.975675,5.972373,3.865463,4.273026,6.20802,5.848577,2.874426,4.496153,5.008848,5.987015,5.221797,2.947142,5.952128,5.849447,,5.247923,5.494869,4.474053,3.691087,3.986038,,3.563048,5.268235,2.641195,,5.697644,,,,3.050994,5.993672,5.218476,4.444226,,4.400293,,2.826539,-2.161027,5.300525,5.511034,4.016469,5.643056,3.762919
T84,7.745224,5.473484,4.699777,,5.490982,6.17556,6.315706,2.870505,4.533069,1.254443,7.229728,3.483698,2.3396515,3.869746,9.605629,-3.679044,-2.218478,-3.323956,1.226786,-1.284677,0.983628,4.168938,4.038762,-2.691856,2.955603,9.173236,1.446129,0.309675,-2.9506185,5.615871,4.739892,2.745641,2.640765,2.434746,5.192202,-4.022478,,2.31552,4.052881,-2.2568815,-0.573442,,3.704799,5.17134,,2.301657,2.87002,3.02516,2.573651,6.398897,1.860005,3.563907,-0.470126,-1.905278,4.025327,4.921844,-3.728551,4.317389,,3.898533,3.629001,0.328376,-3.74639,2.738164,1.008501,2.892883,4.7242365,4.901444,3.267868,4.614074,4.689495,1.636456,2.979522,,,3.1924855,2.307447,-0.574804,-1.774109,-0.91953,3.868875,-0.852372,5.807603,1.750558,3.038806,4.770541,5.140219,2.855621,1.841032,4.59724,4.418937,5.810013,2.29386,5.177252,0.702825,,1.2671,0.441653,3.052292,2.504582,0.891511,5.165634,4.489914,5.792582,1.396817,5.444746,1.492102,2.176831,5.329016,-0.121805,2.161451,3.513448,5.718155,3.452609,1.912949,1.225974,5.693288,2.825296,2.429477,0.62366,4.824134,5.004209,0.370356,,2.012877,4.723428,5.44565,4.177882,4.763544,1.062316,2.402118,4.469132,4.557319,-2.172095,3.36667,4.833587,5.521579,0.807325,4.855809,3.729594,0.83753,5.331619,2.5009164999999998,,3.017584,6.236397,3.945326,,4.119079,1.958976,3.683015,4.334808,2.484003,4.582853,5.593731,4.22502,4.458205,4.758611,5.332221,3.240144,5.76682,5.42698,4.229939,5.241454,1.518272,3.329118,5.644202,4.835041,5.687138,5.382293,1.58309,4.764059,5.757327,3.953941,3.659228,4.051787,5.027995,2.165585,-1.005863,5.108759,5.579277,2.738866,2.980714,3.61203
TCCSUP,7.672464,6.318318,3.922289,,6.213948,5.648643,6.037867,0.919851,2.042722,1.952424,7.328056,3.15876,6.5163055,3.446904,9.739413,-1.419055,-2.350633,-2.177791,0.017063,-2.604222,0.876583,4.101475,4.9738835,-2.990528,3.159191,9.909106,2.89435,2.23509,-1.142451,5.783048,5.24046,2.353741,6.470794,3.711671,6.246193,-4.306059,,3.650986,0.856725,-2.790253,-0.978194,,4.204344,6.722817,,3.656746,3.695093,3.383087,4.616765,6.703969,1.837329,6.128509,-0.878321,-0.153006,4.593703,5.591166,-4.75832,4.0004945,,2.144837,3.408116,-2.00885,,0.524301,3.701321,,5.983677999999999,2.973679,5.152153,5.826636,5.109064,2.038596,3.76283,,,5.6816715,3.534909,0.041449,-4.240866,2.028127,5.967783,0.420197,6.00278,,4.999255,5.009848,6.159378,4.044418,5.863113,4.386836,6.250443,6.312738,4.3824445,5.802051,-1.436112,,1.032001,1.06133,2.465805,4.248986,1.862195,4.490758,5.28479,6.196548,2.353762,6.02488,2.351311,5.706024,5.095389,0.476985,5.438015,5.877965,5.400389,5.134118,1.888286,3.983525,4.51677,4.187816,2.672326,1.386251,5.039265,4.935495,1.192539,,3.550249,4.386539,5.887635,4.577798,5.608038,3.912743,3.993239,5.602129,5.293558,-1.062641,4.779902,5.189018,4.928674,2.654051,4.735153,5.179401,2.784545,2.902001,4.7013955,,4.080202,6.281047,4.511332,,4.565527,4.09586,5.523262,5.722384,2.303453,5.917826,4.441622,6.076436,2.38121,4.159968,5.397181,2.621338,5.9136,6.312738,4.5895115,4.239316,2.756258,1.507498,5.3568,4.00582,4.204016,6.123984,3.69856,5.939251,5.972455,5.012806,4.94712,1.525451,6.673931,1.492795,-1.174961,4.748912,6.306135,3.367169,4.668879,5.267078
TE-1,7.27853,4.853039,5.302846,,5.250402,7.326838,6.094727,1.0888,1.775397,0.283996,7.003244,4.563118,1.4705320000000002,6.411641,9.181525,-4.288151,-1.382275,-2.280862,-1.201606,-2.834477,3.887395,3.625949,4.5535545,-3.885521,1.595705,9.628391,-0.264673,2.158853,-4.1238425,6.038302,5.479365,0.313871,2.335842,3.609051,6.224469,-4.852131,,3.016577,0.624224,-3.661245,-1.083583,,3.609597,1.313333,,5.301556,3.838199,3.897598,3.660757,6.846061,-1.028221,4.718857,-0.188136,-1.878779,1.69728,5.526197,-5.632217,4.8554135,,3.806469,3.767362,-1.459171,,1.587482,0.946521,,5.269754000000001,3.104963,5.115941,5.86316,5.258886,1.221076,5.154998,,,2.618898,0.914465,-0.407754,-4.848447,1.88511,3.585539,-2.353778,6.312806,,1.72921,4.672617,5.619137,3.406515,5.067591,2.997402,4.248282,6.269404,2.525728,6.226124,1.256343,,0.953113,0.172872,0.840034,3.478028,1.169642,5.379792,5.345042,6.262286,1.74895,6.146475,0.58934,3.295005,3.083775,0.232031,4.091078,5.700044,5.138492,3.655067,2.700574,2.211687,6.221414,3.439682,5.170069,3.608062,3.420398,5.655007,1.344191,,1.351601,5.211274,6.012762,4.664759,5.323145,4.878746,5.070224,5.559921,4.214777,-1.663962,4.640599,6.214819,3.703185,2.299606,4.298833,6.005521,1.599844,2.245977,5.322787,,2.162082,6.618764,4.862795,,3.654313,4.402917,5.91256,5.528541,3.078344,5.991818,6.081325,5.033824,4.772547,4.0044,5.339629,2.909569,6.155894,6.274197,4.949202,5.632939,0.541793,3.344679,4.608107,5.266458,5.356338,5.514616,1.946134,6.008798,5.577871,5.542865,3.91388,3.356171,6.564806,0.415902,-3.567623,5.581049,6.274197,3.161281,3.094686,3.196833
TE-10,6.507918,4.609261,,4.924745,5.312961,3.563165,7.287961,,2.947959,1.592297,6.009709,,,,8.564557,,-3.215453,-5.509801,-0.207186,-3.22717,1.154812,,3.023445,-3.638873,2.539213,8.769744,1.725573,1.854405,-5.900041,3.590865,5.100377,2.973823,3.299222,2.440558,5.22319,-4.860339,4.893693,,,-5.397152,-1.324875,1.907836,2.657826,,2.657982,,3.324075,2.478548,5.323689,,-0.995358,4.443817,-2.370416,-4.866969,2.563916,4.330228,,,2.319535,,3.252013,-1.202571,2.782674,0.615823,1.283761,4.798741,2.856211,2.778894,1.97579,3.790318,3.458378,2.178219,0.591081,4.50534,3.033994,2.404143,0.981224,0.247459,-2.881086,4.005872,2.100945,-3.893284,4.214388,,2.195483,3.739777,3.544815,2.187066,2.455914,4.583786,4.307251,5.317472,2.97118,4.88738,-2.014689,2.75277,0.836668,,1.525439,,1.28361,5.608716,4.02132,4.436902,1.497571,4.899371,2.16714,4.861937,3.097885,-0.235118,2.072674,1.879158,3.303238,2.876853,2.757694,0.258127,5.32603,3.475761,,,4.116917,5.265819,1.161739,3.945781,2.355176,2.598567,4.668394,2.688054,,1.528991,,4.259392,1.312433,-2.738126,4.778368,2.551663,,1.776532,3.934669,1.709389,0.688215,3.997929,4.012769,3.920494,3.402126,3.541185,4.623613,2.003811,4.692912,2.102276,5.32603,4.866305,1.027952,5.318628,4.436176,,1.319671,1.95905,3.208148,2.999544,4.797479,,2.550333,3.250417,1.078941,,5.323961,,,,1.890495,5.312673,4.866837,2.294746,,2.611602,,2.170574,-3.487641,4.863851,4.402271,2.829026,2.009139,1.774369
TE-11,,2.043437,,4.595558,5.037996,2.977346,4.513587,,2.648798,1.669658,5.681815,,,,,,-3.193444,-6.28171,-1.160225,-3.716254,-0.221992,,2.735411,-3.10273,0.993282,,-1.195304,2.685719,-7.098229,4.924045,5.03361,1.103703,0.446789,2.568847,4.920851,-4.589804,3.47929,,,-6.444341,-0.823917,2.004432,2.318018,,2.413912,,1.776888,2.056703,5.03777,,-0.849409,5.037996,-1.806008,-5.176611,1.016037,3.03256,,,-1.577401,,0.808662,-1.768413,1.14512,2.159176,-0.05187,1.589542,4.001236,-0.032651,2.073637,4.565618,4.189787,1.416748,-0.471883,5.077143,1.686777,1.48853,0.585587,-0.528316,-3.182716,1.648539,1.303817,-3.068515,4.63708,,0.771508,2.484126,3.968963,1.139446,1.226142,2.836751,2.186854,5.037996,2.299443,4.018993,-1.749548,1.666243,0.253863,,0.225821,,0.641968,4.708406,2.656647,3.181608,-2.884002,4.985849,-2.266361,2.573817,0.966751,-0.01845,1.578893,1.318003,4.243924,2.367476,3.347356,-0.075261,2.882889,2.546118,,,4.699788,4.681186,-0.495355,2.378025,1.754353,1.40581,4.522665,3.510916,,1.988505,,2.673847,-0.883625,-3.919311,3.498118,1.160802,,3.228786,3.747894,1.96508,-1.577593,2.920456,2.075469,3.325032,2.089464,4.611931,2.164982,2.09459,4.785075,0.68293,5.037996,3.67111,2.494811,4.104082,3.870325,,2.558177,2.271508,3.776799,3.090172,4.058329,,2.10776,3.411509,0.008085,,4.921624,,,,0.979841,5.292207,4.697063,2.420803,,3.070909,,0.069558,-3.566896,4.344849,3.044334,2.184277,1.33175,0.976139
TE-4,7.117532,2.942274,3.543152,,4.340587,5.767931,4.395643,1.492041,1.3582,1.432268,5.804373,2.152667,3.1813825,3.837741,9.244155,-5.861999,-1.152049,-1.77166,-0.679947,-2.999703,4.337429,3.623459,2.96171,-4.005346,1.397692,8.438965,0.204716,-1.609831,-5.303526,4.83819,5.170782,1.64431,-1.37362,2.157966,5.050307,-4.824222,,3.871179,2.488535,-3.131332,-0.632349,,3.602107,5.842729,,3.324769,3.185759,2.318432,3.94898,5.099899,2.065962,2.840054,-1.518878,-4.704244,2.296822,3.570814,-5.43822,4.4944485,,3.786793,3.594924,-1.422422,,2.757258,0.711231,,5.844177500000001,3.0064,2.750155,4.551638,3.835803,3.384187,4.402818,,,3.9499060000000004,-3.306853,-0.172948,-2.376414,3.097521,2.226808,-3.249586,4.313711,,-0.549021,4.0738,5.026214,3.516507,2.755598,3.828132,5.219748,5.233032,2.759846,4.557813,-0.145052,,0.776988,2.073153,1.344809,1.242343,0.869282,3.988838,5.158306,4.703412,3.38637,3.913357,5.233032,2.769733,-1.71278,0.079964,2.434212,5.23198,5.259654,2.283273,3.212664,1.953116,4.329204,2.316366,3.106536,0.689748,2.718155,5.211718,1.831366,,0.695988,3.822242,3.536157,3.623594,4.188976,2.742561,3.147369,5.411423,4.147028,-3.218953,2.857964,5.16053,5.510333,2.239024,1.744898,5.228201,0.302025,1.367583,2.171321,,3.413554,5.816213,4.429104,,4.208331,3.086497,3.953485,5.109213,1.139373,5.345766,4.511,5.490875,1.654722,4.226667,3.628306,2.113307,4.951352,4.95215,3.2865695,4.266174,-1.707318,2.899163,4.618018,3.177333,4.662999,4.660636,3.134394,5.134192,5.17976,5.23143,1.836796,3.66904,5.713414,3.830597,-2.335286,3.894504,5.17849,3.806791,4.084354,4.611325
TE-5,8.283455,4.166283,5.751879,,5.43612,5.357449,5.918834,2.217419,5.447797,3.3081,7.336725,1.282572,6.562473,2.508011,9.968867,-2.656088,-2.5565,-1.748999,-0.647703,-1.753372,-1.608506,4.480608,4.980926999999999,-4.58023,4.002386,9.202991,2.070987,1.472851,-3.1824605,5.98988,5.891296,3.25185,4.127608,2.699289,5.939763,-4.338013,,0.932037,1.131951,-2.9852524999999996,-1.409224,,4.320655,6.089117,,4.948825,4.199699,3.203871,3.964898,6.781613,1.6012,5.899681,-1.19817,-2.68787,4.472224,4.455545,-4.340678,5.2969365,,3.159604,4.956467,0.236684,-2.851808,0.241506,2.85255,,4.264219000000001,3.880852,4.250687,5.415432,4.439747,2.875543,2.846,,,4.7672885,1.753126,1.166593,-3.723687,2.774239,4.322807,-0.985814,5.760676,3.214129,3.705749,4.841739,6.034746,4.463603,3.440205,5.172136,6.065609,6.090046,2.7694965,5.195766,-1.906397,,1.135387,1.115586,1.072394,3.224886,1.006399,5.824825,5.688567,5.226105,4.69002,5.426443,6.090046,3.134125,5.047217,1.846536,3.352759,5.005298,5.442624,2.782394,3.613493,4.191564,5.402513,3.352693,2.126481,-0.728354,5.080591,5.984052,3.441656,,2.909718,3.990049,6.090046,3.409494,5.248414,4.796437,3.195613,6.058993,3.868734,-2.910846,4.079318,3.127495,6.077172,2.189371,2.961085,5.680692,0.472935,3.651606,2.5472330000000003,,3.448826,7.034128,4.180397,,5.196827,2.830179,4.385147,5.210982,2.5519,5.936077,4.40266,5.944205,5.040274,4.124047,4.339106,3.693024,6.065189,6.090046,4.5519625,4.717708,1.775119,2.988351,4.497241,4.177011,5.456192,5.4659,3.200603,5.525647,4.268944,3.735143,5.99223,0.401457,5.573948,4.166974,0.853252,5.369774,4.654904,3.370052,3.655757,5.290417
TE-6,7.834299,4.499277,2.965931,,5.301257,4.424656,4.769619,2.61943,4.239198,1.755161,6.713367,4.295227,1.085729,1.995295,10.68312,-3.034838,1.317336,-2.058376,-0.073078,-3.090387,0.795011,2.340333,3.8417125,-0.909454,-0.170538,8.78347,1.30012,0.858194,-2.8336645000000003,6.027155,6.176555,-0.294853,0.961254,2.322013,5.446932,-3.203545,,0.879237,2.727892,-3.4309054999999997,-0.666349,,3.488866,6.266346,,1.97254,2.769924,1.886415,3.239758,6.784162,0.498827,5.956051,-5.086214,-2.440519,2.418255,4.759496,-4.229462,3.8680045000000005,,4.431316,4.222412,-0.826603,,-0.024761,2.222615,,5.531267,5.90437,2.757985,5.844285,4.855304,1.866546,2.55517,,,4.4798265,-2.366154,0.676856,-3.027624,1.792707,2.946905,-3.149104,5.853606,,0.791044,4.136054,5.815778,4.671981,3.444645,4.240557,5.691858,6.193639,3.5604605,5.675499,-2.366815,,0.201159,0.38253,-0.790522,1.985956,-0.092332,5.070557,4.741637,4.076442,2.346388,6.129512,3.864088,1.706124,0.902954,0.623712,2.540711,3.449788,4.788094,1.029105,4.411284,2.92782,5.169696,2.163672,1.376011,-1.582966,3.500901,6.111563,1.31551,,2.578179,3.450732,4.386952,4.592083,4.991699,4.480596,1.853778,5.556679,1.289187,-3.428822,4.30658,3.270807,4.969439,0.798597,2.515453,4.798329,-1.106381,1.783996,0.7709060000000001,,2.045656,4.871125,3.646803,,5.940383,1.6221,4.752228,4.508356,3.152434,6.350265,4.341157,5.700812,4.698011,4.209538,4.460961,2.444372,6.510283,6.201521,4.9125250000000005,3.322796,-0.850715,3.05375,6.154226,3.115719,4.826901,5.08265,0.590257,6.094203,4.640223,4.146403,4.873166,3.372588,5.798452,1.858204,-2.126302,5.13688,6.016038,6.068335,2.69179,2.371067
TE-8,8.52511,2.650913,4.688606,,5.380548,5.016989,6.074031,1.89532,1.757076,0.283044,7.217245,2.153559,-0.531255,4.503944,9.218404,-4.364704,-1.706924,-3.04106,-0.686556,-4.476694,-0.641699,4.169828,3.877325,-2.926625,2.642132,8.577786,-0.637794,2.502846,-5.207993500000001,6.073279,5.76433,2.646309,3.630655,3.781298,6.121655,-5.018488,,,0.053261,-3.5779924999999997,-1.707293,,3.582634,6.7711,,3.143044,3.434408,3.25251,3.649413,6.631253,-1.71624,5.797646,,,2.438332,4.201126,-5.919581,3.820881,,4.403338,3.381482,-0.37336,,1.004548,0.831609,,4.849569499999999,3.478687,4.785964,4.693479,3.53492,1.510805,2.294619,,,4.0176359999999995,1.710174,-0.488217,-4.134538,2.093674,4.64236,-2.954218,6.165589,1.270126,2.648213,3.998992,6.056039,2.363586,,4.051096,6.104206,6.070137,3.1323280000000002,5.055893,0.57862,,1.067868,0.74874,2.435129,2.225561,1.200878,4.444817,4.445863,5.053605,1.700476,4.521149,2.02988,3.744809,3.725302,-0.588511,2.993402,,5.625933,3.72665,1.967947,0.656048,5.635197,1.655679,3.606021,0.825645,4.953532,5.269694,0.365776,,1.557655,3.060274,2.980106,3.751542,5.237818,2.36348,2.80739,4.636187,1.921949,-3.56962,5.353595,3.373472,1.865481,1.834704,3.635334,,1.417252,1.559154,3.069117,,2.928669,4.28056,3.452006,,4.083937,3.426355,5.529714,5.656689,2.73928,6.305812,4.254896,6.075318,3.456927,2.896112,4.993309,3.792449,4.846164,6.121655,4.342646,4.170356,1.858207,2.967613,3.700942,5.073433,4.571011,5.291092,1.824484,5.331082,4.570059,,3.599646,4.743963,5.44282,0.424463,-2.613653,5.411865,4.407534,3.562943,,3.741476
TE-9,8.003864,4.260581,4.058183,,4.921559,6.026621,6.529364,1.707552,5.392918,2.21337,6.719195,2.906194,0.780824,3.286957,10.3966,-3.889109,-0.920749,-4.368061,-0.184926,-2.530093,0.826441,3.863987,3.2151170000000002,-2.926909,3.802831,7.914721,2.163603,2.807034,-5.2407655,5.178278,5.508288,2.156975,3.830524,2.890506,5.156699,-5.345313,,1.962364,0.602392,-2.8507125,-1.439048,,3.982878,6.164612,,2.074332,3.449932,2.849394,2.840678,6.291226,1.226712,4.608312,-0.626344,-4.023013,3.14609,5.11617,-5.183077,5.4161585,,3.28297,3.600056,-0.390662,-4.509079,2.338734,3.192647,,5.4444105,4.802614,4.353584,4.394901,0.823849,2.660478,4.338609,,,4.873905,2.31036,-0.082927,-3.039436,0.359823,3.974506,0.08029,5.478192,2.382904,3.767799,4.800508,4.579535,4.031263,2.99582,4.161477,5.403125,5.597707,4.603446,5.544155,0.542067,,1.084142,1.070148,2.252446,1.839295,1.890348,3.659689,4.389003,4.895109,3.058683,5.362367,4.05557,3.864451,3.31557,0.676862,4.016294,3.787481,5.000569,4.193365,2.51172,1.680386,5.466388,2.828011,1.880123,2.187569,3.780227,5.594791,0.637616,,3.357991,3.878403,5.031889,3.988641,4.737062,3.563135,3.627612,5.057135,4.852323,-3.050184,3.672917,4.223202,4.297153,1.370836,4.230386,5.150856,1.853543,3.010757,3.45915,,4.48869,6.434342,3.151215,,3.333729,3.288237,4.809157,4.820946,1.131807,5.91371,3.919624,4.469076,4.287441,3.628117,4.11878,3.255927,5.598079,5.598079,4.161634,4.13153,0.913619,2.907781,4.164206,3.695638,5.565739,4.353236,2.746912,5.579059,5.4386,4.441289,2.855052,2.054338,6.189697,1.509707,-3.149324,4.364099,5.360595,3.376283,2.710604,5.080318
THP-1,,3.526679,,3.960462,4.710616,1.49454,4.607001,,1.276932,0.562518,4.716502,,,,,,-2.706662,-3.113149,-2.53238,-2.715707,-4.150028,,2.834337,-3.943613,3.07243,,-0.424162,2.406583,-4.043345,4.71199,5.139924,4.498731,4.164004,1.9273,5.116778,-5.394377,4.209778,,,-4.649887,-1.421507,1.564663,3.01823,,3.700744,,1.676275,2.588797,4.316317,,2.482088,4.359234,-1.295271,-3.733122,2.545542,2.146561,,,0.801251,,2.189476,0.417023,-5.976173,1.631436,-0.094138,5.139924,2.006861,3.445742,1.56882,4.632042,4.387572,1.972528,-1.508054,5.139924,3.571381,0.653141,0.624336,-1.249123,-3.597473,1.237915,1.502569,-0.784914,5.095443,,4.442906,2.658089,4.684217,2.524496,1.421461,4.409653,4.313793,5.106244,1.042722,5.139924,-1.183145,3.100271,0.692403,,-1.777224,,0.475578,4.06648,5.139086,4.68209,2.724759,4.941214,3.04056,1.946349,3.973688,0.067335,0.666489,1.87327,2.232139,1.018146,1.451568,1.511427,4.018901,1.496793,,,3.366183,2.967013,1.005224,1.574166,1.608029,1.212896,3.608956,2.417043,,0.643061,,3.006999,-1.001118,-3.795317,3.076986,0.238128,,0.727744,1.388235,2.153307,0.368598,3.559901,1.680383,3.112213,1.260164,3.08961,3.007796,2.040493,3.349651,1.443472,4.435565,4.143973,1.481862,4.745166,3.273764,,0.90673,4.426049,3.835835,2.825416,2.005434,,2.577151,1.774105,0.562945,,4.389878,,,,1.534813,5.078778,1.706084,4.036007,,1.692229,,2.969744,-3.106668,4.239166,2.064409,0.941727,2.62492,2.721355
TOV-112D,7.677553,3.81938,-0.578442,,5.269193,5.229544,4.870783,-2.101296,3.401252,1.521417,6.148179,-0.66709,2.425632,2.256728,9.687957,-5.673951,-3.859736,-4.51546,-2.560459,-2.118975,-4.186755,3.06728,3.0354665,-5.55376,2.672678,9.308944,-0.696917,-1.620697,-4.828275,5.268984,5.260913,2.338645,3.131106,1.61455,5.088893,-3.823022,,0.496577,-1.983034,-4.2781725,-0.867168,,3.439311,3.573894,,1.867931,2.923362,2.86791,4.098561,5.861035,3.434519,3.974687,-3.470934,-4.393146,2.087438,1.874168,-5.614303,1.2900605,,1.91346,2.613661,-0.80098,,-0.304922,2.050913,,4.3555575,2.587453,2.96101,4.877187,4.226375,1.728596,2.197378,,,4.983077,2.178089,0.060158,-5.423918,3.423877,2.469805,-3.429106,4.874972,,4.367873,2.552545,4.63038,3.34867,2.63489,4.229234,4.920652,5.270752,2.1821185,4.118394,-2.115204,,0.286504,-0.332466,-0.299398,1.474776,2.125087,4.0047,4.12635,4.946427,-0.412991,4.582508,1.928119,5.271149,3.700947,0.83349,2.26136,3.896701,3.217078,4.564483,2.862137,1.690444,3.933261,3.255728,0.64557,-0.738191,3.044688,5.147587,1.213001,,2.182056,3.168321,4.787286,2.927721,4.285682,3.758511,4.057703,4.450602,2.243991,-4.101466,3.965135,2.944143,3.500008,2.601861,2.340973,2.925764,3.446168,1.416896,4.4987770000000005,,4.775707,4.206899,2.812472,,4.533599,4.211182,4.021211,5.043587,2.268513,5.301745,3.424669,4.771094,2.983938,2.376948,3.780897,2.77118,5.027599,5.193967,3.838203,4.646545,1.066486,1.970192,3.738441,3.509481,5.121307,5.149826,2.019272,5.213634,4.184728,4.522707,2.287073,0.443304,4.78609,3.103808,-1.915475,4.570848,3.371093,0.319393,2.45034,2.801798
TT2609-C02,8.598288,4.490064,7.54975,,7.189176,8.545843,5.122022,-0.566772,3.47934,3.022198,8.212706,3.088391,7.7096725,5.776329,9.664418,1.286418,-1.959418,0.344664,-1.105439,-2.524285,3.19833,5.074584,5.7618495,-2.927774,5.3162,11.246605,0.235035,-0.858034,-1.2862395000000002,6.119785,5.052074,4.674364,6.865666,5.203575,7.252419,-2.44606,,5.893081,0.658981,-1.864858,-0.704748,,5.570455,5.129182,,5.70116,3.633747,4.57615,4.804679,7.770875,5.65853,6.896816,-1.001319,1.307234,4.524831,4.490025,-3.937556,3.2166635,,6.071949,3.696998,0.773496,,2.549721,-0.711575,,6.886843000000001,6.153606,4.729741,6.082113,6.559272,5.430109,2.892778,,,2.303877,2.649632,1.299629,-3.945174,3.777384,5.160163,1.03049,7.053147,,7.022826,5.920847,6.601285,4.123669,5.871792,6.790496,5.669468,7.252419,2.7936620000000003,7.114439,1.08336,,2.41123,2.059849,0.483177,5.592851,3.572154,5.066442,7.026321,6.659333,2.941592,5.921857,3.706013,5.893817,7.209097,1.84801,1.57815,5.014421,5.002921,6.318814,3.968472,5.191517,5.827736,5.766623,3.11946,1.818076,6.922371,7.14722,2.834181,,1.303538,4.100102,5.99379,5.023191,6.544541,4.900771,5.786278,7.621815,3.503986,0.122504,5.290587,3.260239,6.105987,3.614123,6.332209,6.8763,5.095913,3.49103,6.2884335,,5.437797,7.635191,4.754153,,6.074286,6.730868,7.05716,7.308158,3.363467,7.387755,5.945675,7.138001,6.131829,6.01963,6.261156,2.886787,7.08364,7.14558,5.364141,4.070424,3.496907,3.402897,5.380336,6.092643,6.344677,6.416285,4.524415,7.232067,5.52425,6.914898,7.103285,5.392821,6.598819,3.251872,-0.770552,5.480663,5.127646,2.414491,5.706868,5.649048
U-118 MG,8.34967,6.509646,3.768755,,4.896072,6.677253,5.160844,1.384449,2.954214,2.100602,7.726364,0.413384,6.7864605000000005,2.490461,10.090485,-2.550338,-3.354018,-0.754336,-0.572911,-1.034814,-2.54669,4.900613,5.218055,-3.859903,3.650422,10.221497,0.42108,3.488761,-2.4143559999999997,6.641264,6.050569,2.98794,5.151555,2.545342,6.204442,-5.211583,,2.649001,0.953932,-3.4516725,-1.510518,,3.714185,-0.133794,,4.282743,4.585281,4.052887,4.293905,7.034623,0.911141,5.480551,-2.558657,-2.062321,4.888271,3.779722,-5.045883,2.375331,,2.814213,4.30149,-0.640698,,-1.514441,2.301887,,5.29529,5.394805,4.059839,4.162828,5.804264,2.177514,3.742682,,,4.514713,2.998666,0.866277,-4.367023,0.595814,2.822131,0.642351,5.896184,,6.850232,5.640096,6.032749,4.541953,5.449667,6.390415,6.424252,6.533577,3.41851,5.583592,-1.938556,,0.960275,0.457664,-0.038257,2.64141,1.648196,3.956665,5.198356,5.715518,2.324497,6.389509,2.451474,3.211507,6.394768,3.23785,4.304627,3.861233,5.115541,4.031931,2.160982,2.560819,5.671274,1.585615,1.770003,0.366573,5.785833,6.39634,0.73638,,3.138217,4.159662,5.968511,4.889509,6.572434,3.498798,3.877087,6.115392,5.715007,-1.580937,4.75127,3.97918,3.898834,3.334941,3.725547,5.030187,2.93298,2.549861,3.1458195,,2.392571,3.453077,4.432373,,3.682734,5.961506,5.797818,6.354705,2.689114,6.739137,6.120298,6.253071,5.605016,4.6046,6.49934,1.466805,5.402085,6.151034,4.3623985,5.90226,1.796025,2.106481,5.873911,4.788192,5.695179,5.395704,2.610341,5.969229,4.476856,5.685382,6.533577,4.263095,6.807004,2.502831,-3.323549,5.179245,6.472767,1.806472,2.882185,4.882458
U-2 OS,8.384679,1.904546,7.73642,5.003764,5.996469,4.626389,5.776407,1.106495,1.308124,1.517507,6.681995,2.462075,5.009387500000001,3.902138,10.734159,-3.706401,0.945356,-2.857825,-0.504501,-3.771218,3.397103,4.957254,3.8355900000000003,0.734554,4.413902,9.688483,-0.746402,,-2.9942915,5.942693,6.49245,4.252514,5.192953,2.740231,6.438104,-4.106244,6.601462,2.105575,0.927708,-3.0880885,-0.839727,4.311796,4.428097,5.269413,3.751049,4.165407,2.994532,3.492638,4.403849,6.797753,2.108178,6.766251,-0.5475,-2.512881,3.959773,3.687157,-5.34563,3.7700214999999995,2.727671,5.436399,3.40459,-0.900496,-4.979336,2.380467,0.136311,5.60856,5.282383,4.035953,2.752347,5.551019,4.193174,1.427912,2.747251,6.97096,2.599311,3.387213,2.673337,-0.842312,-5.233213,2.91492,4.101139,-0.79124,4.195862,1.765181,5.330061,4.301933,5.021562,3.037843,1.609517,3.79123,6.151457,6.956385,2.8635919999999997,6.613245,-0.673124,2.973292,1.616307,1.131554,0.96302,3.082096,1.845222,4.496629,5.264454,5.840058,2.413103,5.313118,2.949171,3.942407,4.238479,0.415861,1.134911,3.940359,5.581491,3.58364,3.962825,1.857506,4.912303,3.151283,2.354865,1.445304,4.003003,6.141677,0.956758,4.725263,0.493689,3.089633,5.451995,5.331408,5.482171,1.494312,5.421785,5.231235,3.411693,-3.450885,3.939346,3.221371,2.59694,2.287474,4.506361,4.550093,3.453518,1.506393,4.119818,3.652125,3.994948,6.26739,3.679146,3.800909,4.799545,3.950921,5.088684,6.12968,2.844904,6.719232,3.777436,6.430983,3.230119,3.204659,4.142411,3.722233,5.674719,6.371001,4.770719,4.340567,1.992522,3.036503,4.327154,3.916774,4.813226,5.335271,3.498671,6.224437,4.578484,5.049639,5.896289,3.452223,5.720588,1.528598,-3.065916,6.240069,4.335491,4.737999,3.061672,3.595183
U-251 MG,6.523881,4.529325,6.049532,,5.904179,6.302606,6.824451,-1.740418,2.990607,1.964117,7.292614,3.665212,6.849769,1.920653,9.232133,-4.506894,-3.494947,-1.639515,-1.394352,-2.413017,-1.655709,4.116157,3.6847615,-5.364523,4.122039,9.905037,2.257345,-0.172254,-3.9372724999999997,5.955819,5.259739,2.756259,5.085988,2.619107,5.948096,-4.471309,,0.617945,-0.359281,-4.2991255,-1.083669,,4.19941,5.739601,,2.147715,4.114213,3.213274,3.801516,6.515159,4.201788,6.019303,-0.531061,-3.823485,4.406306,3.386284,-6.248223,2.3059715,,2.751006,3.319499,-0.540805,,2.111287,1.38393,,5.430128,2.763771,4.582511,5.789531,4.916289,2.292392,2.719229,,,4.7651129999999995,3.11487,1.953768,-6.073692,3.631938,4.465621,-1.222417,5.816766,,6.230134,4.467646,5.026564,4.772465,3.69252,5.383967,5.293853,5.919547,2.7434089999999998,5.843836,0.064033,,1.578008,-0.080992,0.302987,3.074939,3.576407,4.397692,5.226313,5.86895,2.437338,5.543445,3.908772,3.754994,5.856458,1.41325,4.249463,5.754688,5.868459,4.733616,4.236914,4.142967,5.465285,3.211631,3.344946,0.954711,3.36416,5.79587,1.90512,,2.730982,3.871432,5.096866,4.288115,5.101549,3.745459,3.542344,4.855584,2.35632,-1.824531,4.759369,3.332942,3.85482,2.84061,5.538064,5.377526,3.435474,2.30064,3.4883165,,4.779105,7.060955,4.340549,,4.011952,5.046674,5.647332,6.110354,1.372812,4.904085,4.944144,5.412332,4.994621,5.173981,4.907399,2.728644,5.638396,6.006827,4.3171610000000005,5.38497,2.841872,3.480313,5.634494,5.123723,5.636429,5.958313,2.736401,5.895675,6.007486,5.685414,4.311464,4.650605,5.769915,3.634147,-2.050144,5.326155,4.80012,4.120646,2.257097,3.585607
U-87 MG,8.565265,5.242934,4.458976,,5.022705,5.044132,5.896342,0.208171,3.354437,3.05204,7.255024,1.034213,5.8308789999999995,2.252959,9.284935,-1.456244,-2.45087,-0.80046,-1.294607,-1.616405,-1.366848,4.168593,4.5267115,-3.380089,3.433403,,,1.973843,-0.8124299999999999,5.610076,5.26485,2.449452,5.478952,3.275768,,-4.2665,,1.551414,0.03737,-3.4626685000000004,-0.990942,,4.116486,6.732245,,4.333694,3.794232,2.722356,4.407335,6.800442,4.516399,5.973506,-3.185362,-1.960678,,3.423586,-4.483436,4.043779,,3.203939,3.981217,,,,0.934837,,5.7552395,,3.755138,5.050836,,1.843427,3.347032,,,5.949792,3.704185,1.663952,-2.603741,4.757139,,,3.342696,,4.166286,,5.238418,3.218707,3.619962,6.020522,6.072557,,3.0193395,,-1.257377,,1.03578,0.713447,2.09226,2.979067,1.024853,4.581308,5.297566,4.555929,2.293219,,,3.324591,4.422249,2.815539,2.833489,6.043092,3.567826,3.228937,4.864073,2.935948,4.073111,3.07399,3.606929,-0.515639,4.763683,5.593412,0.957609,,,3.912964,5.455057,3.830283,5.414148,4.090223,4.892724,,,-2.602771,4.040357,3.283209,4.881723,2.780598,3.7509,4.238303,1.520428,1.227924,3.305231,,2.598022,5.483356,3.608516,,4.547302,3.698816,5.814602,5.606673,3.02132,4.994921,4.025429,5.952513,5.042927,3.877072,4.729724,2.324788,4.851068,,3.6997935,3.032111,2.304401,1.112284,3.726715,3.521745,4.434476,5.682995,2.494588,5.265838,5.911114,5.282286,3.056199,1.267251,5.793821,3.254511,-2.806001,,4.682681,3.555476,3.338924,5.892673
UACC-257,6.924382,4.531785,7.353082,,6.075653,7.324171,5.209978,5.091641,2.432406,1.669317,7.792627,3.321237,6.785148,4.412176,10.745114,-1.528616,0.159259,-1.278789,-0.47662,-0.522492,2.906549,4.566948,4.5448854999999995,-1.530194,4.24903,9.377059,2.126018,-1.904831,0.2181614999999999,6.45707,5.445441,2.892725,6.038283,2.96854,6.47162,-4.314866,,3.794593,3.311649,-2.210691,-1.134931,,3.452851,6.226599,,2.595961,3.482233,4.030707,4.233384,6.877344,3.864017,6.458546,0.255437,1.176751,4.416965,3.662256,-4.912904,4.831383499999999,,4.537848,4.183963,1.621481,,3.500109,-2.754955,,6.528302,3.724953,5.47939,5.276668,4.378328,2.555173,5.427032,,,-0.0137525,2.885416,3.59635,-6.065224,3.189833,5.501473,2.978175,4.686175,,5.846864,5.239738,5.710036,2.696533,1.727747,4.972225,6.072182,6.470179,0.4342805,5.626072,-0.158868,,1.94503,0.952418,3.121969,3.859625,2.053056,4.779146,1.773297,6.433691,3.524267,6.155214,4.659821,5.644781,6.043915,4.20117,-0.305943,5.646642,6.306214,3.486352,5.42898,5.968178,6.101426,4.695824,3.150399,1.48265,5.818048,6.291673,1.405025,,-1.422913,4.504077,-0.027801,4.237508,5.667589,5.276373,5.260502,4.879109,4.880955,-1.422079,4.7644,5.47028,5.892281,3.09456,2.374544,5.98551,3.727131,3.072527,4.3136725,,4.946105,7.097839,4.839703,,5.307699,5.682335,5.942341,6.21214,3.266612,6.271236,4.911748,6.425925,5.117302,6.111222,4.945446,3.264918,5.501665,6.463708,3.720167,4.799535,3.458455,2.319396,2.444017,4.968158,6.013931,4.460594,4.248954,6.33178,6.459243,6.008545,6.440898,5.142764,6.948592,3.604496,0.797141,0.576924,6.165531,4.78081,3.159054,6.413113
UACC-812,8.778539,4.228794,,,5.642684,3.474033,,,,1.608187,7.846245,4.872851,,3.758458,11.504569,-1.461591,-2.131015,-3.42911,-0.33296,-1.606057,2.24165,,3.106461,-2.46132,3.741392,9.671128,4.49653,,-3.234357,,,5.073132,1.019063,2.107937,6.280147,-4.524752,,3.722575,,-2.772328,-1.200975,,5.047444,,,2.543466,2.58421,,3.938419,,2.402879,,-1.094955,-1.705646,4.064174,3.880804,,5.414009,,3.514594,3.613185,2.675631,-0.436381,-0.402776,4.307072,,4.295673,4.831261,,5.828911,4.428617,2.147408,,,,4.651195,1.022805,3.387041,-4.595155,4.409382,5.269917,3.365372,3.151976,2.767105,1.293105,4.267005,,4.672665,4.861233,6.502852,,6.285333,3.982177,4.455326,-0.462477,,1.51605,,2.89659,,0.259944,4.930557,4.297293,,,5.154257,6.285333,3.328579,,2.840085,5.623427,3.129916,,1.807033,1.957108,,,2.999925,,-0.553963,,,2.210878,,4.349772,,5.625608,1.947927,4.891118,5.55439,,6.701763,6.275062,,4.179529,,,3.966896,,6.277532,1.046608,4.328457,4.660361,,2.185785,,,,4.668573,2.513465,5.602453,6.274073,2.424254,6.531185,,,,,,4.401394,6.175574,6.193325,6.703101,5.360015,-0.059372,,,,,5.072528,3.97254,,5.627591,6.210896,,2.295779,,5.404279,-2.739575,4.188482,,1.956638,3.094993,
UACC-893,,4.593037,,5.385928,5.703934,5.636991,5.858408,,1.708691,1.301703,7.09018,,,,,,-0.382536,-1.826967,0.450359,-2.23266,4.861422,,3.450099,-0.202878,2.767898,,1.117029,1.853864,-3.855187,4.084486,6.322451,1.955808,-0.632843,1.49751,5.288452,-3.149517,4.536733,,,-4.309389,0.945228,2.367483,2.281483,,4.400189,,2.918103,2.849702,5.666084,,3.722497,6.218501,-2.428678,-1.404998,2.741025,3.675476,,,4.754691,3.317903,4.444748,-1.746452,3.272298,-0.518789,0.120981,4.691601,5.658498,3.913812,5.249681,5.523744,4.712719,3.404071,3.867508,5.743307,4.233775,2.082387,-3.093675,1.68165,-2.983923,2.782887,4.03159,0.216406,5.255445,,0.055501,4.660149,4.755206,5.663786,2.828393,4.882258,3.791977,5.571402,1.5603945,4.432313,-2.403398,2.582386,1.231934,,2.987827,,-0.582839,4.124962,3.455656,4.286925,5.245878,4.020017,5.652363,0.580508,-2.696958,2.888206,1.670121,2.344627,5.511583,-0.425437,2.411072,5.482407,5.708249,-0.292589,,-1.946452,2.232595,5.717602,2.975226,0.907466,0.978738,3.82296,6.071378,4.38423,,3.120871,,4.562324,4.014077,-1.985847,3.274527,4.834558,,2.857455,3.379195,4.617311,-2.45445,5.730489,-0.592756,2.375495,2.892059,6.23283,3.867647,2.747575,3.816828,0.355399,5.74054,4.80147,1.071992,5.256116,3.771455,,5.05016,4.287427,3.021829,3.440722,5.831566,,3.7184055000000003,5.743307,-1.606152,,5.732792,,,,2.157006,5.743307,5.686968,3.633289,,0.641056,,5.135736,-3.037686,4.928487,4.430986,4.738483,4.096703,3.338991
UM-UC-3,8.020997,5.362734,,,5.053154,5.705163,,,,2.880868,7.209516,2.582366,,1.331197,10.662531,-4.095587,-3.731846,-3.760428,-1.11081,-2.347974,-2.914738,,2.410781,-0.897189,3.954608,9.675286,2.765145,0.69977,-4.119967,5.701346,5.281888,4.054492,5.133354,2.536308,5.735298,-4.122126,,1.66911,,-4.731185,-1.067932,,4.099405,,,2.1919,4.803989,,4.025661,,0.664786,5.196314,-0.430498,-3.070907,3.142796,4.716364,,3.22396,,2.930157,5.035308,-0.213142,-4.730059,2.334198,2.289573,,5.249193,5.531227,,5.689936,4.440875,3.659404,,,,4.910555,2.757264,1.281674,-4.191724,3.612583,3.397691,0.077412,6.275437,1.189412,4.495351,5.408141,5.419031,3.509675,3.962059,5.351344,,5.78411,4.560464,4.986231,-1.879222,,1.15274,2.958767,-1.438956,,1.515315,5.335613,3.988309,,3.148818,4.806849,5.114896,3.934347,,1.508649,3.774325,4.140113,,3.491923,3.701417,,,2.592647,,-0.875775,,,2.039735,,3.663446,,5.934586,3.518152,4.358409,4.541256,,5.83686,5.157468,,5.569757,,,1.932091,,4.090919,2.225424,2.581546,4.152295,,2.937706,,,,4.743525,5.045425,4.437247,5.435692,2.703796,5.778121,,,,,,3.168467,5.065724,5.78411,6.13189,3.622766,2.855841,,,,,4.237719,2.813908,,5.218966,4.955143,,3.082052,,2.852545,-3.725201,5.084212,,2.87148,3.05439,3.808487
VMRC-RCW,,3.433265,,5.803287,6.76936,2.26856,5.904146,,4.185692,2.83772,8.210987,,,,,,2.1425,-0.12036,2.751235,-0.558295,5.676349,,5.132033,1.346439,4.915024,,2.772962,3.710348,-1.033319,5.438748,6.965142,4.748907,2.054326,2.981521,6.760981,-5.185718,6.55694,,,-0.836206,-1.500857,3.623571,4.175442,,5.300415,,3.243269,4.742606,6.528504,,0.167378,6.633426,1.147504,0.13404,3.514988,5.635915,,,5.184392,,4.890944,4.355909,-3.453894,4.963196,3.931236,7.049142,6.492493,2.790895,4.445783,5.038763,5.298729,2.309102,2.669932,4.929951,4.598432,5.240615,3.882312,2.876641,-1.366331,1.563043,2.778431,2.23892,5.980977,,6.082413,4.505714,4.905627,4.287153,3.280925,7.183504,4.4832,7.321734,5.61206,7.163613,3.262104,3.57365,4.156033,,3.498687,,3.374816,6.476847,5.614083,5.431911,4.045127,5.928056,4.723414,4.075856,3.901097,1.548066,4.923131,3.381727,6.083186,3.310649,2.313201,2.637553,6.326633,3.633315,,,4.038375,7.188119,1.226265,4.848341,3.965298,5.654945,5.182912,5.448072,,3.604523,,4.820602,2.997002,-1.006385,6.279053,3.797801,,3.066592,7.264372,4.409,3.916284,5.750077,4.499377,4.623208,3.384333,6.363664,6.716601,4.382771,4.223918,5.003574,6.901548,6.93714,4.214096,7.114559,5.030115,,4.306264,5.275693,6.564601,4.964035,5.353696,,4.847705,4.980913,2.206308,,7.216424,,,,2.380529,7.42709,4.092674,3.98915,,6.661143,,2.837816,1.10834,6.741471,4.678918,6.315339,3.931358,4.67721
WM-115,8.489327,6.624641,5.023322,,6.376771,5.660733,8.125585,2.265466,2.36491,3.060682,7.618651,1.538541,4.5543855,3.882392,10.574322,-1.69536,-1.275281,-2.64642,-0.417063,-2.181466,0.6735,4.796355,4.226756999999999,-2.694916,4.565526,8.903899,4.030123,2.894582,-2.1133585,6.418096,5.853807,4.648305,5.613629,4.226523,5.468411,-4.433243,,-0.019446,1.059056,-1.243176,-1.522838,,4.005777,4.233286,,2.133852,5.295992,4.037799,5.020661,6.202887,3.346026,3.987628,-3.220211,-2.383924,4.295976,4.308654,-6.355522,3.2168319999999997,,2.548003,4.670545,-2.992417,-1.432597,-0.296473,-0.317846,,6.075711999999999,4.920855,6.060846,6.319981,3.151321,2.588111,2.028831,,,1.6217894999999998,2.872209,2.389159,-3.470412,2.606696,2.353501,2.594975,2.728673,2.691438,6.344036,3.417621,5.807598,3.436226,2.042536,7.054413,6.323734,6.427744,2.7705130000000002,6.185298,-1.152332,,1.616316,0.577765,3.554464,2.089206,0.86983,4.644498,1.805804,5.279392,4.218723,6.129237,4.949781,3.190368,5.61644,2.743267,1.615246,3.557497,4.856459,2.538405,2.723797,3.638637,5.210454,2.059051,1.872314,-0.523237,5.586121,5.777326,1.657605,,0.430754,3.776512,1.13563,4.818306,5.673414,4.184537,2.008926,5.011581,5.034857,-1.816763,6.731812,2.857115,4.740081,3.296734,1.544075,6.391089,1.728558,4.01274,1.8804504999999998,,1.288367,3.759879,5.197619,,6.177848,3.667323,6.162313,5.985374,2.121667,6.772274,5.737759,5.704889,5.25434,4.201409,6.926848,2.684898,3.741716,5.466245,4.3316855,4.718825,3.07565,2.670988,2.732173,5.110971,4.980929,5.727071,3.856542,6.100971,6.210005,5.142409,5.222261,0.682877,6.346276,3.534478,-2.973211,2.379371,5.145892,4.001774,2.511403,6.304559
WM-793,6.759602,3.620572,3.92233,,4.560829,3.247306,5.688788,1.770942,2.16381,1.574724,6.635337,-1.545981,5.652316,2.289943,10.318962,-4.978051,-3.159174,-3.611172,-3.002515,-3.092147,-2.909552,3.849907,3.9049095,-4.589042,3.050083,8.998062,-0.7054,-3.36537,-3.732031,5.446973,4.938531,1.89498,2.980239,2.634219,4.658596,-5.559792,,2.075323,1.463785,-4.883507,-1.674367,,2.337105,4.861911,,3.353064,4.8113,3.312916,3.716797,5.475229,1.287437,4.36959,-3.614073,-4.372155,1.195834,2.917932,-5.514689,2.0145815000000002,,2.143796,3.670643,-2.620851,,-1.638381,-0.597185,,3.6767495,1.350403,2.994721,4.327805,3.597113,2.177243,3.162586,,,2.1113204999999997,1.511913,-1.245919,-5.511984,2.868573,2.244805,-1.54899,2.69182,,4.923523,2.410851,5.113275,2.714803,2.665464,5.201002,3.808909,5.698668,2.4939995,5.949449,-3.171455,,0.838395,-1.133136,-0.60883,1.349385,1.180062,3.889557,2.168964,5.320198,1.361609,5.259261,2.307869,4.31385,4.682988,0.088852,1.687169,1.741897,3.771813,2.873995,3.896884,2.267793,5.499774,3.344617,1.713513,-1.005553,5.344551,3.985105,1.220687,,0.803304,3.910572,3.365194,2.684395,2.061929,1.92288,2.606154,6.028749,1.805941,-2.387526,5.839175,2.870218,3.740115,3.06024,1.708474,3.514721,2.202891,2.716624,2.3553835000000003,,3.53176,3.063203,3.963595,,5.532829,4.604414,5.689117,5.706821,0.850567,5.698967,3.731952,5.565388,4.937119,4.421846,4.902269,2.230385,5.746727,5.460844,2.5526,3.107151,2.481713,2.405658,2.157878,4.820985,5.525262,5.651035,3.436511,5.644236,5.186952,3.79303,5.652264,4.241618,5.292847,2.853186,-4.30934,1.260538,4.637736,1.417062,1.884382,4.096894
YAPC,9.157502,4.678856,7.525174,,7.142873,6.480829,6.232391,0.900626,5.373929,3.255034,8.621039,2.28043,5.518886,4.295934,10.257564,-0.091903,-1.418875,0.193437,0.852846,-1.618051,-1.091093,5.306653,5.259838,0.220092,5.10221,10.129067,2.470156,0.618305,1.992175,6.70292,6.963986,4.631811,5.755863,3.307758,7.092492,-3.863086,,3.382101,2.442722,-1.9300515,-0.805441,,3.950596,7.252355,,2.911484,4.394651,4.114052,6.47561,6.520853,1.406808,6.800625,0.531092,2.291321,3.905781,4.690155,-3.893322,4.156441,,6.785055,5.391134,0.608721,-5.131561,1.201529,3.389825,,5.9308005,6.309293,5.069128,7.12468,4.510262,2.302633,5.284701,,,5.8564475,2.259905,2.737332,-2.607408,4.911101,7.163961,2.0675,6.680548,1.925939,4.111769,4.4166,7.163961,4.036192,5.892976,4.200909,4.798606,7.163805,4.8427395,6.165373,-0.757978,,2.26222,2.762302,0.21074,3.464341,1.696347,6.329729,5.053863,6.040023,4.920359,5.479645,1.89546,5.47259,5.896043,1.952194,4.523972,7.163961,5.626434,4.013721,3.136467,5.291055,7.192871,5.507627,3.891728,1.09945,4.220729,6.952368,1.455195,,2.903585,5.585328,6.515679,5.201677,5.326094,5.810132,5.596308,6.76276,6.081185,0.714737,5.06105,5.344534,5.220263,5.597777,7.154817,6.307607,2.912946,4.432636,6.014726,,4.689176,7.437742,4.536266,,6.761633,3.419279,6.601861,7.506349,2.624311,6.646656,6.60905,5.893581,6.456727,6.458161,5.819328,4.590807,6.549844,7.163961,4.888799000000001,5.895594,4.261085,4.680792,5.160389,5.85627,6.390173,4.681632,4.241089,5.59502,6.104184,6.448402,6.978984,3.272793,6.82286,1.73769,-0.404273,5.491928,6.644123,4.816955,5.422584,5.624833
YH-13,7.773831,4.352338,4.655184,,5.566374,4.988342,5.036323,0.445011,3.574105,1.730079,7.047738,0.565799,3.1939875000000004,2.65714,9.710203,-5.409675,-1.640109,-4.214296,-0.691889,-6.176066,-1.135063,4.072305,4.213232,-3.731192,4.145382,9.473305,-0.340022,3.286837,-5.905902,5.808777,4.776826,2.744987,4.132575,3.325951,5.856665,-5.014655,,1.130336,-0.180725,-3.5934535000000003,-1.54639,,3.218507,4.923553,,1.717546,4.097428,3.220693,4.185129,5.063326,-0.787197,5.111218,-2.858689,-4.206282,4.252974,2.906652,-5.954932,1.5606844999999998,,2.558128,3.258794,-2.148967,-3.520184,-1.954293,2.723945,,4.399942,3.996323,5.504561,5.331267,3.247228,1.07703,0.527332,,,4.0808935,1.904041,0.091331,-4.263832,3.577521,3.382094,-2.63798,5.693909,0.753504,4.434796,3.599276,5.55758,2.948328,4.654502,5.415113,5.685565,5.481013,3.7398659999999997,4.242851,-2.752193,,0.350174,0.627395,-0.102879,0.682418,-0.40566,4.09092,3.920949,5.124297,-0.095097,4.624502,1.886861,2.479462,5.839698,1.039091,3.351713,2.602244,4.078389,1.787858,3.810511,0.472429,5.739968,1.985869,0.576531,-1.538005,5.170402,5.241507,-0.70458,,2.493687,3.154707,5.852262,2.346998,5.046857,3.603626,2.977822,5.655285,1.456163,-2.884498,4.675486,2.285576,2.176844,2.480862,2.776049,5.480515,0.166535,3.477775,2.3003555,,0.41111,3.261894,3.936024,,4.815816,2.377239,4.906491,5.687599,2.548939,6.206365,5.63641,5.745217,5.166691,4.382091,5.446055,2.979154,3.890086,5.862651,3.9812705,3.4412,1.643128,2.971496,4.741344,4.87476,5.718789,4.251344,3.221133,5.392324,4.283,4.384549,5.633026,3.979844,4.160234,2.781627,-3.855102,5.157807,5.021668,2.322648,2.900954,3.846577
YKG1,,3.757831,,4.849587,5.831753,4.352037,5.553048,,2.897873,1.874957,5.917516,,,,,,-2.784359,-4.559449,-0.565227,-3.896389,-2.78185,,3.528099,-3.215926,3.183576,,1.260659,1.854904,-4.693061,4.100874,5.831753,3.531143,2.621711,2.288347,5.804587,-4.512642,4.728373,,,-5.256041,-0.731464,1.813105,2.903025,,3.366418,,2.685075,3.498591,5.812374,,0.601624,5.831753,-0.759819,-2.598279,4.158752,3.098604,,,2.7079,,3.56527,-1.318358,3.112867,2.194793,1.966466,4.759706,3.76573,1.673827,3.533425,5.145716,4.313698,2.831824,2.516169,5.632899,2.556632,3.876369,3.000872,1.328335,-2.454678,3.717973,2.909341,-1.619448,4.115064,,2.959799,4.424129,3.450615,2.759764,2.269385,4.635848,3.88193,5.826781,3.477436,5.682736,-0.855242,3.373439,1.648918,,0.052486,,2.351417,5.192118,3.851448,0.970834,1.332845,4.434238,2.331646,3.621287,3.100035,1.307543,3.163284,3.357591,4.375055,3.367518,3.823196,1.209593,5.831115,2.42344,,,4.064893,5.798616,0.924064,4.967794,3.063947,4.173853,4.373827,4.204691,,3.652551,,4.510165,2.98842,-3.60249,5.769553,3.406954,,1.832867,,3.94206,3.582469,5.439018,3.847702,4.722148,3.723829,5.719561,4.887078,2.790759,3.493739,5.502201,5.831753,5.652411,2.759633,5.766697,4.619438,,4.266447,3.104409,5.322623,3.526126,5.727917,,2.615714,5.744365,1.641181,,5.813916,,,,2.15241,5.831753,5.057152,3.440921,,4.379935,,2.702139,-3.201586,5.138606,5.165395,2.095114,4.215963,2.878474
huH-1,8.426277,3.273987,2.002894,,5.793019,6.252376,4.711781,0.948994,2.595883,1.985744,7.873937,2.926429,6.884788,2.378651,9.764016,-2.285772,-1.482824,-1.040235,2.675951,-1.813504,-0.354105,4.361861,3.818866,-3.236506,4.258492,8.809072,-0.580683,2.175309,-2.6062655,6.186994,5.762085,3.618177,3.595402,2.807166,5.88721,-3.56312,,2.619814,2.626789,-0.9940955,0.626918,,3.879904,5.888499,,5.699332,3.182564,2.849177,4.496758,6.808937,3.585402,6.181448,-1.547225,-1.865449,2.86768,4.01965,-4.052866,4.553374,,3.507876,2.488467,-1.952901,,2.01068,2.8796,,6.051438,2.201145,2.285784,5.850668,5.235254,3.415012,3.124127,,,4.5518795,2.418996,1.142543,-0.467262,2.763626,3.041455,-1.843268,6.104674,,5.039396,4.142029,5.93784,2.521028,3.926131,2.28747,4.619701,6.314447,3.901278,5.609597,0.692302,,1.10141,-0.060384,2.586827,3.138409,1.281036,5.524053,3.919514,5.042911,2.232256,5.699705,0.072491,6.266046,5.42755,0.447555,3.687513,3.034933,4.665341,3.538432,3.657575,1.025763,4.789275,3.339869,0.633996,-0.303737,4.387014,5.045248,0.501959,,3.478922,3.268152,5.711501,2.962577,4.559872,4.945796,3.584971,5.398778,3.269263,-2.152618,4.246938,4.123083,2.152965,2.706523,4.989371,5.383054,1.875437,2.51608,3.201384,,3.383912,6.851976,3.330572,,5.749046,3.432963,6.039269,5.825336,2.263753,5.920856,3.197429,4.679406,1.357532,2.19792,5.146827,2.530677,6.000397,6.314447,4.3738185000000005,5.770212,3.836576,3.434066,4.005987,5.426588,5.222959,6.249129,3.48483,5.470319,6.216686,5.569971,6.308492,4.264752,6.443237,1.338633,0.051543,5.072099,6.111704,5.27451,2.958342,4.6441
